h_m_s,XIU
2019-04-04 09:30:00,
2019-04-04 09:30:01,
2019-04-04 09:30:02,
2019-04-04 09:30:03,
2019-04-04 09:30:04,-0.00012613567367682904
2019-04-04 09:30:05,-0.0001589225589226466
2019-04-04 09:30:06,-0.008668181818179951
2019-04-04 09:30:07,-0.008211038961037326
2019-04-04 09:30:08,-0.006392857142855868
2019-04-04 09:30:09,0.0049404761904752095
2019-04-04 09:30:10,0.0049404761904752095
2019-04-04 09:30:11,0.00419047619047536
2019-04-04 09:30:12,0.0033333333333326713
2019-04-04 09:30:13,0.0013333333333330685
2019-04-04 09:30:14,3.469446951953614e-18
2019-04-04 09:30:15,3.469446951953614e-18
2019-04-04 09:30:16,3.469446951953614e-18
2019-04-04 09:30:17,3.469446951953614e-18
2019-04-04 09:30:18,3.469446951953614e-18
2019-04-04 09:30:19,3.469446951953614e-18
2019-04-04 09:30:20,3.469446951953614e-18
2019-04-04 09:30:21,3.469446951953614e-18
2019-04-04 09:30:22,3.469446951953614e-18
2019-04-04 09:30:23,3.469446951953614e-18
2019-04-04 09:30:24,3.469446951953614e-18
2019-04-04 09:30:25,3.469446951953614e-18
2019-04-04 09:30:26,3.469446951953614e-18
2019-04-04 09:30:27,3.469446951953614e-18
2019-04-04 09:30:28,3.469446951953614e-18
2019-04-04 09:30:29,3.469446951953614e-18
2019-04-04 09:30:30,3.469446951953614e-18
2019-04-04 09:30:31,3.469446951953614e-18
2019-04-04 09:30:32,3.469446951953614e-18
2019-04-04 09:30:33,3.469446951953614e-18
2019-04-04 09:30:34,3.469446951953614e-18
2019-04-04 09:30:35,3.469446951953614e-18
2019-04-04 09:30:36,3.469446951953614e-18
2019-04-04 09:30:37,3.469446951953614e-18
2019-04-04 09:30:38,0.0016470588235290885
2019-04-04 09:30:39,0.0034470588235287272
2019-04-04 09:30:40,0.0034470588235287272
2019-04-04 09:30:41,0.0034470588235287272
2019-04-04 09:30:42,0.0034470588235287272
2019-04-04 09:30:43,0.0017999999999996422
2019-04-04 09:30:44,3.469446951953614e-18
2019-04-04 09:30:45,-0.007999999999998404
2019-04-04 09:30:46,-0.005999999999998805
2019-04-04 09:30:47,-0.003999999999999202
2019-04-04 09:30:48,-0.0019999999999995993
2019-04-04 09:30:49,3.469446951953614e-18
2019-04-04 09:30:50,3.469446951953614e-18
2019-04-04 09:30:51,3.469446951953614e-18
2019-04-04 09:30:52,3.469446951953614e-18
2019-04-04 09:30:53,3.469446951953614e-18
2019-04-04 09:30:54,3.469446951953614e-18
2019-04-04 09:30:55,3.469446951953614e-18
2019-04-04 09:30:56,3.469446951953614e-18
2019-04-04 09:30:57,3.469446951953614e-18
2019-04-04 09:30:58,3.469446951953614e-18
2019-04-04 09:30:59,3.469446951953614e-18
2019-04-04 09:31:00,3.469446951953614e-18
2019-04-04 09:31:01,3.469446951953614e-18
2019-04-04 09:31:02,3.469446951953614e-18
2019-04-04 09:31:03,3.469446951953614e-18
2019-04-04 09:31:04,3.469446951953614e-18
2019-04-04 09:31:05,3.469446951953614e-18
2019-04-04 09:31:06,0.009428571428569555
2019-04-04 09:31:07,-0.001638095238094911
2019-04-04 09:31:08,-0.001638095238094911
2019-04-04 09:31:09,-0.001638095238094911
2019-04-04 09:31:10,-0.001638095238094911
2019-04-04 09:31:11,-0.0010666666666664538
2019-04-04 09:31:12,0.007999999999998408
2019-04-04 09:31:13,0.005999999999998807
2019-04-04 09:31:14,0.003999999999999206
2019-04-04 09:31:15,0.001999999999999603
2019-04-04 09:31:16,0.0
2019-04-04 09:31:17,0.0
2019-04-04 09:31:18,0.0
2019-04-04 09:31:19,0.0
2019-04-04 09:31:20,0.0
2019-04-04 09:31:21,0.0
2019-04-04 09:31:22,0.0
2019-04-04 09:31:23,0.0
2019-04-04 09:31:24,0.0
2019-04-04 09:31:25,-0.008117647058824798
2019-04-04 09:31:26,-0.006117647058824484
2019-04-04 09:31:27,-0.004117647058824173
2019-04-04 09:31:28,-0.0021176470588238593
2019-04-04 09:31:29,-0.00011764705882354697
2019-04-04 09:31:30,0.0
2019-04-04 09:31:31,0.0
2019-04-04 09:31:32,0.0
2019-04-04 09:31:33,0.0
2019-04-04 09:31:34,0.0
2019-04-04 09:31:35,0.0
2019-04-04 09:31:36,0.0
2019-04-04 09:31:37,0.0
2019-04-04 09:31:38,0.0
2019-04-04 09:31:39,0.0
2019-04-04 09:31:40,0.0
2019-04-04 09:31:41,0.0
2019-04-04 09:31:42,0.0
2019-04-04 09:31:43,0.0
2019-04-04 09:31:44,0.0
2019-04-04 09:31:45,0.0
2019-04-04 09:31:46,0.0
2019-04-04 09:31:47,0.0
2019-04-04 09:31:48,0.0
2019-04-04 09:31:49,0.0
2019-04-04 09:31:50,0.0
2019-04-04 09:31:51,0.0
2019-04-04 09:31:52,0.0
2019-04-04 09:31:53,0.0
2019-04-04 09:31:54,0.0
2019-04-04 09:31:55,0.0
2019-04-04 09:31:56,0.0
2019-04-04 09:31:57,0.0
2019-04-04 09:31:58,0.0
2019-04-04 09:31:59,0.0
2019-04-04 09:32:00,0.0
2019-04-04 09:32:01,0.0
2019-04-04 09:32:02,0.0
2019-04-04 09:32:03,0.0
2019-04-04 09:32:04,0.0
2019-04-04 09:32:05,0.0
2019-04-04 09:32:06,0.0
2019-04-04 09:32:07,0.0
2019-04-04 09:32:08,0.0
2019-04-04 09:32:09,0.0
2019-04-04 09:32:10,0.0
2019-04-04 09:32:11,0.0
2019-04-04 09:32:12,0.0
2019-04-04 09:32:13,0.0
2019-04-04 09:32:14,0.0
2019-04-04 09:32:15,0.0
2019-04-04 09:32:16,0.0
2019-04-04 09:32:17,0.0
2019-04-04 09:32:18,0.0
2019-04-04 09:32:19,0.0
2019-04-04 09:32:20,0.0
2019-04-04 09:32:21,0.0
2019-04-04 09:32:22,0.0
2019-04-04 09:32:23,0.0
2019-04-04 09:32:24,0.0
2019-04-04 09:32:25,0.0
2019-04-04 09:32:26,0.0
2019-04-04 09:32:27,0.0
2019-04-04 09:32:28,0.0
2019-04-04 09:32:29,0.0
2019-04-04 09:32:30,0.0
2019-04-04 09:32:31,0.0
2019-04-04 09:32:32,0.0
2019-04-04 09:32:33,0.0
2019-04-04 09:32:34,0.0
2019-04-04 09:32:35,0.0
2019-04-04 09:32:36,0.0
2019-04-04 09:32:37,0.0
2019-04-04 09:32:38,0.0
2019-04-04 09:32:39,0.0
2019-04-04 09:32:40,0.0
2019-04-04 09:32:41,0.0
2019-04-04 09:32:42,0.0
2019-04-04 09:32:43,0.0
2019-04-04 09:32:44,0.0
2019-04-04 09:32:45,0.0
2019-04-04 09:32:46,0.0
2019-04-04 09:32:47,0.0
2019-04-04 09:32:48,0.0
2019-04-04 09:32:49,0.0
2019-04-04 09:32:50,0.0
2019-04-04 09:32:51,0.0
2019-04-04 09:32:52,0.0
2019-04-04 09:32:53,0.0
2019-04-04 09:32:54,0.0
2019-04-04 09:32:55,0.0
2019-04-04 09:32:56,0.0
2019-04-04 09:32:57,0.0
2019-04-04 09:32:58,0.0
2019-04-04 09:32:59,0.0
2019-04-04 09:33:00,0.0
2019-04-04 09:33:01,0.0
2019-04-04 09:33:02,0.0
2019-04-04 09:33:03,0.0
2019-04-04 09:33:04,0.0
2019-04-04 09:33:05,0.0
2019-04-04 09:33:06,0.0
2019-04-04 09:33:07,0.0
2019-04-04 09:33:08,0.0
2019-04-04 09:33:09,0.0
2019-04-04 09:33:10,0.0
2019-04-04 09:33:11,0.0
2019-04-04 09:33:12,0.0
2019-04-04 09:33:13,0.0
2019-04-04 09:33:14,0.0
2019-04-04 09:33:15,0.0
2019-04-04 09:33:16,0.0
2019-04-04 09:33:17,0.0
2019-04-04 09:33:18,0.0
2019-04-04 09:33:19,0.0
2019-04-04 09:33:20,0.0
2019-04-04 09:33:21,0.0
2019-04-04 09:33:22,0.0
2019-04-04 09:33:23,0.0
2019-04-04 09:33:24,0.0
2019-04-04 09:33:25,0.0
2019-04-04 09:33:26,0.0
2019-04-04 09:33:27,0.0
2019-04-04 09:33:28,0.0
2019-04-04 09:33:29,0.0
2019-04-04 09:33:30,0.0
2019-04-04 09:33:31,0.0
2019-04-04 09:33:32,0.0
2019-04-04 09:33:33,0.0
2019-04-04 09:33:34,0.0
2019-04-04 09:33:35,0.0
2019-04-04 09:33:36,0.0
2019-04-04 09:33:37,0.0
2019-04-04 09:33:38,0.0
2019-04-04 09:33:39,0.0
2019-04-04 09:33:40,0.0
2019-04-04 09:33:41,0.0
2019-04-04 09:33:42,0.0
2019-04-04 09:33:43,0.0
2019-04-04 09:33:44,0.0
2019-04-04 09:33:45,0.0
2019-04-04 09:33:46,0.0
2019-04-04 09:33:47,0.0
2019-04-04 09:33:48,0.0
2019-04-04 09:33:49,0.0
2019-04-04 09:33:50,0.0
2019-04-04 09:33:51,0.0
2019-04-04 09:33:52,0.0
2019-04-04 09:33:53,0.0
2019-04-04 09:33:54,0.0
2019-04-04 09:33:55,0.0
2019-04-04 09:33:56,0.0
2019-04-04 09:33:57,0.0
2019-04-04 09:33:58,0.0
2019-04-04 09:33:59,0.0
2019-04-04 09:34:00,0.0
2019-04-04 09:34:01,0.0
2019-04-04 09:34:02,0.0
2019-04-04 09:34:03,0.0
2019-04-04 09:34:04,0.0
2019-04-04 09:34:05,0.0
2019-04-04 09:34:06,0.0
2019-04-04 09:34:07,0.0
2019-04-04 09:34:08,0.0
2019-04-04 09:34:09,0.0
2019-04-04 09:34:10,0.0
2019-04-04 09:34:11,0.0
2019-04-04 09:34:12,0.0
2019-04-04 09:34:13,0.0
2019-04-04 09:34:14,0.0
2019-04-04 09:34:15,-0.00015384615384311795
2019-04-04 09:34:16,-0.0001538461538438292
2019-04-04 09:34:17,-0.0001538461538445387
2019-04-04 09:34:18,-0.00015384615384524992
2019-04-04 09:34:19,-0.00015384615384595943
2019-04-04 09:34:20,0.0
2019-04-04 09:34:21,0.0
2019-04-04 09:34:22,0.0
2019-04-04 09:34:23,0.0
2019-04-04 09:34:24,0.0
2019-04-04 09:34:25,0.0
2019-04-04 09:34:26,0.0
2019-04-04 09:34:27,0.0
2019-04-04 09:34:28,0.0
2019-04-04 09:34:29,0.0
2019-04-04 09:34:30,0.0
2019-04-04 09:34:31,0.0
2019-04-04 09:34:32,0.0
2019-04-04 09:34:33,0.0
2019-04-04 09:34:34,0.0
2019-04-04 09:34:35,0.0
2019-04-04 09:34:36,0.0
2019-04-04 09:34:37,0.0
2019-04-04 09:34:38,0.0
2019-04-04 09:34:39,0.0
2019-04-04 09:34:40,0.0
2019-04-04 09:34:41,0.0
2019-04-04 09:34:42,0.0
2019-04-04 09:34:43,0.0
2019-04-04 09:34:44,0.0
2019-04-04 09:34:45,0.0
2019-04-04 09:34:46,0.0
2019-04-04 09:34:47,0.0
2019-04-04 09:34:48,0.0
2019-04-04 09:34:49,0.0
2019-04-04 09:34:50,0.0
2019-04-04 09:34:51,0.0
2019-04-04 09:34:52,0.0
2019-04-04 09:34:53,0.0
2019-04-04 09:34:54,0.0
2019-04-04 09:34:55,0.0
2019-04-04 09:34:56,0.0
2019-04-04 09:34:57,0.0
2019-04-04 09:34:58,0.0
2019-04-04 09:34:59,0.0
2019-04-04 09:35:00,0.0
2019-04-04 09:35:01,0.0
2019-04-04 09:35:02,0.0
2019-04-04 09:35:03,0.0
2019-04-04 09:35:04,0.0
2019-04-04 09:35:05,0.0
2019-04-04 09:35:06,0.0
2019-04-04 09:35:07,0.0
2019-04-04 09:35:08,0.0
2019-04-04 09:35:09,0.0
2019-04-04 09:35:10,0.0
2019-04-04 09:35:11,0.0
2019-04-04 09:35:12,0.0
2019-04-04 09:35:13,0.0
2019-04-04 09:35:14,0.0
2019-04-04 09:35:15,0.0
2019-04-04 09:35:16,0.0
2019-04-04 09:35:17,0.0
2019-04-04 09:35:18,0.0
2019-04-04 09:35:19,0.0
2019-04-04 09:35:20,0.0
2019-04-04 09:35:21,0.0
2019-04-04 09:35:22,0.0
2019-04-04 09:35:23,0.0
2019-04-04 09:35:24,0.0
2019-04-04 09:35:25,0.0
2019-04-04 09:35:26,0.0
2019-04-04 09:35:27,0.0
2019-04-04 09:35:28,0.0
2019-04-04 09:35:29,0.0
2019-04-04 09:35:30,0.0
2019-04-04 09:35:31,0.0
2019-04-04 09:35:32,0.0
2019-04-04 09:35:33,0.0
2019-04-04 09:35:34,0.0
2019-04-04 09:35:35,0.0
2019-04-04 09:35:36,0.0
2019-04-04 09:35:37,0.0
2019-04-04 09:35:38,0.0
2019-04-04 09:35:39,0.0
2019-04-04 09:35:40,0.0
2019-04-04 09:35:41,0.0
2019-04-04 09:35:42,0.0
2019-04-04 09:35:43,0.0
2019-04-04 09:35:44,0.0
2019-04-04 09:35:45,0.0
2019-04-04 09:35:46,0.0
2019-04-04 09:35:47,0.0
2019-04-04 09:35:48,0.0
2019-04-04 09:35:49,0.0
2019-04-04 09:35:50,0.0
2019-04-04 09:35:51,0.0
2019-04-04 09:35:52,0.0
2019-04-04 09:35:53,0.0
2019-04-04 09:35:54,0.0
2019-04-04 09:35:55,0.0
2019-04-04 09:35:56,0.0
2019-04-04 09:35:57,0.0
2019-04-04 09:35:58,0.0
2019-04-04 09:35:59,0.0
2019-04-04 09:36:00,0.0
2019-04-04 09:36:01,0.0
2019-04-04 09:36:02,0.0
2019-04-04 09:36:03,0.0
2019-04-04 09:36:04,0.0
2019-04-04 09:36:05,0.0
2019-04-04 09:36:06,0.0
2019-04-04 09:36:07,0.0
2019-04-04 09:36:08,0.0
2019-04-04 09:36:09,0.0
2019-04-04 09:36:10,0.0
2019-04-04 09:36:11,0.0
2019-04-04 09:36:12,0.0
2019-04-04 09:36:13,0.0
2019-04-04 09:36:14,0.0
2019-04-04 09:36:15,0.0
2019-04-04 09:36:16,0.0
2019-04-04 09:36:17,0.0
2019-04-04 09:36:18,0.0
2019-04-04 09:36:19,0.0
2019-04-04 09:36:20,0.0
2019-04-04 09:36:21,0.0
2019-04-04 09:36:22,0.0
2019-04-04 09:36:23,0.0
2019-04-04 09:36:24,0.0
2019-04-04 09:36:25,0.0
2019-04-04 09:36:26,0.0
2019-04-04 09:36:27,0.0
2019-04-04 09:36:28,0.0
2019-04-04 09:36:29,0.0
2019-04-04 09:36:30,0.0
2019-04-04 09:36:31,0.0
2019-04-04 09:36:32,0.0
2019-04-04 09:36:33,0.0
2019-04-04 09:36:34,0.0
2019-04-04 09:36:35,0.0
2019-04-04 09:36:36,0.0
2019-04-04 09:36:37,0.0
2019-04-04 09:36:38,0.0
2019-04-04 09:36:39,0.0
2019-04-04 09:36:40,0.0
2019-04-04 09:36:41,0.0
2019-04-04 09:36:42,0.0
2019-04-04 09:36:43,0.0
2019-04-04 09:36:44,0.0
2019-04-04 09:36:45,0.0
2019-04-04 09:36:46,0.0
2019-04-04 09:36:47,0.0
2019-04-04 09:36:48,0.0
2019-04-04 09:36:49,0.0
2019-04-04 09:36:50,0.0
2019-04-04 09:36:51,0.0
2019-04-04 09:36:52,0.0
2019-04-04 09:36:53,0.0
2019-04-04 09:36:54,0.0
2019-04-04 09:36:55,0.0
2019-04-04 09:36:56,0.0
2019-04-04 09:36:57,0.0
2019-04-04 09:36:58,0.0
2019-04-04 09:36:59,0.0
2019-04-04 09:37:00,0.0
2019-04-04 09:37:01,0.0
2019-04-04 09:37:02,0.0
2019-04-04 09:37:03,0.0
2019-04-04 09:37:04,0.0
2019-04-04 09:37:05,0.0
2019-04-04 09:37:06,0.0
2019-04-04 09:37:07,0.0
2019-04-04 09:37:08,0.0
2019-04-04 09:37:09,0.0
2019-04-04 09:37:10,0.0
2019-04-04 09:37:11,0.0
2019-04-04 09:37:12,0.0
2019-04-04 09:37:13,0.0
2019-04-04 09:37:14,0.0
2019-04-04 09:37:15,0.0
2019-04-04 09:37:16,0.0
2019-04-04 09:37:17,0.0
2019-04-04 09:37:18,0.0
2019-04-04 09:37:19,0.0
2019-04-04 09:37:20,0.0
2019-04-04 09:37:21,0.0
2019-04-04 09:37:22,0.0
2019-04-04 09:37:23,0.0
2019-04-04 09:37:24,0.0
2019-04-04 09:37:25,0.0
2019-04-04 09:37:26,0.0
2019-04-04 09:37:27,0.0
2019-04-04 09:37:28,0.0
2019-04-04 09:37:29,0.0
2019-04-04 09:37:30,0.0
2019-04-04 09:37:31,0.0
2019-04-04 09:37:32,0.0
2019-04-04 09:37:33,0.0
2019-04-04 09:37:34,0.0
2019-04-04 09:37:35,0.0
2019-04-04 09:37:36,0.0
2019-04-04 09:37:37,0.0
2019-04-04 09:37:38,0.0
2019-04-04 09:37:39,0.0
2019-04-04 09:37:40,0.0
2019-04-04 09:37:41,0.0
2019-04-04 09:37:42,0.0
2019-04-04 09:37:43,0.0
2019-04-04 09:37:44,0.0
2019-04-04 09:37:45,0.0
2019-04-04 09:37:46,0.0
2019-04-04 09:37:47,0.0
2019-04-04 09:37:48,0.0
2019-04-04 09:37:49,0.0
2019-04-04 09:37:50,0.0
2019-04-04 09:37:51,0.0
2019-04-04 09:37:52,0.0
2019-04-04 09:37:53,0.0
2019-04-04 09:37:54,0.0
2019-04-04 09:37:55,0.0
2019-04-04 09:37:56,-0.00016000000000292516
2019-04-04 09:37:57,-0.00016000000000221393
2019-04-04 09:37:58,-0.0001600000000015027
2019-04-04 09:37:59,-0.0001600000000007932
2019-04-04 09:38:00,-0.00016000000000008195
2019-04-04 09:38:01,0.0
2019-04-04 09:38:02,0.0
2019-04-04 09:38:03,0.0
2019-04-04 09:38:04,0.0
2019-04-04 09:38:05,0.0
2019-04-04 09:38:06,0.0
2019-04-04 09:38:07,0.0
2019-04-04 09:38:08,0.0
2019-04-04 09:38:09,0.0
2019-04-04 09:38:10,0.0
2019-04-04 09:38:11,0.0
2019-04-04 09:38:12,0.0
2019-04-04 09:38:13,0.0
2019-04-04 09:38:14,0.0
2019-04-04 09:38:15,0.0
2019-04-04 09:38:16,0.0
2019-04-04 09:38:17,0.0
2019-04-04 09:38:18,0.0
2019-04-04 09:38:19,0.0
2019-04-04 09:38:20,0.0
2019-04-04 09:38:21,0.0
2019-04-04 09:38:22,0.0
2019-04-04 09:38:23,0.0
2019-04-04 09:38:24,0.0
2019-04-04 09:38:25,0.0
2019-04-04 09:38:26,0.0
2019-04-04 09:38:27,0.0
2019-04-04 09:38:28,0.0
2019-04-04 09:38:29,0.0
2019-04-04 09:38:30,0.0
2019-04-04 09:38:31,-0.00010169491525124225
2019-04-04 09:38:32,-0.00019058380414385505
2019-04-04 09:38:33,-0.00019058380414385505
2019-04-04 09:38:34,-0.00019058380414385505
2019-04-04 09:38:35,-0.00019058380414385505
2019-04-04 09:38:36,-8.888888888906009e-05
2019-04-04 09:38:37,0.0
2019-04-04 09:38:38,0.0
2019-04-04 09:38:39,0.0
2019-04-04 09:38:40,0.0
2019-04-04 09:38:41,0.0
2019-04-04 09:38:42,0.0
2019-04-04 09:38:43,0.0
2019-04-04 09:38:44,0.0
2019-04-04 09:38:45,0.0
2019-04-04 09:38:46,0.0
2019-04-04 09:38:47,0.0
2019-04-04 09:38:48,0.0
2019-04-04 09:38:49,0.0
2019-04-04 09:38:50,0.0
2019-04-04 09:38:51,0.0
2019-04-04 09:38:52,0.0
2019-04-04 09:38:53,0.0
2019-04-04 09:38:54,0.0
2019-04-04 09:38:55,0.0
2019-04-04 09:38:56,-0.00019047619047324327
2019-04-04 09:38:57,-0.0001904761904739545
2019-04-04 09:38:58,-0.0004010025062670501
2019-04-04 09:38:59,-0.0004010025062670501
2019-04-04 09:39:00,-0.0004010025062670501
2019-04-04 09:39:01,-0.0003705263157871806
2019-04-04 09:39:02,-0.0003705263157871806
2019-04-04 09:39:03,-0.00015999999999834723
2019-04-04 09:39:04,-0.00015999999999905846
2019-04-04 09:39:05,-0.00015999999999976797
2019-04-04 09:39:06,0.0
2019-04-04 09:39:07,0.0
2019-04-04 09:39:08,0.0
2019-04-04 09:39:09,0.0
2019-04-04 09:39:10,0.0
2019-04-04 09:39:11,0.0
2019-04-04 09:39:12,0.0
2019-04-04 09:39:13,0.0
2019-04-04 09:39:14,0.0
2019-04-04 09:39:15,0.0
2019-04-04 09:39:16,0.0
2019-04-04 09:39:17,0.0
2019-04-04 09:39:18,0.0
2019-04-04 09:39:19,0.0
2019-04-04 09:39:20,0.0
2019-04-04 09:39:21,0.0
2019-04-04 09:39:22,0.0
2019-04-04 09:39:23,0.0
2019-04-04 09:39:24,0.0
2019-04-04 09:39:25,0.0
2019-04-04 09:39:26,0.0
2019-04-04 09:39:27,0.0
2019-04-04 09:39:28,0.0
2019-04-04 09:39:29,0.0
2019-04-04 09:39:30,0.0
2019-04-04 09:39:31,0.0
2019-04-04 09:39:32,0.0
2019-04-04 09:39:33,0.0
2019-04-04 09:39:34,0.0
2019-04-04 09:39:35,0.0
2019-04-04 09:39:36,0.0
2019-04-04 09:39:37,0.0
2019-04-04 09:39:38,0.0
2019-04-04 09:39:39,0.0
2019-04-04 09:39:40,0.0
2019-04-04 09:39:41,0.0
2019-04-04 09:39:42,0.0
2019-04-04 09:39:43,0.0
2019-04-04 09:39:44,0.0
2019-04-04 09:39:45,0.0
2019-04-04 09:39:46,0.0
2019-04-04 09:39:47,0.0
2019-04-04 09:39:48,0.0
2019-04-04 09:39:49,0.0
2019-04-04 09:39:50,0.0
2019-04-04 09:39:51,0.0
2019-04-04 09:39:52,0.0
2019-04-04 09:39:53,0.0
2019-04-04 09:39:54,0.0
2019-04-04 09:39:55,0.0
2019-04-04 09:39:56,0.0
2019-04-04 09:39:57,0.0
2019-04-04 09:39:58,0.0
2019-04-04 09:39:59,0.0
2019-04-04 09:40:00,0.0
2019-04-04 09:40:01,0.0
2019-04-04 09:40:02,0.0
2019-04-04 09:40:03,0.0
2019-04-04 09:40:04,0.0
2019-04-04 09:40:05,0.0
2019-04-04 09:40:06,0.0
2019-04-04 09:40:07,0.0
2019-04-04 09:40:08,0.0
2019-04-04 09:40:09,0.0
2019-04-04 09:40:10,0.0
2019-04-04 09:40:11,0.0
2019-04-04 09:40:12,0.0
2019-04-04 09:40:13,0.0
2019-04-04 09:40:14,0.0
2019-04-04 09:40:15,0.0
2019-04-04 09:40:16,0.0
2019-04-04 09:40:17,0.0
2019-04-04 09:40:18,0.0
2019-04-04 09:40:19,0.0
2019-04-04 09:40:20,0.0
2019-04-04 09:40:21,0.0
2019-04-04 09:40:22,0.0
2019-04-04 09:40:23,0.0
2019-04-04 09:40:24,0.0
2019-04-04 09:40:25,0.0
2019-04-04 09:40:26,0.0
2019-04-04 09:40:27,0.0
2019-04-04 09:40:28,0.0
2019-04-04 09:40:29,0.0
2019-04-04 09:40:30,0.0
2019-04-04 09:40:31,0.0
2019-04-04 09:40:32,0.0
2019-04-04 09:40:33,0.0
2019-04-04 09:40:34,0.0
2019-04-04 09:40:35,0.0
2019-04-04 09:40:36,0.0
2019-04-04 09:40:37,0.0
2019-04-04 09:40:38,0.0
2019-04-04 09:40:39,0.0
2019-04-04 09:40:40,0.0
2019-04-04 09:40:41,0.0
2019-04-04 09:40:42,0.0
2019-04-04 09:40:43,0.0
2019-04-04 09:40:44,0.0
2019-04-04 09:40:45,0.0
2019-04-04 09:40:46,0.0
2019-04-04 09:40:47,0.0
2019-04-04 09:40:48,0.0
2019-04-04 09:40:49,0.0
2019-04-04 09:40:50,0.0
2019-04-04 09:40:51,0.0
2019-04-04 09:40:52,0.0
2019-04-04 09:40:53,0.0
2019-04-04 09:40:54,0.0
2019-04-04 09:40:55,0.0
2019-04-04 09:40:56,0.0
2019-04-04 09:40:57,0.0
2019-04-04 09:40:58,0.0
2019-04-04 09:40:59,0.0
2019-04-04 09:41:00,0.0
2019-04-04 09:41:01,0.0
2019-04-04 09:41:02,0.0
2019-04-04 09:41:03,0.0
2019-04-04 09:41:04,0.0
2019-04-04 09:41:05,0.0
2019-04-04 09:41:06,0.0
2019-04-04 09:41:07,0.0
2019-04-04 09:41:08,0.0
2019-04-04 09:41:09,0.0
2019-04-04 09:41:10,0.0
2019-04-04 09:41:11,0.0
2019-04-04 09:41:12,0.0
2019-04-04 09:41:13,0.0
2019-04-04 09:41:14,0.0
2019-04-04 09:41:15,0.0
2019-04-04 09:41:16,0.0
2019-04-04 09:41:17,0.0
2019-04-04 09:41:18,0.0
2019-04-04 09:41:19,0.0
2019-04-04 09:41:20,0.0
2019-04-04 09:41:21,0.0
2019-04-04 09:41:22,0.0
2019-04-04 09:41:23,0.0
2019-04-04 09:41:24,0.0
2019-04-04 09:41:25,0.0
2019-04-04 09:41:26,0.0
2019-04-04 09:41:27,0.0
2019-04-04 09:41:28,0.0
2019-04-04 09:41:29,0.0
2019-04-04 09:41:30,0.0
2019-04-04 09:41:31,0.0
2019-04-04 09:41:32,0.0
2019-04-04 09:41:33,0.0
2019-04-04 09:41:34,0.0
2019-04-04 09:41:35,0.0
2019-04-04 09:41:36,0.0
2019-04-04 09:41:37,0.0
2019-04-04 09:41:38,0.0
2019-04-04 09:41:39,0.0
2019-04-04 09:41:40,0.0
2019-04-04 09:41:41,0.0
2019-04-04 09:41:42,0.0
2019-04-04 09:41:43,0.0
2019-04-04 09:41:44,0.0
2019-04-04 09:41:45,0.0
2019-04-04 09:41:46,0.0
2019-04-04 09:41:47,0.0
2019-04-04 09:41:48,0.0
2019-04-04 09:41:49,0.0
2019-04-04 09:41:50,0.0
2019-04-04 09:41:51,0.0
2019-04-04 09:41:52,0.0
2019-04-04 09:41:53,0.0
2019-04-04 09:41:54,0.0
2019-04-04 09:41:55,0.0
2019-04-04 09:41:56,0.0
2019-04-04 09:41:57,0.0
2019-04-04 09:41:58,0.0
2019-04-04 09:41:59,0.0
2019-04-04 09:42:00,0.0
2019-04-04 09:42:01,0.0
2019-04-04 09:42:02,0.0
2019-04-04 09:42:03,0.0
2019-04-04 09:42:04,0.0
2019-04-04 09:42:05,0.0
2019-04-04 09:42:06,0.0
2019-04-04 09:42:07,0.0
2019-04-04 09:42:08,0.0
2019-04-04 09:42:09,0.0
2019-04-04 09:42:10,0.0
2019-04-04 09:42:11,0.0
2019-04-04 09:42:12,0.0
2019-04-04 09:42:13,0.0
2019-04-04 09:42:14,0.0
2019-04-04 09:42:15,0.0
2019-04-04 09:42:16,0.0
2019-04-04 09:42:17,0.0
2019-04-04 09:42:18,0.0
2019-04-04 09:42:19,0.0
2019-04-04 09:42:20,0.0
2019-04-04 09:42:21,0.0
2019-04-04 09:42:22,0.0
2019-04-04 09:42:23,0.0
2019-04-04 09:42:24,0.0
2019-04-04 09:42:25,0.0
2019-04-04 09:42:26,0.0
2019-04-04 09:42:27,0.0
2019-04-04 09:42:28,0.0
2019-04-04 09:42:29,0.0
2019-04-04 09:42:30,0.0
2019-04-04 09:42:31,0.0
2019-04-04 09:42:32,0.0
2019-04-04 09:42:33,0.0
2019-04-04 09:42:34,0.0
2019-04-04 09:42:35,0.0
2019-04-04 09:42:36,0.0
2019-04-04 09:42:37,0.0
2019-04-04 09:42:38,0.0
2019-04-04 09:42:39,0.0
2019-04-04 09:42:40,0.0
2019-04-04 09:42:41,0.0
2019-04-04 09:42:42,0.0
2019-04-04 09:42:43,0.0
2019-04-04 09:42:44,0.0
2019-04-04 09:42:45,0.0
2019-04-04 09:42:46,0.0
2019-04-04 09:42:47,0.0
2019-04-04 09:42:48,0.0
2019-04-04 09:42:49,0.0
2019-04-04 09:42:50,0.0
2019-04-04 09:42:51,0.0
2019-04-04 09:42:52,0.0
2019-04-04 09:42:53,0.0
2019-04-04 09:42:54,0.0
2019-04-04 09:42:55,0.0
2019-04-04 09:42:56,0.0
2019-04-04 09:42:57,0.0
2019-04-04 09:42:58,0.0
2019-04-04 09:42:59,0.0
2019-04-04 09:43:00,0.0
2019-04-04 09:43:01,0.0
2019-04-04 09:43:02,0.0
2019-04-04 09:43:03,0.0
2019-04-04 09:43:04,0.0
2019-04-04 09:43:05,0.0
2019-04-04 09:43:06,0.0
2019-04-04 09:43:07,0.0
2019-04-04 09:43:08,0.0
2019-04-04 09:43:09,0.0
2019-04-04 09:43:10,0.0
2019-04-04 09:43:11,0.0
2019-04-04 09:43:12,0.0
2019-04-04 09:43:13,0.0
2019-04-04 09:43:14,0.0
2019-04-04 09:43:15,0.0
2019-04-04 09:43:16,0.0
2019-04-04 09:43:17,0.0
2019-04-04 09:43:18,0.0
2019-04-04 09:43:19,0.0
2019-04-04 09:43:20,0.0
2019-04-04 09:43:21,0.0
2019-04-04 09:43:22,0.0
2019-04-04 09:43:23,0.0
2019-04-04 09:43:24,0.0
2019-04-04 09:43:25,0.0
2019-04-04 09:43:26,0.0
2019-04-04 09:43:27,0.0
2019-04-04 09:43:28,0.0
2019-04-04 09:43:29,0.0
2019-04-04 09:43:30,0.0
2019-04-04 09:43:31,0.0
2019-04-04 09:43:32,0.0
2019-04-04 09:43:33,0.0
2019-04-04 09:43:34,0.0
2019-04-04 09:43:35,0.0
2019-04-04 09:43:36,0.0
2019-04-04 09:43:37,-0.00016666666666992867
2019-04-04 09:43:38,-0.00016666666666921917
2019-04-04 09:43:39,-0.00016666666666850793
2019-04-04 09:43:40,-0.0001666666666677967
2019-04-04 09:43:41,-0.0001666666666670872
2019-04-04 09:43:42,0.0
2019-04-04 09:43:43,0.0
2019-04-04 09:43:44,0.0
2019-04-04 09:43:45,0.0
2019-04-04 09:43:46,0.0
2019-04-04 09:43:47,0.0
2019-04-04 09:43:48,-0.00010526315789166803
2019-04-04 09:43:49,-0.00010526315789237753
2019-04-04 09:43:50,-0.00010526315789308877
2019-04-04 09:43:51,-0.0001052631578938
2019-04-04 09:43:52,-0.0001052631578945095
2019-04-04 09:43:53,0.0
2019-04-04 09:43:54,0.0
2019-04-04 09:43:55,0.0
2019-04-04 09:43:56,0.0
2019-04-04 09:43:57,0.0
2019-04-04 09:43:58,0.0
2019-04-04 09:43:59,0.0
2019-04-04 09:44:00,0.0
2019-04-04 09:44:01,0.0
2019-04-04 09:44:02,0.0
2019-04-04 09:44:03,0.0
2019-04-04 09:44:04,0.0
2019-04-04 09:44:05,0.0
2019-04-04 09:44:06,0.0
2019-04-04 09:44:07,0.0
2019-04-04 09:44:08,-0.0002666666666696453
2019-04-04 09:44:09,-0.0002666666666689358
2019-04-04 09:44:10,-0.00026666666666822457
2019-04-04 09:44:11,-0.00026666666666751507
2019-04-04 09:44:12,-0.00026666666666680383
2019-04-04 09:44:13,0.0
2019-04-04 09:44:14,0.0
2019-04-04 09:44:15,0.0
2019-04-04 09:44:16,0.0
2019-04-04 09:44:17,0.0
2019-04-04 09:44:18,0.0
2019-04-04 09:44:19,0.0
2019-04-04 09:44:20,0.0
2019-04-04 09:44:21,0.0
2019-04-04 09:44:22,0.0
2019-04-04 09:44:23,0.0
2019-04-04 09:44:24,0.0
2019-04-04 09:44:25,0.0
2019-04-04 09:44:26,0.0
2019-04-04 09:44:27,0.0
2019-04-04 09:44:28,0.0
2019-04-04 09:44:29,0.0
2019-04-04 09:44:30,0.0
2019-04-04 09:44:31,0.0
2019-04-04 09:44:32,0.0
2019-04-04 09:44:33,0.0
2019-04-04 09:44:34,0.0
2019-04-04 09:44:35,0.0
2019-04-04 09:44:36,0.0
2019-04-04 09:44:37,0.0
2019-04-04 09:44:38,0.0
2019-04-04 09:44:39,0.0
2019-04-04 09:44:40,0.0
2019-04-04 09:44:41,0.0
2019-04-04 09:44:42,-0.000159999999996812
2019-04-04 09:44:43,-0.00015999999999752323
2019-04-04 09:44:44,-0.00015999999999823447
2019-04-04 09:44:45,-0.00015999999999894397
2019-04-04 09:44:46,-0.0001599999999996552
2019-04-04 09:44:47,0.0
2019-04-04 09:44:48,0.0
2019-04-04 09:44:49,0.0
2019-04-04 09:44:50,0.0
2019-04-04 09:44:51,0.0
2019-04-04 09:44:52,0.0
2019-04-04 09:44:53,0.0
2019-04-04 09:44:54,0.0
2019-04-04 09:44:55,0.0
2019-04-04 09:44:56,0.0
2019-04-04 09:44:57,0.0
2019-04-04 09:44:58,0.0
2019-04-04 09:44:59,0.0
2019-04-04 09:45:00,0.0
2019-04-04 09:45:01,0.0
2019-04-04 09:45:02,0.0
2019-04-04 09:45:03,0.0
2019-04-04 09:45:04,0.0
2019-04-04 09:45:05,0.0
2019-04-04 09:45:06,0.0
2019-04-04 09:45:07,0.0
2019-04-04 09:45:08,0.0
2019-04-04 09:45:09,0.0
2019-04-04 09:45:10,0.0
2019-04-04 09:45:11,0.0
2019-04-04 09:45:12,0.0
2019-04-04 09:45:13,0.0
2019-04-04 09:45:14,0.0
2019-04-04 09:45:15,0.0
2019-04-04 09:45:16,0.0
2019-04-04 09:45:17,0.0
2019-04-04 09:45:18,0.0
2019-04-04 09:45:19,0.0
2019-04-04 09:45:20,0.0
2019-04-04 09:45:21,0.0
2019-04-04 09:45:22,0.0
2019-04-04 09:45:23,0.0
2019-04-04 09:45:24,0.0
2019-04-04 09:45:25,0.0
2019-04-04 09:45:26,0.0
2019-04-04 09:45:27,0.0
2019-04-04 09:45:28,0.0
2019-04-04 09:45:29,0.0
2019-04-04 09:45:30,-7.407407407692898e-05
2019-04-04 09:45:31,-7.407407407621774e-05
2019-04-04 09:45:32,-7.407407407550651e-05
2019-04-04 09:45:33,-7.4074074074797e-05
2019-04-04 09:45:34,-7.407407407408577e-05
2019-04-04 09:45:35,0.0
2019-04-04 09:45:36,0.0
2019-04-04 09:45:37,0.0
2019-04-04 09:45:38,0.0
2019-04-04 09:45:39,0.0
2019-04-04 09:45:40,0.0
2019-04-04 09:45:41,0.0
2019-04-04 09:45:42,0.0
2019-04-04 09:45:43,0.0
2019-04-04 09:45:44,0.0
2019-04-04 09:45:45,0.0
2019-04-04 09:45:46,0.0
2019-04-04 09:45:47,0.0
2019-04-04 09:45:48,0.0
2019-04-04 09:45:49,0.0
2019-04-04 09:45:50,0.0
2019-04-04 09:45:51,0.0
2019-04-04 09:45:52,0.0
2019-04-04 09:45:53,0.0
2019-04-04 09:45:54,0.0
2019-04-04 09:45:55,0.0
2019-04-04 09:45:56,0.0
2019-04-04 09:45:57,0.0
2019-04-04 09:45:58,0.0
2019-04-04 09:45:59,0.0
2019-04-04 09:46:00,0.0
2019-04-04 09:46:01,0.0
2019-04-04 09:46:02,0.0
2019-04-04 09:46:03,0.0
2019-04-04 09:46:04,0.0
2019-04-04 09:46:05,0.0
2019-04-04 09:46:06,0.0
2019-04-04 09:46:07,0.0
2019-04-04 09:46:08,0.0
2019-04-04 09:46:09,0.0
2019-04-04 09:46:10,0.0
2019-04-04 09:46:11,0.0
2019-04-04 09:46:12,0.0
2019-04-04 09:46:13,0.0
2019-04-04 09:46:14,0.0
2019-04-04 09:46:15,0.0
2019-04-04 09:46:16,0.0
2019-04-04 09:46:17,0.0
2019-04-04 09:46:18,0.0
2019-04-04 09:46:19,0.0
2019-04-04 09:46:20,0.0
2019-04-04 09:46:21,0.0
2019-04-04 09:46:22,0.0
2019-04-04 09:46:23,0.0
2019-04-04 09:46:24,0.0
2019-04-04 09:46:25,0.0
2019-04-04 09:46:26,0.0
2019-04-04 09:46:27,0.0
2019-04-04 09:46:28,0.0
2019-04-04 09:46:29,0.0
2019-04-04 09:46:30,0.0
2019-04-04 09:46:31,0.0
2019-04-04 09:46:32,0.0
2019-04-04 09:46:33,0.0
2019-04-04 09:46:34,0.0
2019-04-04 09:46:35,0.0
2019-04-04 09:46:36,0.0
2019-04-04 09:46:37,0.0
2019-04-04 09:46:38,0.0
2019-04-04 09:46:39,0.0
2019-04-04 09:46:40,0.0
2019-04-04 09:46:41,0.0
2019-04-04 09:46:42,0.0
2019-04-04 09:46:43,0.0
2019-04-04 09:46:44,0.0
2019-04-04 09:46:45,0.0
2019-04-04 09:46:46,0.0
2019-04-04 09:46:47,0.0
2019-04-04 09:46:48,0.0
2019-04-04 09:46:49,0.0
2019-04-04 09:46:50,0.0
2019-04-04 09:46:51,0.0
2019-04-04 09:46:52,0.0
2019-04-04 09:46:53,0.0
2019-04-04 09:46:54,0.0
2019-04-04 09:46:55,0.0
2019-04-04 09:46:56,0.0
2019-04-04 09:46:57,0.0
2019-04-04 09:46:58,0.0
2019-04-04 09:46:59,0.0
2019-04-04 09:47:00,0.0
2019-04-04 09:47:01,0.0
2019-04-04 09:47:02,0.0
2019-04-04 09:47:03,0.0
2019-04-04 09:47:04,0.0
2019-04-04 09:47:05,0.0
2019-04-04 09:47:06,0.0
2019-04-04 09:47:07,0.0
2019-04-04 09:47:08,0.0
2019-04-04 09:47:09,0.0
2019-04-04 09:47:10,0.0
2019-04-04 09:47:11,0.0
2019-04-04 09:47:12,0.0
2019-04-04 09:47:13,0.0
2019-04-04 09:47:14,0.0
2019-04-04 09:47:15,0.0
2019-04-04 09:47:16,0.0
2019-04-04 09:47:17,0.0
2019-04-04 09:47:18,0.0
2019-04-04 09:47:19,0.0
2019-04-04 09:47:20,0.0
2019-04-04 09:47:21,0.0
2019-04-04 09:47:22,0.0
2019-04-04 09:47:23,0.0
2019-04-04 09:47:24,0.0
2019-04-04 09:47:25,0.0
2019-04-04 09:47:26,0.0
2019-04-04 09:47:27,0.0
2019-04-04 09:47:28,0.0
2019-04-04 09:47:29,0.0
2019-04-04 09:47:30,0.0
2019-04-04 09:47:31,0.0
2019-04-04 09:47:32,0.0
2019-04-04 09:47:33,0.0
2019-04-04 09:47:34,0.0
2019-04-04 09:47:35,0.0
2019-04-04 09:47:36,0.0
2019-04-04 09:47:37,0.0
2019-04-04 09:47:38,0.0
2019-04-04 09:47:39,0.0
2019-04-04 09:47:40,0.0
2019-04-04 09:47:41,0.0
2019-04-04 09:47:42,0.0
2019-04-04 09:47:43,0.0
2019-04-04 09:47:44,0.0
2019-04-04 09:47:45,0.0
2019-04-04 09:47:46,0.0
2019-04-04 09:47:47,0.0
2019-04-04 09:47:48,0.0
2019-04-04 09:47:49,0.0
2019-04-04 09:47:50,0.0
2019-04-04 09:47:51,0.0
2019-04-04 09:47:52,0.0
2019-04-04 09:47:53,0.0
2019-04-04 09:47:54,0.0
2019-04-04 09:47:55,0.0
2019-04-04 09:47:56,0.0
2019-04-04 09:47:57,0.0
2019-04-04 09:47:58,0.0
2019-04-04 09:47:59,0.0
2019-04-04 09:48:00,0.0
2019-04-04 09:48:01,0.0
2019-04-04 09:48:02,0.0
2019-04-04 09:48:03,0.0
2019-04-04 09:48:04,0.0
2019-04-04 09:48:05,0.0
2019-04-04 09:48:06,0.0
2019-04-04 09:48:07,0.0
2019-04-04 09:48:08,0.0
2019-04-04 09:48:09,0.0
2019-04-04 09:48:10,0.0
2019-04-04 09:48:11,0.0
2019-04-04 09:48:12,0.0
2019-04-04 09:48:13,0.0
2019-04-04 09:48:14,0.0
2019-04-04 09:48:15,0.0
2019-04-04 09:48:16,0.0
2019-04-04 09:48:17,0.0
2019-04-04 09:48:18,0.0
2019-04-04 09:48:19,0.0
2019-04-04 09:48:20,0.0
2019-04-04 09:48:21,0.0
2019-04-04 09:48:22,0.0
2019-04-04 09:48:23,0.0
2019-04-04 09:48:24,0.0
2019-04-04 09:48:25,0.0
2019-04-04 09:48:26,0.0
2019-04-04 09:48:27,0.0
2019-04-04 09:48:28,0.0
2019-04-04 09:48:29,0.0
2019-04-04 09:48:30,0.0
2019-04-04 09:48:31,0.0
2019-04-04 09:48:32,0.0
2019-04-04 09:48:33,0.0
2019-04-04 09:48:34,0.0
2019-04-04 09:48:35,0.0
2019-04-04 09:48:36,0.0
2019-04-04 09:48:37,0.0
2019-04-04 09:48:38,0.0
2019-04-04 09:48:39,0.0
2019-04-04 09:48:40,0.0
2019-04-04 09:48:41,0.0
2019-04-04 09:48:42,0.0
2019-04-04 09:48:43,0.0
2019-04-04 09:48:44,0.0
2019-04-04 09:48:45,0.0
2019-04-04 09:48:46,0.0
2019-04-04 09:48:47,0.0
2019-04-04 09:48:48,0.0
2019-04-04 09:48:49,0.0
2019-04-04 09:48:50,0.0
2019-04-04 09:48:51,0.0
2019-04-04 09:48:52,0.0
2019-04-04 09:48:53,0.0
2019-04-04 09:48:54,0.0
2019-04-04 09:48:55,0.0
2019-04-04 09:48:56,0.0
2019-04-04 09:48:57,0.0
2019-04-04 09:48:58,0.0
2019-04-04 09:48:59,0.0
2019-04-04 09:49:00,0.0
2019-04-04 09:49:01,0.0
2019-04-04 09:49:02,0.0
2019-04-04 09:49:03,0.0
2019-04-04 09:49:04,0.0
2019-04-04 09:49:05,0.0
2019-04-04 09:49:06,0.0
2019-04-04 09:49:07,0.0
2019-04-04 09:49:08,0.0
2019-04-04 09:49:09,0.0
2019-04-04 09:49:10,0.0
2019-04-04 09:49:11,0.0
2019-04-04 09:49:12,0.0
2019-04-04 09:49:13,0.0
2019-04-04 09:49:14,0.0
2019-04-04 09:49:15,-0.0003636363636364201
2019-04-04 09:49:16,-0.0007272727272728402
2019-04-04 09:49:17,-0.001090909090909262
2019-04-04 09:49:18,-0.0014545454545456839
2019-04-04 09:49:19,-0.001818181818182104
2019-04-04 09:49:20,-0.0018181818181821057
2019-04-04 09:49:21,-0.0015545454545428227
2019-04-04 09:49:22,-0.0011909090909071121
2019-04-04 09:49:23,-0.0008272727272714015
2019-04-04 09:49:24,-0.0004636363636356909
2019-04-04 09:49:25,-9.999999999998031e-05
2019-04-04 09:49:26,0.0
2019-04-04 09:49:27,0.0
2019-04-04 09:49:28,0.0
2019-04-04 09:49:29,0.0
2019-04-04 09:49:30,0.0
2019-04-04 09:49:31,0.0
2019-04-04 09:49:32,0.0
2019-04-04 09:49:33,0.0
2019-04-04 09:49:34,0.0
2019-04-04 09:49:35,0.0
2019-04-04 09:49:36,0.0
2019-04-04 09:49:37,0.0
2019-04-04 09:49:38,0.0
2019-04-04 09:49:39,0.0
2019-04-04 09:49:40,-0.00010000000000303516
2019-04-04 09:49:41,-0.00010000000000232392
2019-04-04 09:49:42,-0.00010000000000161442
2019-04-04 09:49:43,-0.00010000000000090319
2019-04-04 09:49:44,-0.00010000000000019368
2019-04-04 09:49:45,0.0
2019-04-04 09:49:46,0.0
2019-04-04 09:49:47,0.0
2019-04-04 09:49:48,0.0
2019-04-04 09:49:49,0.0
2019-04-04 09:49:50,0.0
2019-04-04 09:49:51,0.0
2019-04-04 09:49:52,0.0
2019-04-04 09:49:53,0.0
2019-04-04 09:49:54,0.0
2019-04-04 09:49:55,0.0
2019-04-04 09:49:56,0.0
2019-04-04 09:49:57,0.0
2019-04-04 09:49:58,0.0
2019-04-04 09:49:59,0.0
2019-04-04 09:50:00,0.0
2019-04-04 09:50:01,0.0
2019-04-04 09:50:02,0.0
2019-04-04 09:50:03,0.0
2019-04-04 09:50:04,0.0
2019-04-04 09:50:05,0.0
2019-04-04 09:50:06,0.0
2019-04-04 09:50:07,0.0
2019-04-04 09:50:08,0.0
2019-04-04 09:50:09,0.0
2019-04-04 09:50:10,-0.0003636363636334485
2019-04-04 09:50:11,-0.00036363636363415976
2019-04-04 09:50:12,-0.00036363636363486926
2019-04-04 09:50:13,-0.0003636363636355805
2019-04-04 09:50:14,-0.00036363636363629173
2019-04-04 09:50:15,0.0
2019-04-04 09:50:16,0.0
2019-04-04 09:50:17,0.0
2019-04-04 09:50:18,0.0
2019-04-04 09:50:19,0.0
2019-04-04 09:50:20,0.0
2019-04-04 09:50:21,0.0
2019-04-04 09:50:22,0.0
2019-04-04 09:50:23,0.0
2019-04-04 09:50:24,0.0
2019-04-04 09:50:25,0.0
2019-04-04 09:50:26,0.0
2019-04-04 09:50:27,0.0
2019-04-04 09:50:28,0.0
2019-04-04 09:50:29,0.0
2019-04-04 09:50:30,0.0
2019-04-04 09:50:31,0.0
2019-04-04 09:50:32,0.0
2019-04-04 09:50:33,0.0
2019-04-04 09:50:34,0.0
2019-04-04 09:50:35,0.0
2019-04-04 09:50:36,0.0
2019-04-04 09:50:37,0.0
2019-04-04 09:50:38,0.0
2019-04-04 09:50:39,0.0
2019-04-04 09:50:40,0.0
2019-04-04 09:50:41,0.0
2019-04-04 09:50:42,0.0
2019-04-04 09:50:43,0.0
2019-04-04 09:50:44,0.0
2019-04-04 09:50:45,0.0
2019-04-04 09:50:46,0.0
2019-04-04 09:50:47,0.0
2019-04-04 09:50:48,0.0
2019-04-04 09:50:49,0.0
2019-04-04 09:50:50,0.0
2019-04-04 09:50:51,0.0
2019-04-04 09:50:52,0.0
2019-04-04 09:50:53,0.0
2019-04-04 09:50:54,0.0
2019-04-04 09:50:55,0.0
2019-04-04 09:50:56,0.0
2019-04-04 09:50:57,0.0
2019-04-04 09:50:58,0.0
2019-04-04 09:50:59,0.0
2019-04-04 09:51:00,0.0
2019-04-04 09:51:01,0.0
2019-04-04 09:51:02,0.0
2019-04-04 09:51:03,0.0
2019-04-04 09:51:04,0.0
2019-04-04 09:51:05,0.0
2019-04-04 09:51:06,0.0
2019-04-04 09:51:07,0.0
2019-04-04 09:51:08,0.0
2019-04-04 09:51:09,0.0
2019-04-04 09:51:10,0.0
2019-04-04 09:51:11,0.0
2019-04-04 09:51:12,0.0
2019-04-04 09:51:13,0.0
2019-04-04 09:51:14,0.0
2019-04-04 09:51:15,0.0
2019-04-04 09:51:16,0.0
2019-04-04 09:51:17,0.0
2019-04-04 09:51:18,0.0
2019-04-04 09:51:19,0.0
2019-04-04 09:51:20,0.0
2019-04-04 09:51:21,0.0
2019-04-04 09:51:22,0.0
2019-04-04 09:51:23,0.0
2019-04-04 09:51:24,0.0
2019-04-04 09:51:25,0.0
2019-04-04 09:51:26,0.0
2019-04-04 09:51:27,0.0
2019-04-04 09:51:28,0.0
2019-04-04 09:51:29,0.0
2019-04-04 09:51:30,0.0
2019-04-04 09:51:31,0.0
2019-04-04 09:51:32,0.0
2019-04-04 09:51:33,0.0
2019-04-04 09:51:34,0.0
2019-04-04 09:51:35,0.0
2019-04-04 09:51:36,0.0
2019-04-04 09:51:37,0.0
2019-04-04 09:51:38,0.0
2019-04-04 09:51:39,0.0
2019-04-04 09:51:40,0.0
2019-04-04 09:51:41,0.0
2019-04-04 09:51:42,0.0
2019-04-04 09:51:43,0.0
2019-04-04 09:51:44,0.0
2019-04-04 09:51:45,0.0
2019-04-04 09:51:46,0.0
2019-04-04 09:51:47,0.0
2019-04-04 09:51:48,0.0
2019-04-04 09:51:49,0.0
2019-04-04 09:51:50,0.0
2019-04-04 09:51:51,0.0
2019-04-04 09:51:52,0.0
2019-04-04 09:51:53,0.0
2019-04-04 09:51:54,0.0
2019-04-04 09:51:55,0.0
2019-04-04 09:51:56,-0.00014285714286036214
2019-04-04 09:51:57,-0.00014285714285965263
2019-04-04 09:51:58,-0.0001428571428589414
2019-04-04 09:51:59,-0.0001428571428582319
2019-04-04 09:52:00,-0.00014285714285752066
2019-04-04 09:52:01,0.0
2019-04-04 09:52:02,0.0
2019-04-04 09:52:03,0.0
2019-04-04 09:52:04,0.0
2019-04-04 09:52:05,0.0
2019-04-04 09:52:06,0.0
2019-04-04 09:52:07,0.0
2019-04-04 09:52:08,0.0
2019-04-04 09:52:09,0.0
2019-04-04 09:52:10,0.0
2019-04-04 09:52:11,0.0
2019-04-04 09:52:12,0.0
2019-04-04 09:52:13,0.0
2019-04-04 09:52:14,0.0
2019-04-04 09:52:15,0.0
2019-04-04 09:52:16,0.0
2019-04-04 09:52:17,0.0
2019-04-04 09:52:18,0.0
2019-04-04 09:52:19,0.0
2019-04-04 09:52:20,0.0
2019-04-04 09:52:21,0.0
2019-04-04 09:52:22,0.0
2019-04-04 09:52:23,0.0
2019-04-04 09:52:24,0.0
2019-04-04 09:52:25,0.0
2019-04-04 09:52:26,0.0
2019-04-04 09:52:27,0.0
2019-04-04 09:52:28,0.0
2019-04-04 09:52:29,0.0
2019-04-04 09:52:30,0.0
2019-04-04 09:52:31,0.0
2019-04-04 09:52:32,0.0
2019-04-04 09:52:33,0.0
2019-04-04 09:52:34,0.0
2019-04-04 09:52:35,0.0
2019-04-04 09:52:36,0.0
2019-04-04 09:52:37,0.0
2019-04-04 09:52:38,0.0
2019-04-04 09:52:39,0.0
2019-04-04 09:52:40,0.0
2019-04-04 09:52:41,0.0
2019-04-04 09:52:42,-0.0002564102564071996
2019-04-04 09:52:43,-0.00025641025640791085
2019-04-04 09:52:44,-0.00025641025640862035
2019-04-04 09:52:45,-0.0002564102564093316
2019-04-04 09:52:46,-0.0002564102564100411
2019-04-04 09:52:47,0.0
2019-04-04 09:52:48,0.0
2019-04-04 09:52:49,0.0
2019-04-04 09:52:50,0.0
2019-04-04 09:52:51,-0.00016666666666971183
2019-04-04 09:52:52,-0.00016666666666900233
2019-04-04 09:52:53,-0.0001666666666682911
2019-04-04 09:52:54,-0.0001666666666675816
2019-04-04 09:52:55,-0.00016666666666687036
2019-04-04 09:52:56,0.0
2019-04-04 09:52:57,0.0
2019-04-04 09:52:58,0.0
2019-04-04 09:52:59,0.0
2019-04-04 09:53:00,0.0
2019-04-04 09:53:01,-0.00012499999999708925
2019-04-04 09:53:02,-0.00012499999999779875
2019-04-04 09:53:03,-0.00012499999999850998
2019-04-04 09:53:04,-0.00012499999999921949
2019-04-04 09:53:05,-0.00012499999999993072
2019-04-04 09:53:06,0.0
2019-04-04 09:53:07,0.0
2019-04-04 09:53:08,0.0
2019-04-04 09:53:09,0.0
2019-04-04 09:53:10,0.0
2019-04-04 09:53:11,0.0
2019-04-04 09:53:12,0.0
2019-04-04 09:53:13,0.0
2019-04-04 09:53:14,0.0
2019-04-04 09:53:15,0.0
2019-04-04 09:53:16,0.0
2019-04-04 09:53:17,0.0
2019-04-04 09:53:18,0.0
2019-04-04 09:53:19,0.0
2019-04-04 09:53:20,0.0
2019-04-04 09:53:21,0.0
2019-04-04 09:53:22,0.0
2019-04-04 09:53:23,0.0
2019-04-04 09:53:24,0.0
2019-04-04 09:53:25,0.0
2019-04-04 09:53:26,0.0
2019-04-04 09:53:27,0.0
2019-04-04 09:53:28,0.0
2019-04-04 09:53:29,0.0
2019-04-04 09:53:30,0.0
2019-04-04 09:53:31,0.0
2019-04-04 09:53:32,0.0
2019-04-04 09:53:33,0.0
2019-04-04 09:53:34,0.0
2019-04-04 09:53:35,-9.302325581691043e-05
2019-04-04 09:53:36,-9.302325581619919e-05
2019-04-04 09:53:37,-9.302325581548795e-05
2019-04-04 09:53:38,-9.302325581477845e-05
2019-04-04 09:53:39,-9.302325581406722e-05
2019-04-04 09:53:40,0.0
2019-04-04 09:53:41,0.0
2019-04-04 09:53:42,0.0
2019-04-04 09:53:43,0.0
2019-04-04 09:53:44,0.0
2019-04-04 09:53:45,0.0
2019-04-04 09:53:46,0.0
2019-04-04 09:53:47,0.0
2019-04-04 09:53:48,0.0
2019-04-04 09:53:49,0.0
2019-04-04 09:53:50,0.0
2019-04-04 09:53:51,0.0
2019-04-04 09:53:52,0.0
2019-04-04 09:53:53,0.0
2019-04-04 09:53:54,0.0
2019-04-04 09:53:55,0.0
2019-04-04 09:53:56,0.0
2019-04-04 09:53:57,0.0
2019-04-04 09:53:58,0.0
2019-04-04 09:53:59,0.0
2019-04-04 09:54:00,0.0
2019-04-04 09:54:01,0.0
2019-04-04 09:54:02,0.0
2019-04-04 09:54:03,0.0
2019-04-04 09:54:04,0.0
2019-04-04 09:54:05,0.0
2019-04-04 09:54:06,0.0
2019-04-04 09:54:07,0.0
2019-04-04 09:54:08,0.0
2019-04-04 09:54:09,0.0
2019-04-04 09:54:10,0.0
2019-04-04 09:54:11,0.0
2019-04-04 09:54:12,0.0
2019-04-04 09:54:13,0.008000000000001251
2019-04-04 09:54:14,0.006000000000000939
2019-04-04 09:54:15,0.004000000000000625
2019-04-04 09:54:16,-0.006479999999998001
2019-04-04 09:54:17,-0.0064799999999987125
2019-04-04 09:54:18,-0.00447999999999911
2019-04-04 09:54:19,-0.002479999999999507
2019-04-04 09:54:20,-0.00047999999999990585
2019-04-04 09:54:21,-1.734723475976807e-18
2019-04-04 09:54:22,-1.734723475976807e-18
2019-04-04 09:54:23,-1.734723475976807e-18
2019-04-04 09:54:24,-1.734723475976807e-18
2019-04-04 09:54:25,-1.734723475976807e-18
2019-04-04 09:54:26,-0.00013333333333629196
2019-04-04 09:54:27,-0.00013333333333558246
2019-04-04 09:54:28,-0.00013333333333487123
2019-04-04 09:54:29,-0.00013333333333416172
2019-04-04 09:54:30,-0.0001333333333334505
2019-04-04 09:54:31,-1.734723475976807e-18
2019-04-04 09:54:32,-1.734723475976807e-18
2019-04-04 09:54:33,-1.734723475976807e-18
2019-04-04 09:54:34,-1.734723475976807e-18
2019-04-04 09:54:35,-1.734723475976807e-18
2019-04-04 09:54:36,-1.734723475976807e-18
2019-04-04 09:54:37,-1.734723475976807e-18
2019-04-04 09:54:38,-1.734723475976807e-18
2019-04-04 09:54:39,-1.734723475976807e-18
2019-04-04 09:54:40,-1.734723475976807e-18
2019-04-04 09:54:41,-1.734723475976807e-18
2019-04-04 09:54:42,-1.734723475976807e-18
2019-04-04 09:54:43,-1.734723475976807e-18
2019-04-04 09:54:44,-1.734723475976807e-18
2019-04-04 09:54:45,-1.734723475976807e-18
2019-04-04 09:54:46,-1.734723475976807e-18
2019-04-04 09:54:47,-1.734723475976807e-18
2019-04-04 09:54:48,-1.734723475976807e-18
2019-04-04 09:54:49,-1.734723475976807e-18
2019-04-04 09:54:50,-1.734723475976807e-18
2019-04-04 09:54:51,-1.734723475976807e-18
2019-04-04 09:54:52,-1.734723475976807e-18
2019-04-04 09:54:53,-1.734723475976807e-18
2019-04-04 09:54:54,-1.734723475976807e-18
2019-04-04 09:54:55,-1.734723475976807e-18
2019-04-04 09:54:56,-1.734723475976807e-18
2019-04-04 09:54:57,-1.734723475976807e-18
2019-04-04 09:54:58,-1.734723475976807e-18
2019-04-04 09:54:59,-1.734723475976807e-18
2019-04-04 09:55:00,-1.734723475976807e-18
2019-04-04 09:55:01,-1.734723475976807e-18
2019-04-04 09:55:02,-1.734723475976807e-18
2019-04-04 09:55:03,-1.734723475976807e-18
2019-04-04 09:55:04,-1.734723475976807e-18
2019-04-04 09:55:05,-1.734723475976807e-18
2019-04-04 09:55:06,-1.734723475976807e-18
2019-04-04 09:55:07,-1.734723475976807e-18
2019-04-04 09:55:08,-1.734723475976807e-18
2019-04-04 09:55:09,-1.734723475976807e-18
2019-04-04 09:55:10,-1.734723475976807e-18
2019-04-04 09:55:11,-1.734723475976807e-18
2019-04-04 09:55:12,-1.734723475976807e-18
2019-04-04 09:55:13,-1.734723475976807e-18
2019-04-04 09:55:14,-1.734723475976807e-18
2019-04-04 09:55:15,-1.734723475976807e-18
2019-04-04 09:55:16,-1.734723475976807e-18
2019-04-04 09:55:17,-1.734723475976807e-18
2019-04-04 09:55:18,-1.734723475976807e-18
2019-04-04 09:55:19,-1.734723475976807e-18
2019-04-04 09:55:20,-1.734723475976807e-18
2019-04-04 09:55:21,-1.734723475976807e-18
2019-04-04 09:55:22,-1.734723475976807e-18
2019-04-04 09:55:23,-1.734723475976807e-18
2019-04-04 09:55:24,-1.734723475976807e-18
2019-04-04 09:55:25,-1.734723475976807e-18
2019-04-04 09:55:26,-1.734723475976807e-18
2019-04-04 09:55:27,-1.734723475976807e-18
2019-04-04 09:55:28,-1.734723475976807e-18
2019-04-04 09:55:29,-1.734723475976807e-18
2019-04-04 09:55:30,-1.734723475976807e-18
2019-04-04 09:55:31,-1.734723475976807e-18
2019-04-04 09:55:32,-1.734723475976807e-18
2019-04-04 09:55:33,-1.734723475976807e-18
2019-04-04 09:55:34,-1.734723475976807e-18
2019-04-04 09:55:35,-1.734723475976807e-18
2019-04-04 09:55:36,-1.734723475976807e-18
2019-04-04 09:55:37,-1.734723475976807e-18
2019-04-04 09:55:38,-1.734723475976807e-18
2019-04-04 09:55:39,-1.734723475976807e-18
2019-04-04 09:55:40,-1.734723475976807e-18
2019-04-04 09:55:41,-1.734723475976807e-18
2019-04-04 09:55:42,-1.734723475976807e-18
2019-04-04 09:55:43,-1.734723475976807e-18
2019-04-04 09:55:44,-1.734723475976807e-18
2019-04-04 09:55:45,-1.734723475976807e-18
2019-04-04 09:55:46,-1.734723475976807e-18
2019-04-04 09:55:47,-1.734723475976807e-18
2019-04-04 09:55:48,-1.734723475976807e-18
2019-04-04 09:55:49,-1.734723475976807e-18
2019-04-04 09:55:50,-1.734723475976807e-18
2019-04-04 09:55:51,-1.734723475976807e-18
2019-04-04 09:55:52,-1.734723475976807e-18
2019-04-04 09:55:53,-1.734723475976807e-18
2019-04-04 09:55:54,-1.734723475976807e-18
2019-04-04 09:55:55,-1.734723475976807e-18
2019-04-04 09:55:56,-1.734723475976807e-18
2019-04-04 09:55:57,-1.734723475976807e-18
2019-04-04 09:55:58,-1.734723475976807e-18
2019-04-04 09:55:59,-1.734723475976807e-18
2019-04-04 09:56:00,-1.734723475976807e-18
2019-04-04 09:56:01,-1.734723475976807e-18
2019-04-04 09:56:02,-1.734723475976807e-18
2019-04-04 09:56:03,-1.734723475976807e-18
2019-04-04 09:56:04,-1.734723475976807e-18
2019-04-04 09:56:05,-1.734723475976807e-18
2019-04-04 09:56:06,-1.734723475976807e-18
2019-04-04 09:56:07,-1.734723475976807e-18
2019-04-04 09:56:08,-1.734723475976807e-18
2019-04-04 09:56:09,-1.734723475976807e-18
2019-04-04 09:56:10,-1.734723475976807e-18
2019-04-04 09:56:11,-1.734723475976807e-18
2019-04-04 09:56:12,-1.734723475976807e-18
2019-04-04 09:56:13,-1.734723475976807e-18
2019-04-04 09:56:14,-1.734723475976807e-18
2019-04-04 09:56:15,-1.734723475976807e-18
2019-04-04 09:56:16,-1.734723475976807e-18
2019-04-04 09:56:17,-1.734723475976807e-18
2019-04-04 09:56:18,-1.734723475976807e-18
2019-04-04 09:56:19,-1.734723475976807e-18
2019-04-04 09:56:20,-1.734723475976807e-18
2019-04-04 09:56:21,-1.734723475976807e-18
2019-04-04 09:56:22,-1.734723475976807e-18
2019-04-04 09:56:23,-1.734723475976807e-18
2019-04-04 09:56:24,-1.734723475976807e-18
2019-04-04 09:56:25,-1.734723475976807e-18
2019-04-04 09:56:26,-1.734723475976807e-18
2019-04-04 09:56:27,-1.734723475976807e-18
2019-04-04 09:56:28,-1.734723475976807e-18
2019-04-04 09:56:29,-1.734723475976807e-18
2019-04-04 09:56:30,-1.734723475976807e-18
2019-04-04 09:56:31,-1.734723475976807e-18
2019-04-04 09:56:32,-1.734723475976807e-18
2019-04-04 09:56:33,-1.734723475976807e-18
2019-04-04 09:56:34,-1.734723475976807e-18
2019-04-04 09:56:35,-1.734723475976807e-18
2019-04-04 09:56:36,-1.734723475976807e-18
2019-04-04 09:56:37,-1.734723475976807e-18
2019-04-04 09:56:38,-1.734723475976807e-18
2019-04-04 09:56:39,-1.734723475976807e-18
2019-04-04 09:56:40,-1.734723475976807e-18
2019-04-04 09:56:41,-1.734723475976807e-18
2019-04-04 09:56:42,-1.734723475976807e-18
2019-04-04 09:56:43,-1.734723475976807e-18
2019-04-04 09:56:44,-1.734723475976807e-18
2019-04-04 09:56:45,-1.734723475976807e-18
2019-04-04 09:56:46,-1.734723475976807e-18
2019-04-04 09:56:47,-1.734723475976807e-18
2019-04-04 09:56:48,-1.734723475976807e-18
2019-04-04 09:56:49,-1.734723475976807e-18
2019-04-04 09:56:50,-1.734723475976807e-18
2019-04-04 09:56:51,-1.734723475976807e-18
2019-04-04 09:56:52,-1.734723475976807e-18
2019-04-04 09:56:53,-1.734723475976807e-18
2019-04-04 09:56:54,-1.734723475976807e-18
2019-04-04 09:56:55,-1.734723475976807e-18
2019-04-04 09:56:56,-1.734723475976807e-18
2019-04-04 09:56:57,-1.734723475976807e-18
2019-04-04 09:56:58,-1.734723475976807e-18
2019-04-04 09:56:59,-1.734723475976807e-18
2019-04-04 09:57:00,-1.734723475976807e-18
2019-04-04 09:57:01,-1.734723475976807e-18
2019-04-04 09:57:02,-1.734723475976807e-18
2019-04-04 09:57:03,-1.734723475976807e-18
2019-04-04 09:57:04,-1.734723475976807e-18
2019-04-04 09:57:05,-1.734723475976807e-18
2019-04-04 09:57:06,-1.734723475976807e-18
2019-04-04 09:57:07,-1.734723475976807e-18
2019-04-04 09:57:08,-1.734723475976807e-18
2019-04-04 09:57:09,-1.734723475976807e-18
2019-04-04 09:57:10,-1.734723475976807e-18
2019-04-04 09:57:11,-1.734723475976807e-18
2019-04-04 09:57:12,-1.734723475976807e-18
2019-04-04 09:57:13,-1.734723475976807e-18
2019-04-04 09:57:14,-0.0001249999999968828
2019-04-04 09:57:15,-0.00012499999999759405
2019-04-04 09:57:16,-0.00012499999999830355
2019-04-04 09:57:17,-0.0001249999999990148
2019-04-04 09:57:18,-0.00012499999999972602
2019-04-04 09:57:19,-1.734723475976807e-18
2019-04-04 09:57:20,-1.734723475976807e-18
2019-04-04 09:57:21,-1.734723475976807e-18
2019-04-04 09:57:22,-1.734723475976807e-18
2019-04-04 09:57:23,-1.734723475976807e-18
2019-04-04 09:57:24,-1.734723475976807e-18
2019-04-04 09:57:25,-1.734723475976807e-18
2019-04-04 09:57:26,-1.734723475976807e-18
2019-04-04 09:57:27,-1.734723475976807e-18
2019-04-04 09:57:28,-1.734723475976807e-18
2019-04-04 09:57:29,-1.734723475976807e-18
2019-04-04 09:57:30,-1.734723475976807e-18
2019-04-04 09:57:31,-1.734723475976807e-18
2019-04-04 09:57:32,-1.734723475976807e-18
2019-04-04 09:57:33,-1.734723475976807e-18
2019-04-04 09:57:34,-1.734723475976807e-18
2019-04-04 09:57:35,-1.734723475976807e-18
2019-04-04 09:57:36,-1.734723475976807e-18
2019-04-04 09:57:37,-1.734723475976807e-18
2019-04-04 09:57:38,-1.734723475976807e-18
2019-04-04 09:57:39,-1.734723475976807e-18
2019-04-04 09:57:40,-1.734723475976807e-18
2019-04-04 09:57:41,-1.734723475976807e-18
2019-04-04 09:57:42,-1.734723475976807e-18
2019-04-04 09:57:43,-1.734723475976807e-18
2019-04-04 09:57:44,-1.734723475976807e-18
2019-04-04 09:57:45,-1.734723475976807e-18
2019-04-04 09:57:46,-1.734723475976807e-18
2019-04-04 09:57:47,-1.734723475976807e-18
2019-04-04 09:57:48,-1.734723475976807e-18
2019-04-04 09:57:49,-1.734723475976807e-18
2019-04-04 09:57:50,-1.734723475976807e-18
2019-04-04 09:57:51,-1.734723475976807e-18
2019-04-04 09:57:52,-1.734723475976807e-18
2019-04-04 09:57:53,-1.734723475976807e-18
2019-04-04 09:57:54,-1.734723475976807e-18
2019-04-04 09:57:55,-1.734723475976807e-18
2019-04-04 09:57:56,-1.734723475976807e-18
2019-04-04 09:57:57,-1.734723475976807e-18
2019-04-04 09:57:58,-1.734723475976807e-18
2019-04-04 09:57:59,-1.734723475976807e-18
2019-04-04 09:58:00,-1.734723475976807e-18
2019-04-04 09:58:01,-1.734723475976807e-18
2019-04-04 09:58:02,-1.734723475976807e-18
2019-04-04 09:58:03,-1.734723475976807e-18
2019-04-04 09:58:04,-1.734723475976807e-18
2019-04-04 09:58:05,-1.734723475976807e-18
2019-04-04 09:58:06,-1.734723475976807e-18
2019-04-04 09:58:07,-1.734723475976807e-18
2019-04-04 09:58:08,-1.734723475976807e-18
2019-04-04 09:58:09,-1.734723475976807e-18
2019-04-04 09:58:10,-1.734723475976807e-18
2019-04-04 09:58:11,-1.734723475976807e-18
2019-04-04 09:58:12,-1.734723475976807e-18
2019-04-04 09:58:13,-1.734723475976807e-18
2019-04-04 09:58:14,-1.734723475976807e-18
2019-04-04 09:58:15,-1.734723475976807e-18
2019-04-04 09:58:16,-1.734723475976807e-18
2019-04-04 09:58:17,-1.734723475976807e-18
2019-04-04 09:58:18,-1.734723475976807e-18
2019-04-04 09:58:19,-1.734723475976807e-18
2019-04-04 09:58:20,-1.734723475976807e-18
2019-04-04 09:58:21,-1.734723475976807e-18
2019-04-04 09:58:22,-1.734723475976807e-18
2019-04-04 09:58:23,-1.734723475976807e-18
2019-04-04 09:58:24,-1.734723475976807e-18
2019-04-04 09:58:25,-1.734723475976807e-18
2019-04-04 09:58:26,-1.734723475976807e-18
2019-04-04 09:58:27,-1.734723475976807e-18
2019-04-04 09:58:28,-1.734723475976807e-18
2019-04-04 09:58:29,-1.734723475976807e-18
2019-04-04 09:58:30,-1.734723475976807e-18
2019-04-04 09:58:31,-1.734723475976807e-18
2019-04-04 09:58:32,-1.734723475976807e-18
2019-04-04 09:58:33,-1.734723475976807e-18
2019-04-04 09:58:34,-1.734723475976807e-18
2019-04-04 09:58:35,-1.734723475976807e-18
2019-04-04 09:58:36,-1.734723475976807e-18
2019-04-04 09:58:37,-1.734723475976807e-18
2019-04-04 09:58:38,-1.734723475976807e-18
2019-04-04 09:58:39,-1.734723475976807e-18
2019-04-04 09:58:40,-1.734723475976807e-18
2019-04-04 09:58:41,-1.734723475976807e-18
2019-04-04 09:58:42,-1.734723475976807e-18
2019-04-04 09:58:43,-1.734723475976807e-18
2019-04-04 09:58:44,-1.734723475976807e-18
2019-04-04 09:58:45,-1.734723475976807e-18
2019-04-04 09:58:46,-1.734723475976807e-18
2019-04-04 09:58:47,-1.734723475976807e-18
2019-04-04 09:58:48,-1.734723475976807e-18
2019-04-04 09:58:49,-1.734723475976807e-18
2019-04-04 09:58:50,-1.734723475976807e-18
2019-04-04 09:58:51,-1.734723475976807e-18
2019-04-04 09:58:52,-1.734723475976807e-18
2019-04-04 09:58:53,-1.734723475976807e-18
2019-04-04 09:58:54,-1.734723475976807e-18
2019-04-04 09:58:55,-1.734723475976807e-18
2019-04-04 09:58:56,-1.734723475976807e-18
2019-04-04 09:58:57,-1.734723475976807e-18
2019-04-04 09:58:58,-1.734723475976807e-18
2019-04-04 09:58:59,-1.734723475976807e-18
2019-04-04 09:59:00,-0.00034782608695957395
2019-04-04 09:59:01,-0.0003478260869588627
2019-04-04 09:59:02,-0.0003478260869581532
2019-04-04 09:59:03,-0.000347826086957442
2019-04-04 09:59:04,-0.0003478260869567325
2019-04-04 09:59:05,-1.734723475976807e-18
2019-04-04 09:59:06,-1.734723475976807e-18
2019-04-04 09:59:07,-1.734723475976807e-18
2019-04-04 09:59:08,-1.734723475976807e-18
2019-04-04 09:59:09,-1.734723475976807e-18
2019-04-04 09:59:10,-1.734723475976807e-18
2019-04-04 09:59:11,-1.734723475976807e-18
2019-04-04 09:59:12,-1.734723475976807e-18
2019-04-04 09:59:13,-1.734723475976807e-18
2019-04-04 09:59:14,-1.734723475976807e-18
2019-04-04 09:59:15,-1.734723475976807e-18
2019-04-04 09:59:16,-1.734723475976807e-18
2019-04-04 09:59:17,-1.734723475976807e-18
2019-04-04 09:59:18,-1.734723475976807e-18
2019-04-04 09:59:19,-1.734723475976807e-18
2019-04-04 09:59:20,-1.734723475976807e-18
2019-04-04 09:59:21,-1.734723475976807e-18
2019-04-04 09:59:22,-1.734723475976807e-18
2019-04-04 09:59:23,-1.734723475976807e-18
2019-04-04 09:59:24,-1.734723475976807e-18
2019-04-04 09:59:25,-1.734723475976807e-18
2019-04-04 09:59:26,-1.734723475976807e-18
2019-04-04 09:59:27,-1.734723475976807e-18
2019-04-04 09:59:28,-1.734723475976807e-18
2019-04-04 09:59:29,-1.734723475976807e-18
2019-04-04 09:59:30,-1.734723475976807e-18
2019-04-04 09:59:31,-1.734723475976807e-18
2019-04-04 09:59:32,-1.734723475976807e-18
2019-04-04 09:59:33,-1.734723475976807e-18
2019-04-04 09:59:34,-1.734723475976807e-18
2019-04-04 09:59:35,-1.734723475976807e-18
2019-04-04 09:59:36,-1.734723475976807e-18
2019-04-04 09:59:37,-1.734723475976807e-18
2019-04-04 09:59:38,-1.734723475976807e-18
2019-04-04 09:59:39,-1.734723475976807e-18
2019-04-04 09:59:40,-1.734723475976807e-18
2019-04-04 09:59:41,-1.734723475976807e-18
2019-04-04 09:59:42,-1.734723475976807e-18
2019-04-04 09:59:43,-1.734723475976807e-18
2019-04-04 09:59:44,-1.734723475976807e-18
2019-04-04 09:59:45,-1.734723475976807e-18
2019-04-04 09:59:46,-1.734723475976807e-18
2019-04-04 09:59:47,-1.734723475976807e-18
2019-04-04 09:59:48,-1.734723475976807e-18
2019-04-04 09:59:49,-1.734723475976807e-18
2019-04-04 09:59:50,-1.734723475976807e-18
2019-04-04 09:59:51,-1.734723475976807e-18
2019-04-04 09:59:52,-1.734723475976807e-18
2019-04-04 09:59:53,-1.734723475976807e-18
2019-04-04 09:59:54,-1.734723475976807e-18
2019-04-04 09:59:55,-1.734723475976807e-18
2019-04-04 09:59:56,-1.734723475976807e-18
2019-04-04 09:59:57,-1.734723475976807e-18
2019-04-04 09:59:58,-1.734723475976807e-18
2019-04-04 09:59:59,-1.734723475976807e-18
2019-04-04 10:00:00,-1.734723475976807e-18
2019-04-04 10:00:01,-1.734723475976807e-18
2019-04-04 10:00:02,-1.734723475976807e-18
2019-04-04 10:00:03,-1.734723475976807e-18
2019-04-04 10:00:04,-1.734723475976807e-18
2019-04-04 10:00:05,-1.734723475976807e-18
2019-04-04 10:00:06,-1.734723475976807e-18
2019-04-04 10:00:07,-1.734723475976807e-18
2019-04-04 10:00:08,-1.734723475976807e-18
2019-04-04 10:00:09,-1.734723475976807e-18
2019-04-04 10:00:10,-1.734723475976807e-18
2019-04-04 10:00:11,-1.734723475976807e-18
2019-04-04 10:00:12,-1.734723475976807e-18
2019-04-04 10:00:13,-1.734723475976807e-18
2019-04-04 10:00:14,-1.734723475976807e-18
2019-04-04 10:00:15,-1.734723475976807e-18
2019-04-04 10:00:16,-1.734723475976807e-18
2019-04-04 10:00:17,-1.734723475976807e-18
2019-04-04 10:00:18,-1.734723475976807e-18
2019-04-04 10:00:19,-1.734723475976807e-18
2019-04-04 10:00:20,-1.734723475976807e-18
2019-04-04 10:00:21,-1.734723475976807e-18
2019-04-04 10:00:22,-1.734723475976807e-18
2019-04-04 10:00:23,-1.734723475976807e-18
2019-04-04 10:00:24,-1.734723475976807e-18
2019-04-04 10:00:25,-1.734723475976807e-18
2019-04-04 10:00:26,-1.734723475976807e-18
2019-04-04 10:00:27,-1.734723475976807e-18
2019-04-04 10:00:28,-1.734723475976807e-18
2019-04-04 10:00:29,-1.734723475976807e-18
2019-04-04 10:00:30,-1.734723475976807e-18
2019-04-04 10:00:31,-1.734723475976807e-18
2019-04-04 10:00:32,-1.734723475976807e-18
2019-04-04 10:00:33,-1.734723475976807e-18
2019-04-04 10:00:34,-1.734723475976807e-18
2019-04-04 10:00:35,-1.734723475976807e-18
2019-04-04 10:00:36,-1.734723475976807e-18
2019-04-04 10:00:37,-1.734723475976807e-18
2019-04-04 10:00:38,-1.734723475976807e-18
2019-04-04 10:00:39,-1.734723475976807e-18
2019-04-04 10:00:40,-1.734723475976807e-18
2019-04-04 10:00:41,-1.734723475976807e-18
2019-04-04 10:00:42,-1.734723475976807e-18
2019-04-04 10:00:43,-1.734723475976807e-18
2019-04-04 10:00:44,-1.734723475976807e-18
2019-04-04 10:00:45,-1.734723475976807e-18
2019-04-04 10:00:46,-1.734723475976807e-18
2019-04-04 10:00:47,-1.734723475976807e-18
2019-04-04 10:00:48,-1.734723475976807e-18
2019-04-04 10:00:49,-1.734723475976807e-18
2019-04-04 10:00:50,-1.734723475976807e-18
2019-04-04 10:00:51,-1.734723475976807e-18
2019-04-04 10:00:52,-1.734723475976807e-18
2019-04-04 10:00:53,-1.734723475976807e-18
2019-04-04 10:00:54,-1.734723475976807e-18
2019-04-04 10:00:55,-1.734723475976807e-18
2019-04-04 10:00:56,-1.734723475976807e-18
2019-04-04 10:00:57,-1.734723475976807e-18
2019-04-04 10:00:58,-1.734723475976807e-18
2019-04-04 10:00:59,-1.734723475976807e-18
2019-04-04 10:01:00,-1.734723475976807e-18
2019-04-04 10:01:01,-1.734723475976807e-18
2019-04-04 10:01:02,-1.734723475976807e-18
2019-04-04 10:01:03,-1.734723475976807e-18
2019-04-04 10:01:04,-1.734723475976807e-18
2019-04-04 10:01:05,-1.734723475976807e-18
2019-04-04 10:01:06,-1.734723475976807e-18
2019-04-04 10:01:07,-1.734723475976807e-18
2019-04-04 10:01:08,-1.734723475976807e-18
2019-04-04 10:01:09,-1.734723475976807e-18
2019-04-04 10:01:10,-1.734723475976807e-18
2019-04-04 10:01:11,-1.734723475976807e-18
2019-04-04 10:01:12,-1.734723475976807e-18
2019-04-04 10:01:13,-1.734723475976807e-18
2019-04-04 10:01:14,-1.734723475976807e-18
2019-04-04 10:01:15,-1.734723475976807e-18
2019-04-04 10:01:16,-1.734723475976807e-18
2019-04-04 10:01:17,-1.734723475976807e-18
2019-04-04 10:01:18,-1.734723475976807e-18
2019-04-04 10:01:19,-1.734723475976807e-18
2019-04-04 10:01:20,-1.734723475976807e-18
2019-04-04 10:01:21,-1.734723475976807e-18
2019-04-04 10:01:22,-1.734723475976807e-18
2019-04-04 10:01:23,-1.734723475976807e-18
2019-04-04 10:01:24,-1.734723475976807e-18
2019-04-04 10:01:25,-1.734723475976807e-18
2019-04-04 10:01:26,-1.734723475976807e-18
2019-04-04 10:01:27,-1.734723475976807e-18
2019-04-04 10:01:28,-1.734723475976807e-18
2019-04-04 10:01:29,-1.734723475976807e-18
2019-04-04 10:01:30,-1.734723475976807e-18
2019-04-04 10:01:31,-1.734723475976807e-18
2019-04-04 10:01:32,-1.734723475976807e-18
2019-04-04 10:01:33,-1.734723475976807e-18
2019-04-04 10:01:34,-1.734723475976807e-18
2019-04-04 10:01:35,-1.734723475976807e-18
2019-04-04 10:01:36,-1.734723475976807e-18
2019-04-04 10:01:37,-1.734723475976807e-18
2019-04-04 10:01:38,-1.734723475976807e-18
2019-04-04 10:01:39,-1.734723475976807e-18
2019-04-04 10:01:40,-1.734723475976807e-18
2019-04-04 10:01:41,-1.734723475976807e-18
2019-04-04 10:01:42,-1.734723475976807e-18
2019-04-04 10:01:43,-1.734723475976807e-18
2019-04-04 10:01:44,-1.734723475976807e-18
2019-04-04 10:01:45,-1.734723475976807e-18
2019-04-04 10:01:46,-1.734723475976807e-18
2019-04-04 10:01:47,-1.734723475976807e-18
2019-04-04 10:01:48,-1.734723475976807e-18
2019-04-04 10:01:49,-1.734723475976807e-18
2019-04-04 10:01:50,-1.734723475976807e-18
2019-04-04 10:01:51,-1.734723475976807e-18
2019-04-04 10:01:52,-1.734723475976807e-18
2019-04-04 10:01:53,-1.734723475976807e-18
2019-04-04 10:01:54,-1.734723475976807e-18
2019-04-04 10:01:55,-1.734723475976807e-18
2019-04-04 10:01:56,-1.734723475976807e-18
2019-04-04 10:01:57,-1.734723475976807e-18
2019-04-04 10:01:58,-1.734723475976807e-18
2019-04-04 10:01:59,-1.734723475976807e-18
2019-04-04 10:02:00,-0.00030769230768918666
2019-04-04 10:02:01,-0.00030769230768989617
2019-04-04 10:02:02,-0.0003076923076906074
2019-04-04 10:02:03,-0.00030769230769131864
2019-04-04 10:02:04,-0.00030769230769202814
2019-04-04 10:02:05,0.0
2019-04-04 10:02:06,0.0
2019-04-04 10:02:07,0.0
2019-04-04 10:02:08,0.0
2019-04-04 10:02:09,0.0
2019-04-04 10:02:10,0.0
2019-04-04 10:02:11,0.0
2019-04-04 10:02:12,0.0
2019-04-04 10:02:13,0.0
2019-04-04 10:02:14,0.0
2019-04-04 10:02:15,0.0
2019-04-04 10:02:16,0.0
2019-04-04 10:02:17,0.0
2019-04-04 10:02:18,0.0
2019-04-04 10:02:19,0.0
2019-04-04 10:02:20,0.0
2019-04-04 10:02:21,0.0
2019-04-04 10:02:22,0.0
2019-04-04 10:02:23,0.0
2019-04-04 10:02:24,0.0
2019-04-04 10:02:25,0.0
2019-04-04 10:02:26,0.0
2019-04-04 10:02:27,0.0
2019-04-04 10:02:28,0.0
2019-04-04 10:02:29,0.0
2019-04-04 10:02:30,0.0
2019-04-04 10:02:31,0.0
2019-04-04 10:02:32,0.0
2019-04-04 10:02:33,0.0
2019-04-04 10:02:34,0.0
2019-04-04 10:02:35,0.0
2019-04-04 10:02:36,0.0
2019-04-04 10:02:37,-0.00016000000000286792
2019-04-04 10:02:38,-0.00016000000000215668
2019-04-04 10:02:39,-0.00016000000000144718
2019-04-04 10:02:40,-0.00016000000000073594
2019-04-04 10:02:41,-0.0001600000000000247
2019-04-04 10:02:42,0.0
2019-04-04 10:02:43,0.0
2019-04-04 10:02:44,0.0
2019-04-04 10:02:45,0.0
2019-04-04 10:02:46,0.0
2019-04-04 10:02:47,0.0
2019-04-04 10:02:48,0.0
2019-04-04 10:02:49,0.0
2019-04-04 10:02:50,0.0
2019-04-04 10:02:51,0.0
2019-04-04 10:02:52,0.0
2019-04-04 10:02:53,0.0
2019-04-04 10:02:54,0.0
2019-04-04 10:02:55,0.0
2019-04-04 10:02:56,0.0
2019-04-04 10:02:57,0.0
2019-04-04 10:02:58,0.0
2019-04-04 10:02:59,0.0
2019-04-04 10:03:00,0.0
2019-04-04 10:03:01,0.0
2019-04-04 10:03:02,0.0
2019-04-04 10:03:03,0.0
2019-04-04 10:03:04,0.0
2019-04-04 10:03:05,0.0
2019-04-04 10:03:06,0.0
2019-04-04 10:03:07,0.0
2019-04-04 10:03:08,0.0
2019-04-04 10:03:09,0.0
2019-04-04 10:03:10,0.0
2019-04-04 10:03:11,0.0
2019-04-04 10:03:12,0.0
2019-04-04 10:03:13,0.0
2019-04-04 10:03:14,0.0
2019-04-04 10:03:15,0.0
2019-04-04 10:03:16,0.0
2019-04-04 10:03:17,0.0
2019-04-04 10:03:18,0.0
2019-04-04 10:03:19,0.0
2019-04-04 10:03:20,0.0
2019-04-04 10:03:21,0.0
2019-04-04 10:03:22,0.0
2019-04-04 10:03:23,0.0
2019-04-04 10:03:24,0.0
2019-04-04 10:03:25,0.0
2019-04-04 10:03:26,0.0
2019-04-04 10:03:27,0.0
2019-04-04 10:03:28,0.0
2019-04-04 10:03:29,0.0
2019-04-04 10:03:30,0.0
2019-04-04 10:03:31,0.0
2019-04-04 10:03:32,0.0
2019-04-04 10:03:33,0.0
2019-04-04 10:03:34,0.0
2019-04-04 10:03:35,0.0
2019-04-04 10:03:36,0.0
2019-04-04 10:03:37,0.0
2019-04-04 10:03:38,0.0
2019-04-04 10:03:39,0.0
2019-04-04 10:03:40,0.0
2019-04-04 10:03:41,0.0
2019-04-04 10:03:42,0.0
2019-04-04 10:03:43,0.0
2019-04-04 10:03:44,0.0
2019-04-04 10:03:45,0.0
2019-04-04 10:03:46,0.0
2019-04-04 10:03:47,0.0
2019-04-04 10:03:48,0.0
2019-04-04 10:03:49,0.0
2019-04-04 10:03:50,0.0
2019-04-04 10:03:51,0.0
2019-04-04 10:03:52,-0.00019999999999702374
2019-04-04 10:03:53,-0.00019999999999773324
2019-04-04 10:03:54,-0.00019999999999844448
2019-04-04 10:03:55,-0.00019999999999915571
2019-04-04 10:03:56,-0.00019999999999986522
2019-04-04 10:03:57,0.0
2019-04-04 10:03:58,0.0
2019-04-04 10:03:59,0.0
2019-04-04 10:04:00,0.0
2019-04-04 10:04:01,0.0
2019-04-04 10:04:02,0.0
2019-04-04 10:04:03,0.0
2019-04-04 10:04:04,0.0
2019-04-04 10:04:05,0.0
2019-04-04 10:04:06,0.0
2019-04-04 10:04:07,0.0
2019-04-04 10:04:08,0.0
2019-04-04 10:04:09,0.0
2019-04-04 10:04:10,0.0
2019-04-04 10:04:11,0.0
2019-04-04 10:04:12,0.0
2019-04-04 10:04:13,0.0
2019-04-04 10:04:14,0.0
2019-04-04 10:04:15,0.0
2019-04-04 10:04:16,0.0
2019-04-04 10:04:17,0.0
2019-04-04 10:04:18,0.0
2019-04-04 10:04:19,0.0
2019-04-04 10:04:20,0.0
2019-04-04 10:04:21,0.0
2019-04-04 10:04:22,0.0
2019-04-04 10:04:23,0.0
2019-04-04 10:04:24,0.0
2019-04-04 10:04:25,0.0
2019-04-04 10:04:26,0.0
2019-04-04 10:04:27,0.0
2019-04-04 10:04:28,0.0
2019-04-04 10:04:29,0.0
2019-04-04 10:04:30,0.0
2019-04-04 10:04:31,0.0
2019-04-04 10:04:32,0.0
2019-04-04 10:04:33,0.0
2019-04-04 10:04:34,0.0
2019-04-04 10:04:35,0.0
2019-04-04 10:04:36,0.0
2019-04-04 10:04:37,0.0
2019-04-04 10:04:38,0.0
2019-04-04 10:04:39,0.0
2019-04-04 10:04:40,0.0
2019-04-04 10:04:41,0.0
2019-04-04 10:04:42,0.0
2019-04-04 10:04:43,0.0
2019-04-04 10:04:44,0.0
2019-04-04 10:04:45,0.0
2019-04-04 10:04:46,0.0
2019-04-04 10:04:47,0.0
2019-04-04 10:04:48,0.0
2019-04-04 10:04:49,0.0
2019-04-04 10:04:50,0.0
2019-04-04 10:04:51,0.0
2019-04-04 10:04:52,0.0
2019-04-04 10:04:53,0.0
2019-04-04 10:04:54,0.0
2019-04-04 10:04:55,0.0
2019-04-04 10:04:56,0.0
2019-04-04 10:04:57,0.0
2019-04-04 10:04:58,0.0
2019-04-04 10:04:59,0.0
2019-04-04 10:05:00,0.0
2019-04-04 10:05:01,0.0
2019-04-04 10:05:02,0.0
2019-04-04 10:05:03,0.0
2019-04-04 10:05:04,0.0
2019-04-04 10:05:05,0.0
2019-04-04 10:05:06,0.0
2019-04-04 10:05:07,0.0
2019-04-04 10:05:08,0.0
2019-04-04 10:05:09,0.0
2019-04-04 10:05:10,0.0
2019-04-04 10:05:11,0.0
2019-04-04 10:05:12,0.0
2019-04-04 10:05:13,0.0
2019-04-04 10:05:14,0.0
2019-04-04 10:05:15,0.0
2019-04-04 10:05:16,0.0
2019-04-04 10:05:17,0.0
2019-04-04 10:05:18,0.0
2019-04-04 10:05:19,0.0
2019-04-04 10:05:20,0.0
2019-04-04 10:05:21,0.0
2019-04-04 10:05:22,0.0
2019-04-04 10:05:23,0.0
2019-04-04 10:05:24,0.0
2019-04-04 10:05:25,0.0
2019-04-04 10:05:26,0.0
2019-04-04 10:05:27,0.0
2019-04-04 10:05:28,0.0
2019-04-04 10:05:29,0.0
2019-04-04 10:05:30,0.0
2019-04-04 10:05:31,0.0
2019-04-04 10:05:32,0.0
2019-04-04 10:05:33,0.0
2019-04-04 10:05:34,0.0
2019-04-04 10:05:35,0.0
2019-04-04 10:05:36,0.0
2019-04-04 10:05:37,0.0
2019-04-04 10:05:38,0.0
2019-04-04 10:05:39,0.0
2019-04-04 10:05:40,0.0
2019-04-04 10:05:41,0.0
2019-04-04 10:05:42,0.0
2019-04-04 10:05:43,0.0
2019-04-04 10:05:44,0.0
2019-04-04 10:05:45,0.0
2019-04-04 10:05:46,0.0
2019-04-04 10:05:47,0.0
2019-04-04 10:05:48,0.0
2019-04-04 10:05:49,0.0
2019-04-04 10:05:50,0.0
2019-04-04 10:05:51,0.0
2019-04-04 10:05:52,0.0
2019-04-04 10:05:53,0.0
2019-04-04 10:05:54,0.0
2019-04-04 10:05:55,0.0
2019-04-04 10:05:56,0.0
2019-04-04 10:05:57,0.0
2019-04-04 10:05:58,0.0
2019-04-04 10:05:59,0.0
2019-04-04 10:06:00,0.0
2019-04-04 10:06:01,0.0
2019-04-04 10:06:02,0.0
2019-04-04 10:06:03,0.0
2019-04-04 10:06:04,0.0
2019-04-04 10:06:05,0.0
2019-04-04 10:06:06,0.0
2019-04-04 10:06:07,0.0
2019-04-04 10:06:08,0.0
2019-04-04 10:06:09,0.0
2019-04-04 10:06:10,0.0
2019-04-04 10:06:11,0.0
2019-04-04 10:06:12,0.0
2019-04-04 10:06:13,0.0
2019-04-04 10:06:14,0.0
2019-04-04 10:06:15,0.0
2019-04-04 10:06:16,0.0
2019-04-04 10:06:17,0.0
2019-04-04 10:06:18,0.0
2019-04-04 10:06:19,0.0
2019-04-04 10:06:20,0.0
2019-04-04 10:06:21,0.0
2019-04-04 10:06:22,0.0
2019-04-04 10:06:23,0.0
2019-04-04 10:06:24,0.0
2019-04-04 10:06:25,0.0
2019-04-04 10:06:26,0.0
2019-04-04 10:06:27,0.0
2019-04-04 10:06:28,0.0
2019-04-04 10:06:29,0.0
2019-04-04 10:06:30,0.0
2019-04-04 10:06:31,0.0
2019-04-04 10:06:32,0.0
2019-04-04 10:06:33,0.0
2019-04-04 10:06:34,0.0
2019-04-04 10:06:35,0.0
2019-04-04 10:06:36,0.0
2019-04-04 10:06:37,0.0
2019-04-04 10:06:38,0.0
2019-04-04 10:06:39,0.0
2019-04-04 10:06:40,0.0
2019-04-04 10:06:41,0.0
2019-04-04 10:06:42,0.0
2019-04-04 10:06:43,0.0
2019-04-04 10:06:44,0.0
2019-04-04 10:06:45,0.0
2019-04-04 10:06:46,0.0
2019-04-04 10:06:47,0.0
2019-04-04 10:06:48,0.0
2019-04-04 10:06:49,0.0
2019-04-04 10:06:50,0.0
2019-04-04 10:06:51,0.0
2019-04-04 10:06:52,0.0
2019-04-04 10:06:53,0.0
2019-04-04 10:06:54,0.0
2019-04-04 10:06:55,0.0
2019-04-04 10:06:56,0.0
2019-04-04 10:06:57,0.0
2019-04-04 10:06:58,0.0
2019-04-04 10:06:59,0.0
2019-04-04 10:07:00,0.0
2019-04-04 10:07:01,0.0
2019-04-04 10:07:02,0.0
2019-04-04 10:07:03,0.0
2019-04-04 10:07:04,0.0
2019-04-04 10:07:05,0.0
2019-04-04 10:07:06,0.0
2019-04-04 10:07:07,0.0
2019-04-04 10:07:08,0.0
2019-04-04 10:07:09,0.0
2019-04-04 10:07:10,0.0
2019-04-04 10:07:11,0.0
2019-04-04 10:07:12,0.0
2019-04-04 10:07:13,0.0
2019-04-04 10:07:14,0.0
2019-04-04 10:07:15,0.0
2019-04-04 10:07:16,0.0
2019-04-04 10:07:17,0.0
2019-04-04 10:07:18,0.0
2019-04-04 10:07:19,0.0
2019-04-04 10:07:20,0.0
2019-04-04 10:07:21,0.0
2019-04-04 10:07:22,0.0
2019-04-04 10:07:23,0.0
2019-04-04 10:07:24,0.0
2019-04-04 10:07:25,0.0
2019-04-04 10:07:26,0.0
2019-04-04 10:07:27,0.0
2019-04-04 10:07:28,0.0
2019-04-04 10:07:29,0.0
2019-04-04 10:07:30,0.0
2019-04-04 10:07:31,0.0
2019-04-04 10:07:32,0.0
2019-04-04 10:07:33,0.0
2019-04-04 10:07:34,0.0
2019-04-04 10:07:35,0.0
2019-04-04 10:07:36,0.0
2019-04-04 10:07:37,0.0
2019-04-04 10:07:38,0.0
2019-04-04 10:07:39,0.0
2019-04-04 10:07:40,0.0
2019-04-04 10:07:41,0.0
2019-04-04 10:07:42,0.0
2019-04-04 10:07:43,0.0
2019-04-04 10:07:44,0.0
2019-04-04 10:07:45,0.0
2019-04-04 10:07:46,-0.0006666666666698649
2019-04-04 10:07:47,-0.0006666666666691554
2019-04-04 10:07:48,-0.0006666666666684442
2019-04-04 10:07:49,-0.0006666666666677347
2019-04-04 10:07:50,-0.0006666666666670235
2019-04-04 10:07:51,-1.734723475976807e-18
2019-04-04 10:07:52,-1.734723475976807e-18
2019-04-04 10:07:53,-1.734723475976807e-18
2019-04-04 10:07:54,-1.734723475976807e-18
2019-04-04 10:07:55,-1.734723475976807e-18
2019-04-04 10:07:56,-1.734723475976807e-18
2019-04-04 10:07:57,-1.734723475976807e-18
2019-04-04 10:07:58,-1.734723475976807e-18
2019-04-04 10:07:59,-1.734723475976807e-18
2019-04-04 10:08:00,-1.734723475976807e-18
2019-04-04 10:08:01,-1.734723475976807e-18
2019-04-04 10:08:02,-1.734723475976807e-18
2019-04-04 10:08:03,-1.734723475976807e-18
2019-04-04 10:08:04,-1.734723475976807e-18
2019-04-04 10:08:05,-1.734723475976807e-18
2019-04-04 10:08:06,-1.734723475976807e-18
2019-04-04 10:08:07,-1.734723475976807e-18
2019-04-04 10:08:08,-1.734723475976807e-18
2019-04-04 10:08:09,-1.734723475976807e-18
2019-04-04 10:08:10,-1.734723475976807e-18
2019-04-04 10:08:11,-1.734723475976807e-18
2019-04-04 10:08:12,-1.734723475976807e-18
2019-04-04 10:08:13,-1.734723475976807e-18
2019-04-04 10:08:14,-1.734723475976807e-18
2019-04-04 10:08:15,-1.734723475976807e-18
2019-04-04 10:08:16,-1.734723475976807e-18
2019-04-04 10:08:17,-1.734723475976807e-18
2019-04-04 10:08:18,-1.734723475976807e-18
2019-04-04 10:08:19,-1.734723475976807e-18
2019-04-04 10:08:20,-1.734723475976807e-18
2019-04-04 10:08:21,-1.734723475976807e-18
2019-04-04 10:08:22,-1.734723475976807e-18
2019-04-04 10:08:23,-1.734723475976807e-18
2019-04-04 10:08:24,-1.734723475976807e-18
2019-04-04 10:08:25,-1.734723475976807e-18
2019-04-04 10:08:26,-1.734723475976807e-18
2019-04-04 10:08:27,-1.734723475976807e-18
2019-04-04 10:08:28,-1.734723475976807e-18
2019-04-04 10:08:29,-1.734723475976807e-18
2019-04-04 10:08:30,-1.734723475976807e-18
2019-04-04 10:08:31,-1.734723475976807e-18
2019-04-04 10:08:32,-1.734723475976807e-18
2019-04-04 10:08:33,-1.734723475976807e-18
2019-04-04 10:08:34,-1.734723475976807e-18
2019-04-04 10:08:35,-1.734723475976807e-18
2019-04-04 10:08:36,-1.734723475976807e-18
2019-04-04 10:08:37,-1.734723475976807e-18
2019-04-04 10:08:38,-1.734723475976807e-18
2019-04-04 10:08:39,-1.734723475976807e-18
2019-04-04 10:08:40,-1.734723475976807e-18
2019-04-04 10:08:41,-1.734723475976807e-18
2019-04-04 10:08:42,-1.734723475976807e-18
2019-04-04 10:08:43,-1.734723475976807e-18
2019-04-04 10:08:44,-1.734723475976807e-18
2019-04-04 10:08:45,-1.734723475976807e-18
2019-04-04 10:08:46,-1.734723475976807e-18
2019-04-04 10:08:47,-1.734723475976807e-18
2019-04-04 10:08:48,-1.734723475976807e-18
2019-04-04 10:08:49,-1.734723475976807e-18
2019-04-04 10:08:50,-1.734723475976807e-18
2019-04-04 10:08:51,-1.734723475976807e-18
2019-04-04 10:08:52,-1.734723475976807e-18
2019-04-04 10:08:53,-1.734723475976807e-18
2019-04-04 10:08:54,-1.734723475976807e-18
2019-04-04 10:08:55,-1.734723475976807e-18
2019-04-04 10:08:56,-1.734723475976807e-18
2019-04-04 10:08:57,-1.734723475976807e-18
2019-04-04 10:08:58,-1.734723475976807e-18
2019-04-04 10:08:59,-1.734723475976807e-18
2019-04-04 10:09:00,-1.734723475976807e-18
2019-04-04 10:09:01,-1.734723475976807e-18
2019-04-04 10:09:02,-1.734723475976807e-18
2019-04-04 10:09:03,-1.734723475976807e-18
2019-04-04 10:09:04,-1.734723475976807e-18
2019-04-04 10:09:05,-1.734723475976807e-18
2019-04-04 10:09:06,-1.734723475976807e-18
2019-04-04 10:09:07,-1.734723475976807e-18
2019-04-04 10:09:08,-1.734723475976807e-18
2019-04-04 10:09:09,-1.734723475976807e-18
2019-04-04 10:09:10,-1.734723475976807e-18
2019-04-04 10:09:11,-1.734723475976807e-18
2019-04-04 10:09:12,-1.734723475976807e-18
2019-04-04 10:09:13,-1.734723475976807e-18
2019-04-04 10:09:14,-1.734723475976807e-18
2019-04-04 10:09:15,-1.734723475976807e-18
2019-04-04 10:09:16,-1.734723475976807e-18
2019-04-04 10:09:17,-1.734723475976807e-18
2019-04-04 10:09:18,-1.734723475976807e-18
2019-04-04 10:09:19,-1.734723475976807e-18
2019-04-04 10:09:20,-1.734723475976807e-18
2019-04-04 10:09:21,-1.734723475976807e-18
2019-04-04 10:09:22,-1.734723475976807e-18
2019-04-04 10:09:23,-1.734723475976807e-18
2019-04-04 10:09:24,-1.734723475976807e-18
2019-04-04 10:09:25,-1.734723475976807e-18
2019-04-04 10:09:26,-1.734723475976807e-18
2019-04-04 10:09:27,-1.734723475976807e-18
2019-04-04 10:09:28,-1.734723475976807e-18
2019-04-04 10:09:29,-1.734723475976807e-18
2019-04-04 10:09:30,-1.734723475976807e-18
2019-04-04 10:09:31,-1.734723475976807e-18
2019-04-04 10:09:32,-1.734723475976807e-18
2019-04-04 10:09:33,-1.734723475976807e-18
2019-04-04 10:09:34,-1.734723475976807e-18
2019-04-04 10:09:35,-1.734723475976807e-18
2019-04-04 10:09:36,-1.734723475976807e-18
2019-04-04 10:09:37,-1.734723475976807e-18
2019-04-04 10:09:38,-1.734723475976807e-18
2019-04-04 10:09:39,-1.734723475976807e-18
2019-04-04 10:09:40,-1.734723475976807e-18
2019-04-04 10:09:41,-1.734723475976807e-18
2019-04-04 10:09:42,-1.734723475976807e-18
2019-04-04 10:09:43,-1.734723475976807e-18
2019-04-04 10:09:44,-1.734723475976807e-18
2019-04-04 10:09:45,-1.734723475976807e-18
2019-04-04 10:09:46,-1.734723475976807e-18
2019-04-04 10:09:47,-1.734723475976807e-18
2019-04-04 10:09:48,-1.734723475976807e-18
2019-04-04 10:09:49,-1.734723475976807e-18
2019-04-04 10:09:50,-1.734723475976807e-18
2019-04-04 10:09:51,-1.734723475976807e-18
2019-04-04 10:09:52,-1.734723475976807e-18
2019-04-04 10:09:53,-1.734723475976807e-18
2019-04-04 10:09:54,-1.734723475976807e-18
2019-04-04 10:09:55,-1.734723475976807e-18
2019-04-04 10:09:56,-1.734723475976807e-18
2019-04-04 10:09:57,-1.734723475976807e-18
2019-04-04 10:09:58,-1.734723475976807e-18
2019-04-04 10:09:59,-1.734723475976807e-18
2019-04-04 10:10:00,-1.734723475976807e-18
2019-04-04 10:10:01,-1.734723475976807e-18
2019-04-04 10:10:02,-1.734723475976807e-18
2019-04-04 10:10:03,-1.734723475976807e-18
2019-04-04 10:10:04,-1.734723475976807e-18
2019-04-04 10:10:05,-1.734723475976807e-18
2019-04-04 10:10:06,-1.734723475976807e-18
2019-04-04 10:10:07,-1.734723475976807e-18
2019-04-04 10:10:08,-1.734723475976807e-18
2019-04-04 10:10:09,-1.734723475976807e-18
2019-04-04 10:10:10,-1.734723475976807e-18
2019-04-04 10:10:11,-1.734723475976807e-18
2019-04-04 10:10:12,-1.734723475976807e-18
2019-04-04 10:10:13,-1.734723475976807e-18
2019-04-04 10:10:14,-1.734723475976807e-18
2019-04-04 10:10:15,-1.734723475976807e-18
2019-04-04 10:10:16,-1.734723475976807e-18
2019-04-04 10:10:17,-1.734723475976807e-18
2019-04-04 10:10:18,-1.734723475976807e-18
2019-04-04 10:10:19,-1.734723475976807e-18
2019-04-04 10:10:20,-1.734723475976807e-18
2019-04-04 10:10:21,-1.734723475976807e-18
2019-04-04 10:10:22,-1.734723475976807e-18
2019-04-04 10:10:23,-1.734723475976807e-18
2019-04-04 10:10:24,-1.734723475976807e-18
2019-04-04 10:10:25,-1.734723475976807e-18
2019-04-04 10:10:26,-1.734723475976807e-18
2019-04-04 10:10:27,-1.734723475976807e-18
2019-04-04 10:10:28,-1.734723475976807e-18
2019-04-04 10:10:29,-1.734723475976807e-18
2019-04-04 10:10:30,-1.734723475976807e-18
2019-04-04 10:10:31,-1.734723475976807e-18
2019-04-04 10:10:32,-1.734723475976807e-18
2019-04-04 10:10:33,-1.734723475976807e-18
2019-04-04 10:10:34,-1.734723475976807e-18
2019-04-04 10:10:35,-1.734723475976807e-18
2019-04-04 10:10:36,-1.734723475976807e-18
2019-04-04 10:10:37,-1.734723475976807e-18
2019-04-04 10:10:38,-1.734723475976807e-18
2019-04-04 10:10:39,-1.734723475976807e-18
2019-04-04 10:10:40,-1.734723475976807e-18
2019-04-04 10:10:41,-1.734723475976807e-18
2019-04-04 10:10:42,-1.734723475976807e-18
2019-04-04 10:10:43,-1.734723475976807e-18
2019-04-04 10:10:44,-1.734723475976807e-18
2019-04-04 10:10:45,-1.734723475976807e-18
2019-04-04 10:10:46,-1.734723475976807e-18
2019-04-04 10:10:47,-1.734723475976807e-18
2019-04-04 10:10:48,-1.734723475976807e-18
2019-04-04 10:10:49,-1.734723475976807e-18
2019-04-04 10:10:50,-1.734723475976807e-18
2019-04-04 10:10:51,-1.734723475976807e-18
2019-04-04 10:10:52,-1.734723475976807e-18
2019-04-04 10:10:53,-1.734723475976807e-18
2019-04-04 10:10:54,-1.734723475976807e-18
2019-04-04 10:10:55,-1.734723475976807e-18
2019-04-04 10:10:56,-1.734723475976807e-18
2019-04-04 10:10:57,-1.734723475976807e-18
2019-04-04 10:10:58,-1.734723475976807e-18
2019-04-04 10:10:59,-1.734723475976807e-18
2019-04-04 10:11:00,-1.734723475976807e-18
2019-04-04 10:11:01,-1.734723475976807e-18
2019-04-04 10:11:02,-1.734723475976807e-18
2019-04-04 10:11:03,-1.734723475976807e-18
2019-04-04 10:11:04,-1.734723475976807e-18
2019-04-04 10:11:05,-1.734723475976807e-18
2019-04-04 10:11:06,-1.734723475976807e-18
2019-04-04 10:11:07,-1.734723475976807e-18
2019-04-04 10:11:08,-1.734723475976807e-18
2019-04-04 10:11:09,-1.734723475976807e-18
2019-04-04 10:11:10,-1.734723475976807e-18
2019-04-04 10:11:11,-1.734723475976807e-18
2019-04-04 10:11:12,-1.734723475976807e-18
2019-04-04 10:11:13,-1.734723475976807e-18
2019-04-04 10:11:14,-1.734723475976807e-18
2019-04-04 10:11:15,-1.734723475976807e-18
2019-04-04 10:11:16,-1.734723475976807e-18
2019-04-04 10:11:17,-1.734723475976807e-18
2019-04-04 10:11:18,-1.734723475976807e-18
2019-04-04 10:11:19,-1.734723475976807e-18
2019-04-04 10:11:20,-1.734723475976807e-18
2019-04-04 10:11:21,-1.734723475976807e-18
2019-04-04 10:11:22,-1.734723475976807e-18
2019-04-04 10:11:23,-1.734723475976807e-18
2019-04-04 10:11:24,-1.734723475976807e-18
2019-04-04 10:11:25,-1.734723475976807e-18
2019-04-04 10:11:26,-1.734723475976807e-18
2019-04-04 10:11:27,-1.734723475976807e-18
2019-04-04 10:11:28,-1.734723475976807e-18
2019-04-04 10:11:29,-1.734723475976807e-18
2019-04-04 10:11:30,-1.734723475976807e-18
2019-04-04 10:11:31,-1.734723475976807e-18
2019-04-04 10:11:32,-1.734723475976807e-18
2019-04-04 10:11:33,-1.734723475976807e-18
2019-04-04 10:11:34,-1.734723475976807e-18
2019-04-04 10:11:35,-1.734723475976807e-18
2019-04-04 10:11:36,-1.734723475976807e-18
2019-04-04 10:11:37,-1.734723475976807e-18
2019-04-04 10:11:38,-1.734723475976807e-18
2019-04-04 10:11:39,-1.734723475976807e-18
2019-04-04 10:11:40,-1.734723475976807e-18
2019-04-04 10:11:41,-1.734723475976807e-18
2019-04-04 10:11:42,-1.734723475976807e-18
2019-04-04 10:11:43,-1.734723475976807e-18
2019-04-04 10:11:44,-1.734723475976807e-18
2019-04-04 10:11:45,-1.734723475976807e-18
2019-04-04 10:11:46,-1.734723475976807e-18
2019-04-04 10:11:47,-1.734723475976807e-18
2019-04-04 10:11:48,-1.734723475976807e-18
2019-04-04 10:11:49,-1.734723475976807e-18
2019-04-04 10:11:50,-1.734723475976807e-18
2019-04-04 10:11:51,-1.734723475976807e-18
2019-04-04 10:11:52,-1.734723475976807e-18
2019-04-04 10:11:53,-1.734723475976807e-18
2019-04-04 10:11:54,-1.734723475976807e-18
2019-04-04 10:11:55,-1.734723475976807e-18
2019-04-04 10:11:56,-1.734723475976807e-18
2019-04-04 10:11:57,-1.734723475976807e-18
2019-04-04 10:11:58,-1.734723475976807e-18
2019-04-04 10:11:59,-1.734723475976807e-18
2019-04-04 10:12:00,-1.734723475976807e-18
2019-04-04 10:12:01,-1.734723475976807e-18
2019-04-04 10:12:02,-1.734723475976807e-18
2019-04-04 10:12:03,-1.734723475976807e-18
2019-04-04 10:12:04,-1.734723475976807e-18
2019-04-04 10:12:05,-1.734723475976807e-18
2019-04-04 10:12:06,-1.734723475976807e-18
2019-04-04 10:12:07,-1.734723475976807e-18
2019-04-04 10:12:08,-1.734723475976807e-18
2019-04-04 10:12:09,-1.734723475976807e-18
2019-04-04 10:12:10,-1.734723475976807e-18
2019-04-04 10:12:11,-1.734723475976807e-18
2019-04-04 10:12:12,-1.734723475976807e-18
2019-04-04 10:12:13,-1.734723475976807e-18
2019-04-04 10:12:14,-1.734723475976807e-18
2019-04-04 10:12:15,-1.734723475976807e-18
2019-04-04 10:12:16,-1.734723475976807e-18
2019-04-04 10:12:17,-1.734723475976807e-18
2019-04-04 10:12:18,-1.734723475976807e-18
2019-04-04 10:12:19,-1.734723475976807e-18
2019-04-04 10:12:20,-1.734723475976807e-18
2019-04-04 10:12:21,-1.734723475976807e-18
2019-04-04 10:12:22,-1.734723475976807e-18
2019-04-04 10:12:23,-1.734723475976807e-18
2019-04-04 10:12:24,-1.734723475976807e-18
2019-04-04 10:12:25,-1.734723475976807e-18
2019-04-04 10:12:26,-1.734723475976807e-18
2019-04-04 10:12:27,-1.734723475976807e-18
2019-04-04 10:12:28,-1.734723475976807e-18
2019-04-04 10:12:29,-1.734723475976807e-18
2019-04-04 10:12:30,-1.734723475976807e-18
2019-04-04 10:12:31,-1.734723475976807e-18
2019-04-04 10:12:32,-1.734723475976807e-18
2019-04-04 10:12:33,-1.734723475976807e-18
2019-04-04 10:12:34,-1.734723475976807e-18
2019-04-04 10:12:35,-1.734723475976807e-18
2019-04-04 10:12:36,-1.734723475976807e-18
2019-04-04 10:12:37,-7.999999999685863e-05
2019-04-04 10:12:38,-7.999999999756986e-05
2019-04-04 10:12:39,-7.999999999827936e-05
2019-04-04 10:12:40,-7.99999999989906e-05
2019-04-04 10:12:41,-7.999999999970184e-05
2019-04-04 10:12:42,-1.734723475976807e-18
2019-04-04 10:12:43,-1.734723475976807e-18
2019-04-04 10:12:44,-1.734723475976807e-18
2019-04-04 10:12:45,-1.734723475976807e-18
2019-04-04 10:12:46,-1.734723475976807e-18
2019-04-04 10:12:47,-1.734723475976807e-18
2019-04-04 10:12:48,-1.734723475976807e-18
2019-04-04 10:12:49,-1.734723475976807e-18
2019-04-04 10:12:50,-0.00030769230769528075
2019-04-04 10:12:51,-0.00030769230769457125
2019-04-04 10:12:52,-0.00030769230769386
2019-04-04 10:12:53,-0.0003076923076931505
2019-04-04 10:12:54,-0.00030769230769243927
2019-04-04 10:12:55,-1.734723475976807e-18
2019-04-04 10:12:56,-1.734723475976807e-18
2019-04-04 10:12:57,-1.734723475976807e-18
2019-04-04 10:12:58,-1.734723475976807e-18
2019-04-04 10:12:59,-1.734723475976807e-18
2019-04-04 10:13:00,-1.734723475976807e-18
2019-04-04 10:13:01,-1.734723475976807e-18
2019-04-04 10:13:02,-1.734723475976807e-18
2019-04-04 10:13:03,-1.734723475976807e-18
2019-04-04 10:13:04,-1.734723475976807e-18
2019-04-04 10:13:05,-1.734723475976807e-18
2019-04-04 10:13:06,-1.734723475976807e-18
2019-04-04 10:13:07,-1.734723475976807e-18
2019-04-04 10:13:08,-1.734723475976807e-18
2019-04-04 10:13:09,-1.734723475976807e-18
2019-04-04 10:13:10,-1.734723475976807e-18
2019-04-04 10:13:11,-1.734723475976807e-18
2019-04-04 10:13:12,-1.734723475976807e-18
2019-04-04 10:13:13,-1.734723475976807e-18
2019-04-04 10:13:14,-0.00031578947368126817
2019-04-04 10:13:15,-0.0003157894736819794
2019-04-04 10:13:16,-0.00031578947368269064
2019-04-04 10:13:17,-0.00031578947368340014
2019-04-04 10:13:18,-0.0003157894736841114
2019-04-04 10:13:19,0.0
2019-04-04 10:13:20,0.0
2019-04-04 10:13:21,0.0
2019-04-04 10:13:22,0.0
2019-04-04 10:13:23,0.0
2019-04-04 10:13:24,0.0
2019-04-04 10:13:25,0.0
2019-04-04 10:13:26,0.0
2019-04-04 10:13:27,0.0
2019-04-04 10:13:28,0.0
2019-04-04 10:13:29,0.0
2019-04-04 10:13:30,0.0
2019-04-04 10:13:31,0.0
2019-04-04 10:13:32,0.0
2019-04-04 10:13:33,0.0
2019-04-04 10:13:34,0.0
2019-04-04 10:13:35,0.0
2019-04-04 10:13:36,0.0
2019-04-04 10:13:37,0.0
2019-04-04 10:13:38,0.0
2019-04-04 10:13:39,0.0
2019-04-04 10:13:40,0.0
2019-04-04 10:13:41,0.0
2019-04-04 10:13:42,0.0
2019-04-04 10:13:43,0.0
2019-04-04 10:13:44,0.0
2019-04-04 10:13:45,0.0
2019-04-04 10:13:46,0.0
2019-04-04 10:13:47,0.0
2019-04-04 10:13:48,0.0
2019-04-04 10:13:49,0.0
2019-04-04 10:13:50,0.0
2019-04-04 10:13:51,0.0
2019-04-04 10:13:52,0.0
2019-04-04 10:13:53,0.0
2019-04-04 10:13:54,0.0
2019-04-04 10:13:55,0.0
2019-04-04 10:13:56,0.0
2019-04-04 10:13:57,0.0
2019-04-04 10:13:58,0.0
2019-04-04 10:13:59,0.0
2019-04-04 10:14:00,0.0
2019-04-04 10:14:01,0.0
2019-04-04 10:14:02,0.0
2019-04-04 10:14:03,0.0
2019-04-04 10:14:04,0.0
2019-04-04 10:14:05,0.0
2019-04-04 10:14:06,0.0
2019-04-04 10:14:07,0.0
2019-04-04 10:14:08,0.0
2019-04-04 10:14:09,0.0
2019-04-04 10:14:10,0.0
2019-04-04 10:14:11,0.0
2019-04-04 10:14:12,0.0
2019-04-04 10:14:13,0.0
2019-04-04 10:14:14,0.0
2019-04-04 10:14:15,0.0
2019-04-04 10:14:16,0.0
2019-04-04 10:14:17,0.0
2019-04-04 10:14:18,0.0
2019-04-04 10:14:19,0.0
2019-04-04 10:14:20,0.0
2019-04-04 10:14:21,0.0
2019-04-04 10:14:22,0.0
2019-04-04 10:14:23,0.0
2019-04-04 10:14:24,0.0
2019-04-04 10:14:25,0.0
2019-04-04 10:14:26,0.0
2019-04-04 10:14:27,0.0
2019-04-04 10:14:28,0.0
2019-04-04 10:14:29,0.0
2019-04-04 10:14:30,0.0
2019-04-04 10:14:31,0.0
2019-04-04 10:14:32,0.0
2019-04-04 10:14:33,0.0
2019-04-04 10:14:34,0.0
2019-04-04 10:14:35,0.0
2019-04-04 10:14:36,0.0
2019-04-04 10:14:37,0.0
2019-04-04 10:14:38,0.0
2019-04-04 10:14:39,0.0
2019-04-04 10:14:40,0.0
2019-04-04 10:14:41,0.0
2019-04-04 10:14:42,0.0
2019-04-04 10:14:43,0.0
2019-04-04 10:14:44,0.0
2019-04-04 10:14:45,0.0
2019-04-04 10:14:46,0.0
2019-04-04 10:14:47,0.0
2019-04-04 10:14:48,0.0
2019-04-04 10:14:49,0.0
2019-04-04 10:14:50,0.0
2019-04-04 10:14:51,0.0
2019-04-04 10:14:52,0.0
2019-04-04 10:14:53,0.0
2019-04-04 10:14:54,0.0
2019-04-04 10:14:55,0.0
2019-04-04 10:14:56,0.0
2019-04-04 10:14:57,0.0
2019-04-04 10:14:58,0.0
2019-04-04 10:14:59,0.0
2019-04-04 10:15:00,0.0
2019-04-04 10:15:01,0.0
2019-04-04 10:15:02,0.0
2019-04-04 10:15:03,0.0
2019-04-04 10:15:04,0.0
2019-04-04 10:15:05,0.0
2019-04-04 10:15:06,0.0
2019-04-04 10:15:07,0.0
2019-04-04 10:15:08,0.0
2019-04-04 10:15:09,0.0
2019-04-04 10:15:10,0.0
2019-04-04 10:15:11,0.0
2019-04-04 10:15:12,0.0
2019-04-04 10:15:13,0.0
2019-04-04 10:15:14,0.0
2019-04-04 10:15:15,0.0
2019-04-04 10:15:16,0.0
2019-04-04 10:15:17,0.0
2019-04-04 10:15:18,0.0
2019-04-04 10:15:19,0.0
2019-04-04 10:15:20,0.0
2019-04-04 10:15:21,0.0
2019-04-04 10:15:22,0.0
2019-04-04 10:15:23,0.0
2019-04-04 10:15:24,0.0
2019-04-04 10:15:25,0.0
2019-04-04 10:15:26,0.0
2019-04-04 10:15:27,0.0
2019-04-04 10:15:28,0.0
2019-04-04 10:15:29,0.0
2019-04-04 10:15:30,0.0
2019-04-04 10:15:31,0.0
2019-04-04 10:15:32,0.0
2019-04-04 10:15:33,0.0
2019-04-04 10:15:34,0.0
2019-04-04 10:15:35,0.0
2019-04-04 10:15:36,0.0
2019-04-04 10:15:37,0.0
2019-04-04 10:15:38,0.0
2019-04-04 10:15:39,0.0
2019-04-04 10:15:40,0.0
2019-04-04 10:15:41,0.0
2019-04-04 10:15:42,0.0
2019-04-04 10:15:43,0.0
2019-04-04 10:15:44,0.0
2019-04-04 10:15:45,0.0
2019-04-04 10:15:46,0.0
2019-04-04 10:15:47,0.0
2019-04-04 10:15:48,0.0
2019-04-04 10:15:49,0.0
2019-04-04 10:15:50,0.0
2019-04-04 10:15:51,0.0
2019-04-04 10:15:52,0.0
2019-04-04 10:15:53,0.0
2019-04-04 10:15:54,0.0
2019-04-04 10:15:55,0.0
2019-04-04 10:15:56,0.0
2019-04-04 10:15:57,0.0
2019-04-04 10:15:58,0.0
2019-04-04 10:15:59,0.0
2019-04-04 10:16:00,0.0
2019-04-04 10:16:01,0.0
2019-04-04 10:16:02,0.0
2019-04-04 10:16:03,0.0
2019-04-04 10:16:04,0.0
2019-04-04 10:16:05,0.0
2019-04-04 10:16:06,0.0
2019-04-04 10:16:07,0.0
2019-04-04 10:16:08,0.0
2019-04-04 10:16:09,0.0
2019-04-04 10:16:10,0.0
2019-04-04 10:16:11,0.0
2019-04-04 10:16:12,0.0
2019-04-04 10:16:13,0.0
2019-04-04 10:16:14,0.0
2019-04-04 10:16:15,0.0
2019-04-04 10:16:16,0.0
2019-04-04 10:16:17,0.0
2019-04-04 10:16:18,0.0
2019-04-04 10:16:19,0.0
2019-04-04 10:16:20,0.0
2019-04-04 10:16:21,0.0
2019-04-04 10:16:22,0.0
2019-04-04 10:16:23,0.0
2019-04-04 10:16:24,0.0
2019-04-04 10:16:25,0.0
2019-04-04 10:16:26,0.0
2019-04-04 10:16:27,0.0
2019-04-04 10:16:28,0.0
2019-04-04 10:16:29,0.0
2019-04-04 10:16:30,0.0
2019-04-04 10:16:31,0.0
2019-04-04 10:16:32,0.0
2019-04-04 10:16:33,0.0
2019-04-04 10:16:34,0.0
2019-04-04 10:16:35,0.0
2019-04-04 10:16:36,0.0
2019-04-04 10:16:37,0.0
2019-04-04 10:16:38,0.0
2019-04-04 10:16:39,0.0
2019-04-04 10:16:40,0.0
2019-04-04 10:16:41,0.0
2019-04-04 10:16:42,0.0
2019-04-04 10:16:43,0.0
2019-04-04 10:16:44,0.0
2019-04-04 10:16:45,0.0
2019-04-04 10:16:46,0.0
2019-04-04 10:16:47,0.0
2019-04-04 10:16:48,0.0
2019-04-04 10:16:49,0.0
2019-04-04 10:16:50,0.0
2019-04-04 10:16:51,0.0
2019-04-04 10:16:52,0.0
2019-04-04 10:16:53,0.0
2019-04-04 10:16:54,0.0
2019-04-04 10:16:55,0.0
2019-04-04 10:16:56,0.0
2019-04-04 10:16:57,0.0
2019-04-04 10:16:58,0.0
2019-04-04 10:16:59,0.0
2019-04-04 10:17:00,0.0
2019-04-04 10:17:01,0.0
2019-04-04 10:17:02,0.0
2019-04-04 10:17:03,0.0
2019-04-04 10:17:04,0.0
2019-04-04 10:17:05,0.0
2019-04-04 10:17:06,0.0
2019-04-04 10:17:07,0.0
2019-04-04 10:17:08,0.0
2019-04-04 10:17:09,0.0
2019-04-04 10:17:10,0.0
2019-04-04 10:17:11,0.0
2019-04-04 10:17:12,0.0
2019-04-04 10:17:13,0.0
2019-04-04 10:17:14,0.0
2019-04-04 10:17:15,0.0
2019-04-04 10:17:16,0.0
2019-04-04 10:17:17,0.0
2019-04-04 10:17:18,0.0
2019-04-04 10:17:19,0.0
2019-04-04 10:17:20,0.0
2019-04-04 10:17:21,0.0
2019-04-04 10:17:22,0.0
2019-04-04 10:17:23,0.0
2019-04-04 10:17:24,0.0
2019-04-04 10:17:25,0.0
2019-04-04 10:17:26,0.0
2019-04-04 10:17:27,0.0
2019-04-04 10:17:28,0.0
2019-04-04 10:17:29,-8.000000000302557e-05
2019-04-04 10:17:30,-8.000000000231433e-05
2019-04-04 10:17:31,-8.00000000016031e-05
2019-04-04 10:17:32,-8.000000000089359e-05
2019-04-04 10:17:33,-8.000000000018236e-05
2019-04-04 10:17:34,0.0
2019-04-04 10:17:35,0.0
2019-04-04 10:17:36,0.0
2019-04-04 10:17:37,0.0
2019-04-04 10:17:38,0.0
2019-04-04 10:17:39,0.0
2019-04-04 10:17:40,0.0
2019-04-04 10:17:41,0.0
2019-04-04 10:17:42,0.0
2019-04-04 10:17:43,0.0
2019-04-04 10:17:44,0.0
2019-04-04 10:17:45,0.0
2019-04-04 10:17:46,0.0
2019-04-04 10:17:47,0.0
2019-04-04 10:17:48,0.0
2019-04-04 10:17:49,0.0
2019-04-04 10:17:50,0.0
2019-04-04 10:17:51,0.0
2019-04-04 10:17:52,0.0
2019-04-04 10:17:53,0.0
2019-04-04 10:17:54,0.0
2019-04-04 10:17:55,0.0
2019-04-04 10:17:56,0.0
2019-04-04 10:17:57,0.0
2019-04-04 10:17:58,0.0
2019-04-04 10:17:59,0.0
2019-04-04 10:18:00,0.0
2019-04-04 10:18:01,0.0
2019-04-04 10:18:02,0.0
2019-04-04 10:18:03,0.0
2019-04-04 10:18:04,0.0
2019-04-04 10:18:05,0.0
2019-04-04 10:18:06,0.0
2019-04-04 10:18:07,0.0
2019-04-04 10:18:08,0.0
2019-04-04 10:18:09,0.0
2019-04-04 10:18:10,0.0
2019-04-04 10:18:11,0.0
2019-04-04 10:18:12,0.0
2019-04-04 10:18:13,0.0
2019-04-04 10:18:14,0.0
2019-04-04 10:18:15,0.0
2019-04-04 10:18:16,0.0
2019-04-04 10:18:17,0.0
2019-04-04 10:18:18,0.0
2019-04-04 10:18:19,0.0
2019-04-04 10:18:20,0.0
2019-04-04 10:18:21,0.0
2019-04-04 10:18:22,0.0
2019-04-04 10:18:23,0.0
2019-04-04 10:18:24,0.0
2019-04-04 10:18:25,0.0
2019-04-04 10:18:26,0.0
2019-04-04 10:18:27,0.0
2019-04-04 10:18:28,0.0
2019-04-04 10:18:29,-0.0001333333333302985
2019-04-04 10:18:30,-0.00013333333333100973
2019-04-04 10:18:31,-0.00013333333333171923
2019-04-04 10:18:32,-0.00013333333333243047
2019-04-04 10:18:33,-0.0001333333333331417
2019-04-04 10:18:34,0.0
2019-04-04 10:18:35,0.0
2019-04-04 10:18:36,0.0
2019-04-04 10:18:37,0.0
2019-04-04 10:18:38,0.0
2019-04-04 10:18:39,0.0
2019-04-04 10:18:40,0.0
2019-04-04 10:18:41,0.0
2019-04-04 10:18:42,0.0
2019-04-04 10:18:43,0.0
2019-04-04 10:18:44,0.0
2019-04-04 10:18:45,0.0
2019-04-04 10:18:46,0.0
2019-04-04 10:18:47,0.0
2019-04-04 10:18:48,0.0
2019-04-04 10:18:49,0.0
2019-04-04 10:18:50,0.0
2019-04-04 10:18:51,0.0
2019-04-04 10:18:52,0.0
2019-04-04 10:18:53,0.0
2019-04-04 10:18:54,0.0
2019-04-04 10:18:55,0.0
2019-04-04 10:18:56,0.0
2019-04-04 10:18:57,0.0
2019-04-04 10:18:58,0.0
2019-04-04 10:18:59,0.0
2019-04-04 10:19:00,0.0
2019-04-04 10:19:01,0.0
2019-04-04 10:19:02,0.0
2019-04-04 10:19:03,0.0
2019-04-04 10:19:04,0.0
2019-04-04 10:19:05,0.0
2019-04-04 10:19:06,0.0
2019-04-04 10:19:07,0.0
2019-04-04 10:19:08,0.0
2019-04-04 10:19:09,0.0
2019-04-04 10:19:10,0.0
2019-04-04 10:19:11,0.0
2019-04-04 10:19:12,0.0
2019-04-04 10:19:13,0.0
2019-04-04 10:19:14,0.0
2019-04-04 10:19:15,0.0
2019-04-04 10:19:16,0.0
2019-04-04 10:19:17,0.0
2019-04-04 10:19:18,0.0
2019-04-04 10:19:19,0.0
2019-04-04 10:19:20,0.0
2019-04-04 10:19:21,0.0
2019-04-04 10:19:22,0.0
2019-04-04 10:19:23,0.0
2019-04-04 10:19:24,0.0
2019-04-04 10:19:25,0.0
2019-04-04 10:19:26,0.0
2019-04-04 10:19:27,0.0
2019-04-04 10:19:28,0.0
2019-04-04 10:19:29,0.0
2019-04-04 10:19:30,0.0
2019-04-04 10:19:31,0.0
2019-04-04 10:19:32,0.0
2019-04-04 10:19:33,0.0
2019-04-04 10:19:34,0.0
2019-04-04 10:19:35,0.0
2019-04-04 10:19:36,0.0
2019-04-04 10:19:37,0.0
2019-04-04 10:19:38,0.0
2019-04-04 10:19:39,0.0
2019-04-04 10:19:40,0.0
2019-04-04 10:19:41,0.0
2019-04-04 10:19:42,0.0
2019-04-04 10:19:43,0.0
2019-04-04 10:19:44,0.0
2019-04-04 10:19:45,0.0
2019-04-04 10:19:46,0.0
2019-04-04 10:19:47,0.0
2019-04-04 10:19:48,0.0
2019-04-04 10:19:49,0.0
2019-04-04 10:19:50,0.0
2019-04-04 10:19:51,0.0
2019-04-04 10:19:52,0.0
2019-04-04 10:19:53,0.0
2019-04-04 10:19:54,0.0
2019-04-04 10:19:55,0.0
2019-04-04 10:19:56,0.0
2019-04-04 10:19:57,0.0
2019-04-04 10:19:58,0.0
2019-04-04 10:19:59,0.0
2019-04-04 10:20:00,0.0
2019-04-04 10:20:01,0.0
2019-04-04 10:20:02,0.0
2019-04-04 10:20:03,0.0
2019-04-04 10:20:04,0.0
2019-04-04 10:20:05,0.0
2019-04-04 10:20:06,0.0
2019-04-04 10:20:07,0.0
2019-04-04 10:20:08,0.0
2019-04-04 10:20:09,0.0
2019-04-04 10:20:10,0.0
2019-04-04 10:20:11,0.0
2019-04-04 10:20:12,0.0
2019-04-04 10:20:13,0.0
2019-04-04 10:20:14,0.0
2019-04-04 10:20:15,0.0
2019-04-04 10:20:16,0.0
2019-04-04 10:20:17,0.0
2019-04-04 10:20:18,0.0
2019-04-04 10:20:19,0.0
2019-04-04 10:20:20,0.0
2019-04-04 10:20:21,0.0
2019-04-04 10:20:22,0.0
2019-04-04 10:20:23,0.0
2019-04-04 10:20:24,0.0
2019-04-04 10:20:25,0.0
2019-04-04 10:20:26,0.0
2019-04-04 10:20:27,0.0
2019-04-04 10:20:28,0.0
2019-04-04 10:20:29,0.0
2019-04-04 10:20:30,0.0
2019-04-04 10:20:31,0.0
2019-04-04 10:20:32,0.0
2019-04-04 10:20:33,0.0
2019-04-04 10:20:34,0.0
2019-04-04 10:20:35,0.0
2019-04-04 10:20:36,0.0
2019-04-04 10:20:37,0.0
2019-04-04 10:20:38,0.0
2019-04-04 10:20:39,0.0
2019-04-04 10:20:40,0.0
2019-04-04 10:20:41,0.0
2019-04-04 10:20:42,0.0
2019-04-04 10:20:43,0.0
2019-04-04 10:20:44,0.0
2019-04-04 10:20:45,0.0
2019-04-04 10:20:46,0.0
2019-04-04 10:20:47,0.0
2019-04-04 10:20:48,0.0
2019-04-04 10:20:49,0.0
2019-04-04 10:20:50,0.0
2019-04-04 10:20:51,0.0
2019-04-04 10:20:52,0.0
2019-04-04 10:20:53,0.0
2019-04-04 10:20:54,0.0
2019-04-04 10:20:55,0.0
2019-04-04 10:20:56,0.0
2019-04-04 10:20:57,0.0
2019-04-04 10:20:58,0.0
2019-04-04 10:20:59,0.0
2019-04-04 10:21:00,0.0
2019-04-04 10:21:01,0.0
2019-04-04 10:21:02,0.0
2019-04-04 10:21:03,0.0
2019-04-04 10:21:04,0.0
2019-04-04 10:21:05,0.0
2019-04-04 10:21:06,0.0
2019-04-04 10:21:07,0.0
2019-04-04 10:21:08,0.0
2019-04-04 10:21:09,0.0
2019-04-04 10:21:10,0.0
2019-04-04 10:21:11,0.0
2019-04-04 10:21:12,0.0
2019-04-04 10:21:13,0.0
2019-04-04 10:21:14,0.0
2019-04-04 10:21:15,0.0
2019-04-04 10:21:16,0.0
2019-04-04 10:21:17,0.0
2019-04-04 10:21:18,0.0
2019-04-04 10:21:19,0.0
2019-04-04 10:21:20,0.0
2019-04-04 10:21:21,0.0
2019-04-04 10:21:22,0.0
2019-04-04 10:21:23,0.0
2019-04-04 10:21:24,0.0
2019-04-04 10:21:25,0.0
2019-04-04 10:21:26,0.0
2019-04-04 10:21:27,0.0
2019-04-04 10:21:28,0.0
2019-04-04 10:21:29,0.0
2019-04-04 10:21:30,0.0
2019-04-04 10:21:31,0.0
2019-04-04 10:21:32,0.0
2019-04-04 10:21:33,0.0
2019-04-04 10:21:34,0.0
2019-04-04 10:21:35,0.0
2019-04-04 10:21:36,0.0
2019-04-04 10:21:37,0.0
2019-04-04 10:21:38,0.0
2019-04-04 10:21:39,0.0
2019-04-04 10:21:40,0.0
2019-04-04 10:21:41,0.0
2019-04-04 10:21:42,0.0
2019-04-04 10:21:43,0.0
2019-04-04 10:21:44,0.0
2019-04-04 10:21:45,0.0
2019-04-04 10:21:46,0.0
2019-04-04 10:21:47,0.0
2019-04-04 10:21:48,0.0
2019-04-04 10:21:49,0.0
2019-04-04 10:21:50,0.0
2019-04-04 10:21:51,0.0
2019-04-04 10:21:52,0.0
2019-04-04 10:21:53,0.0
2019-04-04 10:21:54,0.0
2019-04-04 10:21:55,-6.250000000302888e-05
2019-04-04 10:21:56,-6.250000000231938e-05
2019-04-04 10:21:57,-6.250000000160814e-05
2019-04-04 10:21:58,-6.250000000089864e-05
2019-04-04 10:21:59,-6.25000000001874e-05
2019-04-04 10:22:00,0.0
2019-04-04 10:22:01,0.0
2019-04-04 10:22:02,0.0
2019-04-04 10:22:03,0.0
2019-04-04 10:22:04,0.0
2019-04-04 10:22:05,0.0
2019-04-04 10:22:06,0.0
2019-04-04 10:22:07,0.0
2019-04-04 10:22:08,0.0
2019-04-04 10:22:09,0.0
2019-04-04 10:22:10,0.0
2019-04-04 10:22:11,0.0
2019-04-04 10:22:12,0.0
2019-04-04 10:22:13,0.0
2019-04-04 10:22:14,0.0
2019-04-04 10:22:15,0.0
2019-04-04 10:22:16,0.0
2019-04-04 10:22:17,0.0
2019-04-04 10:22:18,0.0
2019-04-04 10:22:19,0.0
2019-04-04 10:22:20,0.0
2019-04-04 10:22:21,0.0
2019-04-04 10:22:22,0.0
2019-04-04 10:22:23,0.0
2019-04-04 10:22:24,0.0
2019-04-04 10:22:25,0.0
2019-04-04 10:22:26,0.0
2019-04-04 10:22:27,0.0
2019-04-04 10:22:28,0.0
2019-04-04 10:22:29,0.0
2019-04-04 10:22:30,0.0
2019-04-04 10:22:31,0.0
2019-04-04 10:22:32,0.0
2019-04-04 10:22:33,0.0
2019-04-04 10:22:34,0.0
2019-04-04 10:22:35,0.0
2019-04-04 10:22:36,0.0
2019-04-04 10:22:37,0.0
2019-04-04 10:22:38,0.0
2019-04-04 10:22:39,0.0
2019-04-04 10:22:40,0.0
2019-04-04 10:22:41,0.0
2019-04-04 10:22:42,0.0
2019-04-04 10:22:43,0.0
2019-04-04 10:22:44,0.0
2019-04-04 10:22:45,0.0
2019-04-04 10:22:46,0.0
2019-04-04 10:22:47,0.0
2019-04-04 10:22:48,0.0
2019-04-04 10:22:49,0.0
2019-04-04 10:22:50,0.0
2019-04-04 10:22:51,0.0
2019-04-04 10:22:52,0.0
2019-04-04 10:22:53,0.0
2019-04-04 10:22:54,0.0
2019-04-04 10:22:55,0.0
2019-04-04 10:22:56,0.0
2019-04-04 10:22:57,0.0
2019-04-04 10:22:58,0.0
2019-04-04 10:22:59,0.0
2019-04-04 10:23:00,0.0
2019-04-04 10:23:01,0.0
2019-04-04 10:23:02,0.0
2019-04-04 10:23:03,0.0
2019-04-04 10:23:04,0.0
2019-04-04 10:23:05,0.0
2019-04-04 10:23:06,0.0
2019-04-04 10:23:07,0.0
2019-04-04 10:23:08,0.0
2019-04-04 10:23:09,0.0
2019-04-04 10:23:10,0.0
2019-04-04 10:23:11,0.0
2019-04-04 10:23:12,0.0
2019-04-04 10:23:13,0.0
2019-04-04 10:23:14,0.0
2019-04-04 10:23:15,0.0
2019-04-04 10:23:16,0.0
2019-04-04 10:23:17,0.0
2019-04-04 10:23:18,0.0
2019-04-04 10:23:19,0.0
2019-04-04 10:23:20,0.0
2019-04-04 10:23:21,0.0
2019-04-04 10:23:22,0.0
2019-04-04 10:23:23,0.0
2019-04-04 10:23:24,0.0
2019-04-04 10:23:25,0.0
2019-04-04 10:23:26,0.0
2019-04-04 10:23:27,0.0
2019-04-04 10:23:28,0.0
2019-04-04 10:23:29,0.0
2019-04-04 10:23:30,0.0
2019-04-04 10:23:31,0.0
2019-04-04 10:23:32,0.0
2019-04-04 10:23:33,0.0
2019-04-04 10:23:34,0.0
2019-04-04 10:23:35,0.0
2019-04-04 10:23:36,0.0
2019-04-04 10:23:37,0.0
2019-04-04 10:23:38,0.0
2019-04-04 10:23:39,0.0
2019-04-04 10:23:40,0.0
2019-04-04 10:23:41,0.0
2019-04-04 10:23:42,0.0
2019-04-04 10:23:43,0.0
2019-04-04 10:23:44,0.0
2019-04-04 10:23:45,0.0
2019-04-04 10:23:46,0.0
2019-04-04 10:23:47,0.0
2019-04-04 10:23:48,0.0
2019-04-04 10:23:49,0.0
2019-04-04 10:23:50,0.0
2019-04-04 10:23:51,0.0
2019-04-04 10:23:52,0.0
2019-04-04 10:23:53,0.0
2019-04-04 10:23:54,0.0
2019-04-04 10:23:55,0.0
2019-04-04 10:23:56,0.0
2019-04-04 10:23:57,0.0
2019-04-04 10:23:58,0.0
2019-04-04 10:23:59,0.0
2019-04-04 10:24:00,0.0
2019-04-04 10:24:01,0.0
2019-04-04 10:24:02,0.0
2019-04-04 10:24:03,0.0
2019-04-04 10:24:04,0.0
2019-04-04 10:24:05,0.0
2019-04-04 10:24:06,0.0
2019-04-04 10:24:07,0.0
2019-04-04 10:24:08,0.0
2019-04-04 10:24:09,0.0
2019-04-04 10:24:10,0.0
2019-04-04 10:24:11,0.0
2019-04-04 10:24:12,0.0
2019-04-04 10:24:13,0.0
2019-04-04 10:24:14,0.0
2019-04-04 10:24:15,0.0
2019-04-04 10:24:16,0.0
2019-04-04 10:24:17,0.0
2019-04-04 10:24:18,0.0
2019-04-04 10:24:19,0.0
2019-04-04 10:24:20,0.0
2019-04-04 10:24:21,0.0
2019-04-04 10:24:22,0.0
2019-04-04 10:24:23,0.0
2019-04-04 10:24:24,0.0
2019-04-04 10:24:25,0.0
2019-04-04 10:24:26,0.0
2019-04-04 10:24:27,0.0
2019-04-04 10:24:28,0.0
2019-04-04 10:24:29,0.0
2019-04-04 10:24:30,-0.00029629629629318414
2019-04-04 10:24:31,-0.0002962962962938954
2019-04-04 10:24:32,-0.0002962962962946049
2019-04-04 10:24:33,-0.0002962962962953161
2019-04-04 10:24:34,-0.00029629629629602736
2019-04-04 10:24:35,0.0
2019-04-04 10:24:36,0.0
2019-04-04 10:24:37,0.0
2019-04-04 10:24:38,0.0
2019-04-04 10:24:39,0.0
2019-04-04 10:24:40,0.0
2019-04-04 10:24:41,0.0
2019-04-04 10:24:42,0.0
2019-04-04 10:24:43,0.0
2019-04-04 10:24:44,0.0
2019-04-04 10:24:45,0.0
2019-04-04 10:24:46,0.0
2019-04-04 10:24:47,0.0
2019-04-04 10:24:48,0.0
2019-04-04 10:24:49,0.0
2019-04-04 10:24:50,0.0
2019-04-04 10:24:51,0.0
2019-04-04 10:24:52,0.0
2019-04-04 10:24:53,0.0
2019-04-04 10:24:54,0.0
2019-04-04 10:24:55,0.0
2019-04-04 10:24:56,0.0
2019-04-04 10:24:57,0.0
2019-04-04 10:24:58,0.0
2019-04-04 10:24:59,0.0
2019-04-04 10:25:00,0.0
2019-04-04 10:25:01,0.0
2019-04-04 10:25:02,0.0
2019-04-04 10:25:03,0.0
2019-04-04 10:25:04,-0.0007142857142887708
2019-04-04 10:25:05,-0.0014285714285739888
2019-04-04 10:25:06,-0.0014285714285732776
2019-04-04 10:25:07,-0.0014285714285725663
2019-04-04 10:25:08,-0.0014285714285718568
2019-04-04 10:25:09,-0.0007142857142859275
2019-04-04 10:25:10,0.0
2019-04-04 10:25:11,0.0
2019-04-04 10:25:12,0.0
2019-04-04 10:25:13,0.0
2019-04-04 10:25:14,0.0
2019-04-04 10:25:15,0.0
2019-04-04 10:25:16,0.0
2019-04-04 10:25:17,0.0
2019-04-04 10:25:18,0.0
2019-04-04 10:25:19,0.0
2019-04-04 10:25:20,0.0
2019-04-04 10:25:21,0.0
2019-04-04 10:25:22,0.0
2019-04-04 10:25:23,0.0
2019-04-04 10:25:24,0.0
2019-04-04 10:25:25,0.0
2019-04-04 10:25:26,0.0
2019-04-04 10:25:27,0.0
2019-04-04 10:25:28,0.0
2019-04-04 10:25:29,0.0
2019-04-04 10:25:30,0.0
2019-04-04 10:25:31,0.0
2019-04-04 10:25:32,0.0
2019-04-04 10:25:33,0.0
2019-04-04 10:25:34,0.0
2019-04-04 10:25:35,0.0
2019-04-04 10:25:36,0.0
2019-04-04 10:25:37,0.0
2019-04-04 10:25:38,0.0
2019-04-04 10:25:39,0.0
2019-04-04 10:25:40,0.0
2019-04-04 10:25:41,0.0
2019-04-04 10:25:42,0.0
2019-04-04 10:25:43,0.0
2019-04-04 10:25:44,0.0
2019-04-04 10:25:45,0.0
2019-04-04 10:25:46,0.0
2019-04-04 10:25:47,0.0
2019-04-04 10:25:48,0.0
2019-04-04 10:25:49,0.0
2019-04-04 10:25:50,0.0
2019-04-04 10:25:51,0.0
2019-04-04 10:25:52,0.0
2019-04-04 10:25:53,0.0
2019-04-04 10:25:54,0.0
2019-04-04 10:25:55,0.0
2019-04-04 10:25:56,0.0
2019-04-04 10:25:57,0.0
2019-04-04 10:25:58,0.0
2019-04-04 10:25:59,0.0
2019-04-04 10:26:00,0.0
2019-04-04 10:26:01,0.0
2019-04-04 10:26:02,0.0
2019-04-04 10:26:03,0.0
2019-04-04 10:26:04,0.0
2019-04-04 10:26:05,0.0
2019-04-04 10:26:06,0.0
2019-04-04 10:26:07,0.0
2019-04-04 10:26:08,0.0
2019-04-04 10:26:09,0.0
2019-04-04 10:26:10,0.0
2019-04-04 10:26:11,0.0
2019-04-04 10:26:12,0.0
2019-04-04 10:26:13,0.0
2019-04-04 10:26:14,0.0
2019-04-04 10:26:15,0.0
2019-04-04 10:26:16,0.0
2019-04-04 10:26:17,0.0
2019-04-04 10:26:18,0.0
2019-04-04 10:26:19,0.0
2019-04-04 10:26:20,0.0
2019-04-04 10:26:21,0.0
2019-04-04 10:26:22,0.0
2019-04-04 10:26:23,0.0
2019-04-04 10:26:24,0.0
2019-04-04 10:26:25,0.0
2019-04-04 10:26:26,0.0
2019-04-04 10:26:27,0.0
2019-04-04 10:26:28,0.0
2019-04-04 10:26:29,0.0
2019-04-04 10:26:30,0.0
2019-04-04 10:26:31,0.0
2019-04-04 10:26:32,0.0
2019-04-04 10:26:33,0.0
2019-04-04 10:26:34,0.0
2019-04-04 10:26:35,0.0
2019-04-04 10:26:36,0.0
2019-04-04 10:26:37,0.0
2019-04-04 10:26:38,0.0
2019-04-04 10:26:39,0.0
2019-04-04 10:26:40,0.0
2019-04-04 10:26:41,0.0
2019-04-04 10:26:42,0.0
2019-04-04 10:26:43,0.0
2019-04-04 10:26:44,0.0
2019-04-04 10:26:45,0.0
2019-04-04 10:26:46,0.0
2019-04-04 10:26:47,0.0
2019-04-04 10:26:48,0.0
2019-04-04 10:26:49,0.0
2019-04-04 10:26:50,0.0
2019-04-04 10:26:51,0.0
2019-04-04 10:26:52,0.0
2019-04-04 10:26:53,0.0
2019-04-04 10:26:54,0.0
2019-04-04 10:26:55,0.0
2019-04-04 10:26:56,0.0
2019-04-04 10:26:57,0.0
2019-04-04 10:26:58,0.0
2019-04-04 10:26:59,0.0
2019-04-04 10:27:00,0.0
2019-04-04 10:27:01,0.0
2019-04-04 10:27:02,0.0
2019-04-04 10:27:03,0.0
2019-04-04 10:27:04,0.0
2019-04-04 10:27:05,0.0
2019-04-04 10:27:06,0.0
2019-04-04 10:27:07,0.0
2019-04-04 10:27:08,0.0
2019-04-04 10:27:09,0.0
2019-04-04 10:27:10,0.0
2019-04-04 10:27:11,0.0
2019-04-04 10:27:12,0.0
2019-04-04 10:27:13,0.0
2019-04-04 10:27:14,0.0
2019-04-04 10:27:15,0.0
2019-04-04 10:27:16,0.0
2019-04-04 10:27:17,0.0
2019-04-04 10:27:18,0.0
2019-04-04 10:27:19,0.0
2019-04-04 10:27:20,0.0
2019-04-04 10:27:21,0.0
2019-04-04 10:27:22,0.0
2019-04-04 10:27:23,0.0
2019-04-04 10:27:24,0.0
2019-04-04 10:27:25,0.0
2019-04-04 10:27:26,0.0
2019-04-04 10:27:27,0.0
2019-04-04 10:27:28,0.0
2019-04-04 10:27:29,0.0
2019-04-04 10:27:30,0.0
2019-04-04 10:27:31,0.0
2019-04-04 10:27:32,0.0
2019-04-04 10:27:33,0.0
2019-04-04 10:27:34,0.0
2019-04-04 10:27:35,0.0
2019-04-04 10:27:36,0.0
2019-04-04 10:27:37,0.0
2019-04-04 10:27:38,0.0
2019-04-04 10:27:39,0.0
2019-04-04 10:27:40,0.0
2019-04-04 10:27:41,0.0
2019-04-04 10:27:42,0.0
2019-04-04 10:27:43,0.0
2019-04-04 10:27:44,0.0
2019-04-04 10:27:45,0.0
2019-04-04 10:27:46,0.0
2019-04-04 10:27:47,0.0
2019-04-04 10:27:48,0.0
2019-04-04 10:27:49,0.0
2019-04-04 10:27:50,0.0
2019-04-04 10:27:51,0.0
2019-04-04 10:27:52,0.0
2019-04-04 10:27:53,0.0
2019-04-04 10:27:54,0.0
2019-04-04 10:27:55,0.0
2019-04-04 10:27:56,0.0
2019-04-04 10:27:57,0.0
2019-04-04 10:27:58,0.0
2019-04-04 10:27:59,0.0
2019-04-04 10:28:00,0.0
2019-04-04 10:28:01,0.0
2019-04-04 10:28:02,0.0
2019-04-04 10:28:03,0.0
2019-04-04 10:28:04,0.0
2019-04-04 10:28:05,0.0
2019-04-04 10:28:06,0.0
2019-04-04 10:28:07,0.0
2019-04-04 10:28:08,0.0
2019-04-04 10:28:09,0.0
2019-04-04 10:28:10,0.0
2019-04-04 10:28:11,0.0
2019-04-04 10:28:12,0.0
2019-04-04 10:28:13,0.0
2019-04-04 10:28:14,0.0
2019-04-04 10:28:15,0.0
2019-04-04 10:28:16,0.0
2019-04-04 10:28:17,0.0
2019-04-04 10:28:18,0.0
2019-04-04 10:28:19,0.0
2019-04-04 10:28:20,0.0
2019-04-04 10:28:21,0.0
2019-04-04 10:28:22,0.0
2019-04-04 10:28:23,0.0
2019-04-04 10:28:24,0.0
2019-04-04 10:28:25,0.0
2019-04-04 10:28:26,0.0
2019-04-04 10:28:27,0.0
2019-04-04 10:28:28,0.0
2019-04-04 10:28:29,0.0
2019-04-04 10:28:30,0.0
2019-04-04 10:28:31,0.0
2019-04-04 10:28:32,0.0
2019-04-04 10:28:33,0.0
2019-04-04 10:28:34,0.0
2019-04-04 10:28:35,0.0
2019-04-04 10:28:36,0.0
2019-04-04 10:28:37,0.0
2019-04-04 10:28:38,0.0
2019-04-04 10:28:39,0.0
2019-04-04 10:28:40,0.0
2019-04-04 10:28:41,0.0
2019-04-04 10:28:42,0.0
2019-04-04 10:28:43,0.0
2019-04-04 10:28:44,0.0
2019-04-04 10:28:45,0.0
2019-04-04 10:28:46,0.0
2019-04-04 10:28:47,0.0
2019-04-04 10:28:48,0.0
2019-04-04 10:28:49,0.0
2019-04-04 10:28:50,0.0
2019-04-04 10:28:51,0.0
2019-04-04 10:28:52,0.0
2019-04-04 10:28:53,0.0
2019-04-04 10:28:54,0.0
2019-04-04 10:28:55,0.0
2019-04-04 10:28:56,0.0
2019-04-04 10:28:57,0.0
2019-04-04 10:28:58,0.0
2019-04-04 10:28:59,0.0
2019-04-04 10:29:00,0.0
2019-04-04 10:29:01,0.0
2019-04-04 10:29:02,0.0
2019-04-04 10:29:03,0.0
2019-04-04 10:29:04,0.0
2019-04-04 10:29:05,0.0
2019-04-04 10:29:06,-0.00011428571428256581
2019-04-04 10:29:07,-0.00011428571428327532
2019-04-04 10:29:08,-0.00011428571428398655
2019-04-04 10:29:09,-0.00011428571428469605
2019-04-04 10:29:10,-0.00011428571428540729
2019-04-04 10:29:11,0.0
2019-04-04 10:29:12,0.0
2019-04-04 10:29:13,0.0
2019-04-04 10:29:14,0.0
2019-04-04 10:29:15,0.0
2019-04-04 10:29:16,0.0
2019-04-04 10:29:17,0.0
2019-04-04 10:29:18,0.0
2019-04-04 10:29:19,0.0
2019-04-04 10:29:20,0.0
2019-04-04 10:29:21,0.0
2019-04-04 10:29:22,0.0
2019-04-04 10:29:23,0.0
2019-04-04 10:29:24,0.0
2019-04-04 10:29:25,0.0
2019-04-04 10:29:26,0.0
2019-04-04 10:29:27,0.0
2019-04-04 10:29:28,0.0
2019-04-04 10:29:29,0.0
2019-04-04 10:29:30,0.0
2019-04-04 10:29:31,0.0
2019-04-04 10:29:32,0.0
2019-04-04 10:29:33,0.0
2019-04-04 10:29:34,0.0
2019-04-04 10:29:35,0.0
2019-04-04 10:29:36,0.0
2019-04-04 10:29:37,-0.0004000000000030472
2019-04-04 10:29:38,-0.000400000000002336
2019-04-04 10:29:39,-0.00040000000000162475
2019-04-04 10:29:40,-0.00040000000000091525
2019-04-04 10:29:41,-0.000400000000000204
2019-04-04 10:29:42,0.0
2019-04-04 10:29:43,0.0
2019-04-04 10:29:44,0.0
2019-04-04 10:29:45,0.0
2019-04-04 10:29:46,0.0
2019-04-04 10:29:47,0.0
2019-04-04 10:29:48,0.0
2019-04-04 10:29:49,0.0
2019-04-04 10:29:50,0.0
2019-04-04 10:29:51,0.0
2019-04-04 10:29:52,0.0
2019-04-04 10:29:53,0.0
2019-04-04 10:29:54,0.0
2019-04-04 10:29:55,0.0
2019-04-04 10:29:56,0.0
2019-04-04 10:29:57,0.0
2019-04-04 10:29:58,0.0
2019-04-04 10:29:59,0.0
2019-04-04 10:30:00,0.0
2019-04-04 10:30:01,0.0
2019-04-04 10:30:02,0.0
2019-04-04 10:30:03,0.0
2019-04-04 10:30:04,0.0
2019-04-04 10:30:05,0.0
2019-04-04 10:30:06,0.0
2019-04-04 10:30:07,0.0
2019-04-04 10:30:08,0.0
2019-04-04 10:30:09,0.0
2019-04-04 10:30:10,0.0
2019-04-04 10:30:11,0.0
2019-04-04 10:30:12,0.0
2019-04-04 10:30:13,0.0
2019-04-04 10:30:14,0.0
2019-04-04 10:30:15,0.0
2019-04-04 10:30:16,0.0
2019-04-04 10:30:17,0.0
2019-04-04 10:30:18,0.0
2019-04-04 10:30:19,0.0
2019-04-04 10:30:20,0.0
2019-04-04 10:30:21,0.0
2019-04-04 10:30:22,0.0
2019-04-04 10:30:23,0.0
2019-04-04 10:30:24,0.0
2019-04-04 10:30:25,0.0
2019-04-04 10:30:26,0.0
2019-04-04 10:30:27,0.0
2019-04-04 10:30:28,0.0
2019-04-04 10:30:29,0.0
2019-04-04 10:30:30,0.0
2019-04-04 10:30:31,0.0
2019-04-04 10:30:32,0.0
2019-04-04 10:30:33,0.0
2019-04-04 10:30:34,0.0
2019-04-04 10:30:35,0.0
2019-04-04 10:30:36,0.0
2019-04-04 10:30:37,0.0
2019-04-04 10:30:38,0.0
2019-04-04 10:30:39,0.0
2019-04-04 10:30:40,0.0
2019-04-04 10:30:41,0.0
2019-04-04 10:30:42,0.0
2019-04-04 10:30:43,0.0
2019-04-04 10:30:44,0.0
2019-04-04 10:30:45,0.0
2019-04-04 10:30:46,0.0
2019-04-04 10:30:47,0.0
2019-04-04 10:30:48,0.0
2019-04-04 10:30:49,0.0
2019-04-04 10:30:50,0.0
2019-04-04 10:30:51,0.0
2019-04-04 10:30:52,0.0
2019-04-04 10:30:53,0.0
2019-04-04 10:30:54,0.0
2019-04-04 10:30:55,0.0
2019-04-04 10:30:56,0.0
2019-04-04 10:30:57,0.0
2019-04-04 10:30:58,0.0
2019-04-04 10:30:59,0.0
2019-04-04 10:31:00,-0.00015999999999689873
2019-04-04 10:31:01,-0.00015999999999760997
2019-04-04 10:31:02,-0.00015999999999831947
2019-04-04 10:31:03,-0.0001599999999990307
2019-04-04 10:31:04,-0.0001599999999997402
2019-04-04 10:31:05,0.0
2019-04-04 10:31:06,0.0
2019-04-04 10:31:07,0.0
2019-04-04 10:31:08,0.0
2019-04-04 10:31:09,0.0
2019-04-04 10:31:10,0.0
2019-04-04 10:31:11,0.0
2019-04-04 10:31:12,0.0
2019-04-04 10:31:13,0.0
2019-04-04 10:31:14,0.0
2019-04-04 10:31:15,0.0
2019-04-04 10:31:16,0.0
2019-04-04 10:31:17,0.0
2019-04-04 10:31:18,0.0
2019-04-04 10:31:19,0.0
2019-04-04 10:31:20,0.0
2019-04-04 10:31:21,0.0
2019-04-04 10:31:22,0.0
2019-04-04 10:31:23,0.0
2019-04-04 10:31:24,-4.545454545784762e-05
2019-04-04 10:31:25,-4.545454545713638e-05
2019-04-04 10:31:26,-4.545454545642688e-05
2019-04-04 10:31:27,-4.5454545455715645e-05
2019-04-04 10:31:28,-4.545454545500441e-05
2019-04-04 10:31:29,0.0
2019-04-04 10:31:30,0.0
2019-04-04 10:31:31,0.0
2019-04-04 10:31:32,0.0
2019-04-04 10:31:33,0.0
2019-04-04 10:31:34,0.0
2019-04-04 10:31:35,0.0
2019-04-04 10:31:36,0.0
2019-04-04 10:31:37,0.0
2019-04-04 10:31:38,0.0
2019-04-04 10:31:39,0.0
2019-04-04 10:31:40,0.0
2019-04-04 10:31:41,0.0
2019-04-04 10:31:42,0.0
2019-04-04 10:31:43,0.0
2019-04-04 10:31:44,0.0
2019-04-04 10:31:45,0.0
2019-04-04 10:31:46,0.0
2019-04-04 10:31:47,0.0
2019-04-04 10:31:48,0.0
2019-04-04 10:31:49,0.0
2019-04-04 10:31:50,0.0
2019-04-04 10:31:51,0.0
2019-04-04 10:31:52,0.0
2019-04-04 10:31:53,0.0
2019-04-04 10:31:54,0.0
2019-04-04 10:31:55,0.0
2019-04-04 10:31:56,0.0
2019-04-04 10:31:57,0.0
2019-04-04 10:31:58,0.0
2019-04-04 10:31:59,0.0
2019-04-04 10:32:00,0.0
2019-04-04 10:32:01,0.0
2019-04-04 10:32:02,0.0
2019-04-04 10:32:03,0.0
2019-04-04 10:32:04,0.0
2019-04-04 10:32:05,0.0
2019-04-04 10:32:06,0.0
2019-04-04 10:32:07,0.0
2019-04-04 10:32:08,0.0
2019-04-04 10:32:09,0.0
2019-04-04 10:32:10,0.0
2019-04-04 10:32:11,0.0
2019-04-04 10:32:12,0.0
2019-04-04 10:32:13,0.0
2019-04-04 10:32:14,0.0
2019-04-04 10:32:15,0.0
2019-04-04 10:32:16,0.0
2019-04-04 10:32:17,0.0
2019-04-04 10:32:18,0.0
2019-04-04 10:32:19,0.0
2019-04-04 10:32:20,0.0
2019-04-04 10:32:21,0.0
2019-04-04 10:32:22,0.0
2019-04-04 10:32:23,0.0
2019-04-04 10:32:24,0.0
2019-04-04 10:32:25,0.0
2019-04-04 10:32:26,0.0
2019-04-04 10:32:27,0.0
2019-04-04 10:32:28,0.0
2019-04-04 10:32:29,0.0
2019-04-04 10:32:30,0.0
2019-04-04 10:32:31,0.0
2019-04-04 10:32:32,0.0
2019-04-04 10:32:33,0.0
2019-04-04 10:32:34,0.0
2019-04-04 10:32:35,0.0
2019-04-04 10:32:36,0.0
2019-04-04 10:32:37,0.0
2019-04-04 10:32:38,0.0
2019-04-04 10:32:39,0.0
2019-04-04 10:32:40,0.0
2019-04-04 10:32:41,0.0
2019-04-04 10:32:42,0.0
2019-04-04 10:32:43,0.0
2019-04-04 10:32:44,0.0
2019-04-04 10:32:45,0.0
2019-04-04 10:32:46,0.0
2019-04-04 10:32:47,0.0
2019-04-04 10:32:48,0.0
2019-04-04 10:32:49,0.0
2019-04-04 10:32:50,0.0
2019-04-04 10:32:51,0.0
2019-04-04 10:32:52,0.0
2019-04-04 10:32:53,0.0
2019-04-04 10:32:54,0.0
2019-04-04 10:32:55,0.0
2019-04-04 10:32:56,0.0
2019-04-04 10:32:57,0.0
2019-04-04 10:32:58,0.0
2019-04-04 10:32:59,0.0
2019-04-04 10:33:00,0.0
2019-04-04 10:33:01,0.0
2019-04-04 10:33:02,0.0
2019-04-04 10:33:03,-0.00035294117646759125
2019-04-04 10:33:04,-0.0003529411764683025
2019-04-04 10:33:05,-0.000352941176469012
2019-04-04 10:33:06,-0.00035294117646972323
2019-04-04 10:33:07,-0.00035294117647043446
2019-04-04 10:33:08,0.0
2019-04-04 10:33:09,0.0
2019-04-04 10:33:10,0.0
2019-04-04 10:33:11,0.0
2019-04-04 10:33:12,0.0
2019-04-04 10:33:13,0.0
2019-04-04 10:33:14,0.0
2019-04-04 10:33:15,0.0
2019-04-04 10:33:16,0.0
2019-04-04 10:33:17,0.0
2019-04-04 10:33:18,0.0
2019-04-04 10:33:19,0.0
2019-04-04 10:33:20,0.0
2019-04-04 10:33:21,0.0
2019-04-04 10:33:22,0.0
2019-04-04 10:33:23,0.0
2019-04-04 10:33:24,0.0
2019-04-04 10:33:25,0.0
2019-04-04 10:33:26,0.0
2019-04-04 10:33:27,0.0
2019-04-04 10:33:28,0.0
2019-04-04 10:33:29,0.0
2019-04-04 10:33:30,0.0
2019-04-04 10:33:31,0.0
2019-04-04 10:33:32,0.0
2019-04-04 10:33:33,0.0
2019-04-04 10:33:34,0.0
2019-04-04 10:33:35,0.0
2019-04-04 10:33:36,0.0
2019-04-04 10:33:37,0.0
2019-04-04 10:33:38,0.0
2019-04-04 10:33:39,0.0
2019-04-04 10:33:40,0.0
2019-04-04 10:33:41,0.0
2019-04-04 10:33:42,0.0
2019-04-04 10:33:43,0.0
2019-04-04 10:33:44,0.0
2019-04-04 10:33:45,0.0
2019-04-04 10:33:46,0.0
2019-04-04 10:33:47,0.0
2019-04-04 10:33:48,0.0
2019-04-04 10:33:49,0.0
2019-04-04 10:33:50,0.0
2019-04-04 10:33:51,0.0
2019-04-04 10:33:52,0.0
2019-04-04 10:33:53,0.0
2019-04-04 10:33:54,0.0
2019-04-04 10:33:55,0.0
2019-04-04 10:33:56,0.0
2019-04-04 10:33:57,0.0
2019-04-04 10:33:58,0.0
2019-04-04 10:33:59,0.0
2019-04-04 10:34:00,0.0
2019-04-04 10:34:01,0.0
2019-04-04 10:34:02,0.0
2019-04-04 10:34:03,0.0
2019-04-04 10:34:04,0.0
2019-04-04 10:34:05,0.0
2019-04-04 10:34:06,0.0
2019-04-04 10:34:07,0.0
2019-04-04 10:34:08,0.0
2019-04-04 10:34:09,0.0
2019-04-04 10:34:10,0.0
2019-04-04 10:34:11,0.0
2019-04-04 10:34:12,0.0
2019-04-04 10:34:13,0.0
2019-04-04 10:34:14,0.0
2019-04-04 10:34:15,0.0
2019-04-04 10:34:16,0.0
2019-04-04 10:34:17,0.0
2019-04-04 10:34:18,0.0
2019-04-04 10:34:19,0.0
2019-04-04 10:34:20,0.0
2019-04-04 10:34:21,0.0
2019-04-04 10:34:22,0.0
2019-04-04 10:34:23,0.0
2019-04-04 10:34:24,0.0
2019-04-04 10:34:25,0.0
2019-04-04 10:34:26,0.0
2019-04-04 10:34:27,0.0
2019-04-04 10:34:28,0.0
2019-04-04 10:34:29,0.0
2019-04-04 10:34:30,0.0
2019-04-04 10:34:31,0.0
2019-04-04 10:34:32,0.0
2019-04-04 10:34:33,0.0
2019-04-04 10:34:34,0.0
2019-04-04 10:34:35,0.0
2019-04-04 10:34:36,0.0
2019-04-04 10:34:37,0.0
2019-04-04 10:34:38,0.0
2019-04-04 10:34:39,0.0
2019-04-04 10:34:40,0.0
2019-04-04 10:34:41,0.0
2019-04-04 10:34:42,0.0
2019-04-04 10:34:43,0.0
2019-04-04 10:34:44,0.0
2019-04-04 10:34:45,0.0
2019-04-04 10:34:46,0.0
2019-04-04 10:34:47,0.0
2019-04-04 10:34:48,0.0
2019-04-04 10:34:49,0.0
2019-04-04 10:34:50,0.0
2019-04-04 10:34:51,0.0
2019-04-04 10:34:52,0.0
2019-04-04 10:34:53,0.0
2019-04-04 10:34:54,0.0
2019-04-04 10:34:55,0.0
2019-04-04 10:34:56,0.0
2019-04-04 10:34:57,0.0
2019-04-04 10:34:58,0.0
2019-04-04 10:34:59,0.0
2019-04-04 10:35:00,0.0
2019-04-04 10:35:01,0.0
2019-04-04 10:35:02,0.0
2019-04-04 10:35:03,0.0
2019-04-04 10:35:04,0.0
2019-04-04 10:35:05,0.0
2019-04-04 10:35:06,0.0
2019-04-04 10:35:07,0.0
2019-04-04 10:35:08,0.0
2019-04-04 10:35:09,0.0
2019-04-04 10:35:10,0.0
2019-04-04 10:35:11,0.0
2019-04-04 10:35:12,0.0
2019-04-04 10:35:13,0.0
2019-04-04 10:35:14,0.0
2019-04-04 10:35:15,0.0
2019-04-04 10:35:16,0.0
2019-04-04 10:35:17,0.0
2019-04-04 10:35:18,0.0
2019-04-04 10:35:19,0.0
2019-04-04 10:35:20,0.0
2019-04-04 10:35:21,0.0
2019-04-04 10:35:22,0.0
2019-04-04 10:35:23,0.0
2019-04-04 10:35:24,0.0
2019-04-04 10:35:25,0.0
2019-04-04 10:35:26,0.0
2019-04-04 10:35:27,0.0
2019-04-04 10:35:28,0.0
2019-04-04 10:35:29,0.0
2019-04-04 10:35:30,0.0
2019-04-04 10:35:31,0.0
2019-04-04 10:35:32,0.0
2019-04-04 10:35:33,0.0
2019-04-04 10:35:34,0.0
2019-04-04 10:35:35,0.0
2019-04-04 10:35:36,0.0
2019-04-04 10:35:37,0.0
2019-04-04 10:35:38,0.0
2019-04-04 10:35:39,0.0
2019-04-04 10:35:40,0.0
2019-04-04 10:35:41,0.0
2019-04-04 10:35:42,0.0
2019-04-04 10:35:43,0.0
2019-04-04 10:35:44,0.0
2019-04-04 10:35:45,0.0
2019-04-04 10:35:46,0.0
2019-04-04 10:35:47,0.0
2019-04-04 10:35:48,0.0
2019-04-04 10:35:49,0.0
2019-04-04 10:35:50,0.0
2019-04-04 10:35:51,0.0
2019-04-04 10:35:52,0.0
2019-04-04 10:35:53,0.0
2019-04-04 10:35:54,0.0
2019-04-04 10:35:55,0.0
2019-04-04 10:35:56,0.0
2019-04-04 10:35:57,0.0
2019-04-04 10:35:58,0.0
2019-04-04 10:35:59,0.0
2019-04-04 10:36:00,0.0
2019-04-04 10:36:01,0.0
2019-04-04 10:36:02,0.0
2019-04-04 10:36:03,0.0
2019-04-04 10:36:04,0.0
2019-04-04 10:36:05,0.0
2019-04-04 10:36:06,0.0
2019-04-04 10:36:07,0.0
2019-04-04 10:36:08,0.0
2019-04-04 10:36:09,0.0
2019-04-04 10:36:10,0.0
2019-04-04 10:36:11,0.0
2019-04-04 10:36:12,0.0
2019-04-04 10:36:13,0.0
2019-04-04 10:36:14,0.0
2019-04-04 10:36:15,0.0
2019-04-04 10:36:16,0.0
2019-04-04 10:36:17,0.0
2019-04-04 10:36:18,0.0
2019-04-04 10:36:19,0.0
2019-04-04 10:36:20,0.0
2019-04-04 10:36:21,0.0
2019-04-04 10:36:22,0.0
2019-04-04 10:36:23,0.0
2019-04-04 10:36:24,0.0
2019-04-04 10:36:25,0.0
2019-04-04 10:36:26,0.0
2019-04-04 10:36:27,0.0
2019-04-04 10:36:28,0.0
2019-04-04 10:36:29,0.0
2019-04-04 10:36:30,0.0
2019-04-04 10:36:31,0.0
2019-04-04 10:36:32,0.0
2019-04-04 10:36:33,0.0
2019-04-04 10:36:34,0.0
2019-04-04 10:36:35,0.0
2019-04-04 10:36:36,0.0
2019-04-04 10:36:37,0.0
2019-04-04 10:36:38,0.0
2019-04-04 10:36:39,0.0
2019-04-04 10:36:40,0.0
2019-04-04 10:36:41,0.0
2019-04-04 10:36:42,0.0
2019-04-04 10:36:43,0.0
2019-04-04 10:36:44,0.0
2019-04-04 10:36:45,0.0
2019-04-04 10:36:46,0.0
2019-04-04 10:36:47,0.0
2019-04-04 10:36:48,0.0
2019-04-04 10:36:49,0.0
2019-04-04 10:36:50,0.0
2019-04-04 10:36:51,0.0
2019-04-04 10:36:52,0.0
2019-04-04 10:36:53,0.0
2019-04-04 10:36:54,0.0
2019-04-04 10:36:55,0.0
2019-04-04 10:36:56,0.0
2019-04-04 10:36:57,0.0
2019-04-04 10:36:58,0.0
2019-04-04 10:36:59,0.0
2019-04-04 10:37:00,0.0
2019-04-04 10:37:01,0.0
2019-04-04 10:37:02,-0.0003076923076951975
2019-04-04 10:37:03,-0.000307692307694488
2019-04-04 10:37:04,-0.00030769230769377674
2019-04-04 10:37:05,-0.00030769230769306724
2019-04-04 10:37:06,-0.000307692307692356
2019-04-04 10:37:07,0.0
2019-04-04 10:37:08,0.0
2019-04-04 10:37:09,0.0
2019-04-04 10:37:10,0.0
2019-04-04 10:37:11,0.0
2019-04-04 10:37:12,0.0
2019-04-04 10:37:13,0.0
2019-04-04 10:37:14,0.0
2019-04-04 10:37:15,0.0
2019-04-04 10:37:16,0.0
2019-04-04 10:37:17,0.0
2019-04-04 10:37:18,0.0
2019-04-04 10:37:19,0.0
2019-04-04 10:37:20,0.0
2019-04-04 10:37:21,0.0
2019-04-04 10:37:22,0.0
2019-04-04 10:37:23,0.0
2019-04-04 10:37:24,0.0
2019-04-04 10:37:25,0.0
2019-04-04 10:37:26,0.0
2019-04-04 10:37:27,0.0
2019-04-04 10:37:28,0.0
2019-04-04 10:37:29,0.0
2019-04-04 10:37:30,0.0
2019-04-04 10:37:31,0.0
2019-04-04 10:37:32,0.0
2019-04-04 10:37:33,0.0
2019-04-04 10:37:34,0.0
2019-04-04 10:37:35,0.0
2019-04-04 10:37:36,0.0
2019-04-04 10:37:37,0.0
2019-04-04 10:37:38,0.0
2019-04-04 10:37:39,0.0
2019-04-04 10:37:40,0.0
2019-04-04 10:37:41,0.0
2019-04-04 10:37:42,0.0
2019-04-04 10:37:43,0.0
2019-04-04 10:37:44,0.0
2019-04-04 10:37:45,0.0
2019-04-04 10:37:46,0.0
2019-04-04 10:37:47,0.0
2019-04-04 10:37:48,0.0
2019-04-04 10:37:49,0.0
2019-04-04 10:37:50,0.0
2019-04-04 10:37:51,0.0
2019-04-04 10:37:52,0.0
2019-04-04 10:37:53,0.0
2019-04-04 10:37:54,0.0
2019-04-04 10:37:55,0.0
2019-04-04 10:37:56,0.0
2019-04-04 10:37:57,0.0
2019-04-04 10:37:58,0.0
2019-04-04 10:37:59,0.0
2019-04-04 10:38:00,0.0
2019-04-04 10:38:01,0.0
2019-04-04 10:38:02,0.0
2019-04-04 10:38:03,0.0
2019-04-04 10:38:04,0.0
2019-04-04 10:38:05,0.0
2019-04-04 10:38:06,0.0
2019-04-04 10:38:07,0.0
2019-04-04 10:38:08,0.0
2019-04-04 10:38:09,0.0
2019-04-04 10:38:10,0.0
2019-04-04 10:38:11,0.0
2019-04-04 10:38:12,0.0
2019-04-04 10:38:13,0.0
2019-04-04 10:38:14,0.0
2019-04-04 10:38:15,0.0
2019-04-04 10:38:16,0.0
2019-04-04 10:38:17,0.0
2019-04-04 10:38:18,0.0
2019-04-04 10:38:19,0.0
2019-04-04 10:38:20,0.0
2019-04-04 10:38:21,0.0
2019-04-04 10:38:22,0.0
2019-04-04 10:38:23,0.0
2019-04-04 10:38:24,0.0
2019-04-04 10:38:25,0.0
2019-04-04 10:38:26,0.0
2019-04-04 10:38:27,0.0
2019-04-04 10:38:28,0.0
2019-04-04 10:38:29,0.0
2019-04-04 10:38:30,0.0
2019-04-04 10:38:31,0.0
2019-04-04 10:38:32,0.0
2019-04-04 10:38:33,0.0
2019-04-04 10:38:34,0.0
2019-04-04 10:38:35,0.0
2019-04-04 10:38:36,0.0
2019-04-04 10:38:37,0.0
2019-04-04 10:38:38,0.0
2019-04-04 10:38:39,0.0
2019-04-04 10:38:40,0.0
2019-04-04 10:38:41,0.0
2019-04-04 10:38:42,0.0
2019-04-04 10:38:43,0.0
2019-04-04 10:38:44,0.0
2019-04-04 10:38:45,0.0
2019-04-04 10:38:46,0.0
2019-04-04 10:38:47,0.0
2019-04-04 10:38:48,0.0
2019-04-04 10:38:49,0.0
2019-04-04 10:38:50,0.0
2019-04-04 10:38:51,0.0
2019-04-04 10:38:52,0.0
2019-04-04 10:38:53,0.0
2019-04-04 10:38:54,0.0
2019-04-04 10:38:55,0.0
2019-04-04 10:38:56,0.0
2019-04-04 10:38:57,0.0
2019-04-04 10:38:58,0.0
2019-04-04 10:38:59,0.0
2019-04-04 10:39:00,0.0
2019-04-04 10:39:01,0.0
2019-04-04 10:39:02,0.0
2019-04-04 10:39:03,0.0
2019-04-04 10:39:04,0.0
2019-04-04 10:39:05,0.0
2019-04-04 10:39:06,0.0
2019-04-04 10:39:07,0.0
2019-04-04 10:39:08,0.0
2019-04-04 10:39:09,0.0
2019-04-04 10:39:10,0.0
2019-04-04 10:39:11,0.0
2019-04-04 10:39:12,0.0
2019-04-04 10:39:13,0.0
2019-04-04 10:39:14,0.0
2019-04-04 10:39:15,0.0
2019-04-04 10:39:16,0.0
2019-04-04 10:39:17,0.0
2019-04-04 10:39:18,0.0
2019-04-04 10:39:19,0.0
2019-04-04 10:39:20,0.0
2019-04-04 10:39:21,0.0
2019-04-04 10:39:22,0.0
2019-04-04 10:39:23,0.0
2019-04-04 10:39:24,0.0
2019-04-04 10:39:25,0.0
2019-04-04 10:39:26,0.0
2019-04-04 10:39:27,0.0
2019-04-04 10:39:28,0.0
2019-04-04 10:39:29,0.0
2019-04-04 10:39:30,0.0
2019-04-04 10:39:31,0.0
2019-04-04 10:39:32,0.0
2019-04-04 10:39:33,0.0
2019-04-04 10:39:34,0.0
2019-04-04 10:39:35,0.0
2019-04-04 10:39:36,0.0
2019-04-04 10:39:37,0.0
2019-04-04 10:39:38,0.0
2019-04-04 10:39:39,0.0
2019-04-04 10:39:40,0.0
2019-04-04 10:39:41,0.0
2019-04-04 10:39:42,0.0
2019-04-04 10:39:43,0.0
2019-04-04 10:39:44,0.0
2019-04-04 10:39:45,0.0
2019-04-04 10:39:46,0.0
2019-04-04 10:39:47,0.0
2019-04-04 10:39:48,0.0
2019-04-04 10:39:49,0.0
2019-04-04 10:39:50,0.0
2019-04-04 10:39:51,0.0
2019-04-04 10:39:52,0.0
2019-04-04 10:39:53,0.0
2019-04-04 10:39:54,0.0
2019-04-04 10:39:55,0.0
2019-04-04 10:39:56,0.0
2019-04-04 10:39:57,0.0
2019-04-04 10:39:58,0.0
2019-04-04 10:39:59,0.0
2019-04-04 10:40:00,0.0
2019-04-04 10:40:01,0.0
2019-04-04 10:40:02,-0.0002857142857113047
2019-04-04 10:40:03,-0.00028571428571201596
2019-04-04 10:40:04,-0.0002857142857127272
2019-04-04 10:40:05,-0.0002857142857134367
2019-04-04 10:40:06,-0.00028571428571414793
2019-04-04 10:40:07,0.0
2019-04-04 10:40:08,0.0
2019-04-04 10:40:09,0.0
2019-04-04 10:40:10,0.0
2019-04-04 10:40:11,0.0
2019-04-04 10:40:12,0.0
2019-04-04 10:40:13,0.0
2019-04-04 10:40:14,0.0
2019-04-04 10:40:15,0.0
2019-04-04 10:40:16,0.0
2019-04-04 10:40:17,0.0
2019-04-04 10:40:18,0.0
2019-04-04 10:40:19,0.0
2019-04-04 10:40:20,0.0
2019-04-04 10:40:21,0.0
2019-04-04 10:40:22,0.0
2019-04-04 10:40:23,0.0
2019-04-04 10:40:24,0.0
2019-04-04 10:40:25,0.0
2019-04-04 10:40:26,0.0
2019-04-04 10:40:27,0.0
2019-04-04 10:40:28,0.0
2019-04-04 10:40:29,0.0
2019-04-04 10:40:30,0.0
2019-04-04 10:40:31,0.0
2019-04-04 10:40:32,0.0
2019-04-04 10:40:33,0.0
2019-04-04 10:40:34,0.0
2019-04-04 10:40:35,0.0
2019-04-04 10:40:36,0.0
2019-04-04 10:40:37,0.0
2019-04-04 10:40:38,0.0
2019-04-04 10:40:39,0.0
2019-04-04 10:40:40,0.0
2019-04-04 10:40:41,0.0
2019-04-04 10:40:42,0.0
2019-04-04 10:40:43,0.0
2019-04-04 10:40:44,0.0
2019-04-04 10:40:45,0.0
2019-04-04 10:40:46,0.0
2019-04-04 10:40:47,0.0
2019-04-04 10:40:48,0.0
2019-04-04 10:40:49,0.0
2019-04-04 10:40:50,0.0
2019-04-04 10:40:51,0.0
2019-04-04 10:40:52,0.0
2019-04-04 10:40:53,0.0
2019-04-04 10:40:54,0.0
2019-04-04 10:40:55,0.0
2019-04-04 10:40:56,0.0
2019-04-04 10:40:57,0.0
2019-04-04 10:40:58,0.0
2019-04-04 10:40:59,0.0
2019-04-04 10:41:00,0.0
2019-04-04 10:41:01,0.0
2019-04-04 10:41:02,0.0
2019-04-04 10:41:03,0.0
2019-04-04 10:41:04,0.0
2019-04-04 10:41:05,0.0
2019-04-04 10:41:06,0.0
2019-04-04 10:41:07,0.0
2019-04-04 10:41:08,0.0
2019-04-04 10:41:09,0.0
2019-04-04 10:41:10,0.0
2019-04-04 10:41:11,0.0
2019-04-04 10:41:12,0.0
2019-04-04 10:41:13,0.0
2019-04-04 10:41:14,0.0
2019-04-04 10:41:15,0.0
2019-04-04 10:41:16,0.0
2019-04-04 10:41:17,0.0
2019-04-04 10:41:18,0.0
2019-04-04 10:41:19,0.0
2019-04-04 10:41:20,0.0
2019-04-04 10:41:21,0.0
2019-04-04 10:41:22,0.0
2019-04-04 10:41:23,0.0
2019-04-04 10:41:24,0.0
2019-04-04 10:41:25,0.0
2019-04-04 10:41:26,0.0
2019-04-04 10:41:27,0.0
2019-04-04 10:41:28,0.0
2019-04-04 10:41:29,0.0
2019-04-04 10:41:30,0.0
2019-04-04 10:41:31,0.0
2019-04-04 10:41:32,0.0
2019-04-04 10:41:33,0.0
2019-04-04 10:41:34,0.0
2019-04-04 10:41:35,0.0
2019-04-04 10:41:36,0.0
2019-04-04 10:41:37,0.0
2019-04-04 10:41:38,0.0
2019-04-04 10:41:39,0.0
2019-04-04 10:41:40,0.0
2019-04-04 10:41:41,0.0
2019-04-04 10:41:42,0.0
2019-04-04 10:41:43,0.0
2019-04-04 10:41:44,0.0
2019-04-04 10:41:45,0.0
2019-04-04 10:41:46,0.0
2019-04-04 10:41:47,0.0
2019-04-04 10:41:48,0.0
2019-04-04 10:41:49,0.0
2019-04-04 10:41:50,0.0
2019-04-04 10:41:51,0.0
2019-04-04 10:41:52,0.0
2019-04-04 10:41:53,0.0
2019-04-04 10:41:54,0.0
2019-04-04 10:41:55,0.0
2019-04-04 10:41:56,0.0
2019-04-04 10:41:57,0.0
2019-04-04 10:41:58,0.0
2019-04-04 10:41:59,0.0
2019-04-04 10:42:00,0.0
2019-04-04 10:42:01,0.0
2019-04-04 10:42:02,0.0
2019-04-04 10:42:03,0.0
2019-04-04 10:42:04,0.0
2019-04-04 10:42:05,0.0
2019-04-04 10:42:06,0.0
2019-04-04 10:42:07,0.0
2019-04-04 10:42:08,0.0
2019-04-04 10:42:09,0.0
2019-04-04 10:42:10,0.0
2019-04-04 10:42:11,0.0
2019-04-04 10:42:12,0.0
2019-04-04 10:42:13,0.0
2019-04-04 10:42:14,0.0
2019-04-04 10:42:15,0.0
2019-04-04 10:42:16,0.0
2019-04-04 10:42:17,0.0
2019-04-04 10:42:18,0.0
2019-04-04 10:42:19,0.0
2019-04-04 10:42:20,0.0
2019-04-04 10:42:21,0.0
2019-04-04 10:42:22,0.0
2019-04-04 10:42:23,0.0
2019-04-04 10:42:24,0.0
2019-04-04 10:42:25,0.0
2019-04-04 10:42:26,0.0
2019-04-04 10:42:27,0.0
2019-04-04 10:42:28,0.0
2019-04-04 10:42:29,0.0
2019-04-04 10:42:30,0.0
2019-04-04 10:42:31,0.0
2019-04-04 10:42:32,0.0
2019-04-04 10:42:33,0.0
2019-04-04 10:42:34,0.0
2019-04-04 10:42:35,0.0
2019-04-04 10:42:36,0.0
2019-04-04 10:42:37,0.0
2019-04-04 10:42:38,0.0
2019-04-04 10:42:39,0.0
2019-04-04 10:42:40,0.0
2019-04-04 10:42:41,0.0
2019-04-04 10:42:42,0.0
2019-04-04 10:42:43,0.0
2019-04-04 10:42:44,0.0
2019-04-04 10:42:45,0.0
2019-04-04 10:42:46,0.0
2019-04-04 10:42:47,0.0
2019-04-04 10:42:48,0.0
2019-04-04 10:42:49,0.0
2019-04-04 10:42:50,0.0
2019-04-04 10:42:51,0.0
2019-04-04 10:42:52,0.0
2019-04-04 10:42:53,0.0
2019-04-04 10:42:54,0.0
2019-04-04 10:42:55,0.0
2019-04-04 10:42:56,0.0
2019-04-04 10:42:57,0.0
2019-04-04 10:42:58,0.0
2019-04-04 10:42:59,0.0
2019-04-04 10:43:00,0.0
2019-04-04 10:43:01,0.0
2019-04-04 10:43:02,0.0
2019-04-04 10:43:03,0.0
2019-04-04 10:43:04,0.0
2019-04-04 10:43:05,0.0
2019-04-04 10:43:06,0.0
2019-04-04 10:43:07,0.0
2019-04-04 10:43:08,0.0
2019-04-04 10:43:09,0.0
2019-04-04 10:43:10,0.0
2019-04-04 10:43:11,0.0
2019-04-04 10:43:12,0.0
2019-04-04 10:43:13,0.0
2019-04-04 10:43:14,0.0
2019-04-04 10:43:15,0.0
2019-04-04 10:43:16,0.0
2019-04-04 10:43:17,-0.00012500000000317292
2019-04-04 10:43:18,-0.00012500000000246168
2019-04-04 10:43:19,-0.00012500000000175218
2019-04-04 10:43:20,-0.00012500000000104095
2019-04-04 10:43:21,-0.0001250000000003297
2019-04-04 10:43:22,0.0
2019-04-04 10:43:23,0.0
2019-04-04 10:43:24,0.0
2019-04-04 10:43:25,0.0
2019-04-04 10:43:26,0.0
2019-04-04 10:43:27,0.0
2019-04-04 10:43:28,0.0
2019-04-04 10:43:29,0.0
2019-04-04 10:43:30,0.0
2019-04-04 10:43:31,0.0
2019-04-04 10:43:32,0.0
2019-04-04 10:43:33,0.0
2019-04-04 10:43:34,0.0
2019-04-04 10:43:35,0.0
2019-04-04 10:43:36,0.0
2019-04-04 10:43:37,0.0
2019-04-04 10:43:38,0.0
2019-04-04 10:43:39,0.0
2019-04-04 10:43:40,0.0
2019-04-04 10:43:41,0.0
2019-04-04 10:43:42,0.0
2019-04-04 10:43:43,0.0
2019-04-04 10:43:44,0.0
2019-04-04 10:43:45,0.0
2019-04-04 10:43:46,0.0
2019-04-04 10:43:47,0.0
2019-04-04 10:43:48,0.0
2019-04-04 10:43:49,0.0
2019-04-04 10:43:50,0.0
2019-04-04 10:43:51,0.0
2019-04-04 10:43:52,0.0
2019-04-04 10:43:53,0.0
2019-04-04 10:43:54,0.0
2019-04-04 10:43:55,0.0
2019-04-04 10:43:56,0.0
2019-04-04 10:43:57,0.0
2019-04-04 10:43:58,0.0
2019-04-04 10:43:59,0.0
2019-04-04 10:44:00,0.0
2019-04-04 10:44:01,0.0
2019-04-04 10:44:02,0.0
2019-04-04 10:44:03,0.0
2019-04-04 10:44:04,0.0
2019-04-04 10:44:05,0.0
2019-04-04 10:44:06,0.0
2019-04-04 10:44:07,0.0
2019-04-04 10:44:08,0.0
2019-04-04 10:44:09,0.0
2019-04-04 10:44:10,0.0
2019-04-04 10:44:11,0.0
2019-04-04 10:44:12,0.0
2019-04-04 10:44:13,0.0
2019-04-04 10:44:14,0.0
2019-04-04 10:44:15,0.0
2019-04-04 10:44:16,0.0
2019-04-04 10:44:17,0.0
2019-04-04 10:44:18,0.0
2019-04-04 10:44:19,0.0
2019-04-04 10:44:20,0.0
2019-04-04 10:44:21,0.0
2019-04-04 10:44:22,0.0
2019-04-04 10:44:23,0.0
2019-04-04 10:44:24,0.0
2019-04-04 10:44:25,0.0
2019-04-04 10:44:26,0.0
2019-04-04 10:44:27,0.0
2019-04-04 10:44:28,0.0
2019-04-04 10:44:29,0.0
2019-04-04 10:44:30,0.0
2019-04-04 10:44:31,0.0
2019-04-04 10:44:32,0.0
2019-04-04 10:44:33,0.0
2019-04-04 10:44:34,0.0
2019-04-04 10:44:35,0.0
2019-04-04 10:44:36,0.0
2019-04-04 10:44:37,0.0
2019-04-04 10:44:38,0.0
2019-04-04 10:44:39,0.0
2019-04-04 10:44:40,0.0
2019-04-04 10:44:41,0.0
2019-04-04 10:44:42,0.0
2019-04-04 10:44:43,0.0
2019-04-04 10:44:44,0.0
2019-04-04 10:44:45,0.0
2019-04-04 10:44:46,0.0
2019-04-04 10:44:47,0.0
2019-04-04 10:44:48,0.0
2019-04-04 10:44:49,0.0
2019-04-04 10:44:50,0.0
2019-04-04 10:44:51,0.0
2019-04-04 10:44:52,0.0
2019-04-04 10:44:53,0.0
2019-04-04 10:44:54,0.0
2019-04-04 10:44:55,0.0
2019-04-04 10:44:56,0.0
2019-04-04 10:44:57,0.0
2019-04-04 10:44:58,0.0
2019-04-04 10:44:59,0.0
2019-04-04 10:45:00,0.0
2019-04-04 10:45:01,0.0
2019-04-04 10:45:02,0.0
2019-04-04 10:45:03,0.0
2019-04-04 10:45:04,0.0
2019-04-04 10:45:05,0.0
2019-04-04 10:45:06,0.0
2019-04-04 10:45:07,0.0
2019-04-04 10:45:08,0.0
2019-04-04 10:45:09,0.0
2019-04-04 10:45:10,0.0
2019-04-04 10:45:11,0.0
2019-04-04 10:45:12,0.0
2019-04-04 10:45:13,0.0
2019-04-04 10:45:14,0.0
2019-04-04 10:45:15,0.0
2019-04-04 10:45:16,0.0
2019-04-04 10:45:17,0.0
2019-04-04 10:45:18,0.0
2019-04-04 10:45:19,0.0
2019-04-04 10:45:20,0.0
2019-04-04 10:45:21,0.0
2019-04-04 10:45:22,0.0
2019-04-04 10:45:23,0.0
2019-04-04 10:45:24,0.0
2019-04-04 10:45:25,0.0
2019-04-04 10:45:26,0.0
2019-04-04 10:45:27,0.0
2019-04-04 10:45:28,0.0
2019-04-04 10:45:29,0.0
2019-04-04 10:45:30,0.0
2019-04-04 10:45:31,0.0
2019-04-04 10:45:32,0.0
2019-04-04 10:45:33,0.0
2019-04-04 10:45:34,-0.0001538461538432255
2019-04-04 10:45:35,-0.00015384615384393674
2019-04-04 10:45:36,-0.00015384615384464798
2019-04-04 10:45:37,-0.00015384615384535748
2019-04-04 10:45:38,-0.00015384615384606871
2019-04-04 10:45:39,0.0
2019-04-04 10:45:40,0.0
2019-04-04 10:45:41,0.0
2019-04-04 10:45:42,0.0
2019-04-04 10:45:43,0.0
2019-04-04 10:45:44,0.0
2019-04-04 10:45:45,0.0
2019-04-04 10:45:46,0.0
2019-04-04 10:45:47,0.0
2019-04-04 10:45:48,0.0
2019-04-04 10:45:49,0.0
2019-04-04 10:45:50,0.0
2019-04-04 10:45:51,0.0
2019-04-04 10:45:52,0.0
2019-04-04 10:45:53,0.0
2019-04-04 10:45:54,0.0
2019-04-04 10:45:55,0.0
2019-04-04 10:45:56,0.0
2019-04-04 10:45:57,0.0
2019-04-04 10:45:58,0.0
2019-04-04 10:45:59,0.0
2019-04-04 10:46:00,0.0
2019-04-04 10:46:01,0.0
2019-04-04 10:46:02,0.0
2019-04-04 10:46:03,0.0
2019-04-04 10:46:04,0.0
2019-04-04 10:46:05,0.0
2019-04-04 10:46:06,0.0
2019-04-04 10:46:07,0.0
2019-04-04 10:46:08,0.0
2019-04-04 10:46:09,0.0
2019-04-04 10:46:10,0.0
2019-04-04 10:46:11,0.0
2019-04-04 10:46:12,0.0
2019-04-04 10:46:13,0.0
2019-04-04 10:46:14,0.0
2019-04-04 10:46:15,0.0
2019-04-04 10:46:16,0.0
2019-04-04 10:46:17,0.0
2019-04-04 10:46:18,0.0
2019-04-04 10:46:19,0.0
2019-04-04 10:46:20,-0.00020000000000290966
2019-04-04 10:46:21,-0.00020000000000219842
2019-04-04 10:46:22,-0.00020000000000148718
2019-04-04 10:46:23,-0.00020000000000077768
2019-04-04 10:46:24,-0.00020000000000006644
2019-04-04 10:46:25,0.0
2019-04-04 10:46:26,0.0
2019-04-04 10:46:27,0.0
2019-04-04 10:46:28,0.0
2019-04-04 10:46:29,0.0
2019-04-04 10:46:30,0.0
2019-04-04 10:46:31,0.0
2019-04-04 10:46:32,0.0
2019-04-04 10:46:33,0.0
2019-04-04 10:46:34,0.0
2019-04-04 10:46:35,0.0
2019-04-04 10:46:36,0.0
2019-04-04 10:46:37,0.0
2019-04-04 10:46:38,0.0
2019-04-04 10:46:39,0.0
2019-04-04 10:46:40,0.0
2019-04-04 10:46:41,0.0
2019-04-04 10:46:42,0.0
2019-04-04 10:46:43,0.0
2019-04-04 10:46:44,0.0
2019-04-04 10:46:45,0.0
2019-04-04 10:46:46,0.0
2019-04-04 10:46:47,0.0
2019-04-04 10:46:48,0.0
2019-04-04 10:46:49,0.0
2019-04-04 10:46:50,0.0
2019-04-04 10:46:51,0.0
2019-04-04 10:46:52,0.0
2019-04-04 10:46:53,0.0
2019-04-04 10:46:54,0.0
2019-04-04 10:46:55,0.0
2019-04-04 10:46:56,0.0
2019-04-04 10:46:57,0.0
2019-04-04 10:46:58,0.0
2019-04-04 10:46:59,0.0
2019-04-04 10:47:00,0.0
2019-04-04 10:47:01,0.0
2019-04-04 10:47:02,0.0
2019-04-04 10:47:03,0.0
2019-04-04 10:47:04,0.0
2019-04-04 10:47:05,0.0
2019-04-04 10:47:06,0.0
2019-04-04 10:47:07,0.0
2019-04-04 10:47:08,0.0
2019-04-04 10:47:09,0.0
2019-04-04 10:47:10,0.0
2019-04-04 10:47:11,0.0
2019-04-04 10:47:12,0.0
2019-04-04 10:47:13,0.0
2019-04-04 10:47:14,0.0
2019-04-04 10:47:15,0.0
2019-04-04 10:47:16,0.0
2019-04-04 10:47:17,0.0
2019-04-04 10:47:18,0.0
2019-04-04 10:47:19,0.0
2019-04-04 10:47:20,0.0
2019-04-04 10:47:21,0.0
2019-04-04 10:47:22,0.0
2019-04-04 10:47:23,0.0
2019-04-04 10:47:24,0.0
2019-04-04 10:47:25,0.0
2019-04-04 10:47:26,0.0
2019-04-04 10:47:27,0.0
2019-04-04 10:47:28,0.0
2019-04-04 10:47:29,0.0
2019-04-04 10:47:30,0.0
2019-04-04 10:47:31,0.0
2019-04-04 10:47:32,0.0
2019-04-04 10:47:33,0.0
2019-04-04 10:47:34,0.0
2019-04-04 10:47:35,0.0
2019-04-04 10:47:36,0.0
2019-04-04 10:47:37,0.0
2019-04-04 10:47:38,0.0
2019-04-04 10:47:39,0.0
2019-04-04 10:47:40,0.0
2019-04-04 10:47:41,0.0
2019-04-04 10:47:42,0.0
2019-04-04 10:47:43,0.0
2019-04-04 10:47:44,0.0
2019-04-04 10:47:45,0.0
2019-04-04 10:47:46,0.0
2019-04-04 10:47:47,0.0
2019-04-04 10:47:48,0.0
2019-04-04 10:47:49,0.0
2019-04-04 10:47:50,0.0
2019-04-04 10:47:51,0.0
2019-04-04 10:47:52,0.0
2019-04-04 10:47:53,0.0
2019-04-04 10:47:54,0.0
2019-04-04 10:47:55,0.0
2019-04-04 10:47:56,0.0
2019-04-04 10:47:57,0.0
2019-04-04 10:47:58,0.0
2019-04-04 10:47:59,0.0
2019-04-04 10:48:00,0.0
2019-04-04 10:48:01,0.0
2019-04-04 10:48:02,0.0
2019-04-04 10:48:03,0.0
2019-04-04 10:48:04,0.0
2019-04-04 10:48:05,0.0
2019-04-04 10:48:06,0.0
2019-04-04 10:48:07,0.0
2019-04-04 10:48:08,0.0
2019-04-04 10:48:09,0.0
2019-04-04 10:48:10,0.0
2019-04-04 10:48:11,0.0
2019-04-04 10:48:12,0.0
2019-04-04 10:48:13,0.0
2019-04-04 10:48:14,0.0
2019-04-04 10:48:15,0.0
2019-04-04 10:48:16,0.0
2019-04-04 10:48:17,0.0
2019-04-04 10:48:18,0.0
2019-04-04 10:48:19,0.0
2019-04-04 10:48:20,0.0
2019-04-04 10:48:21,0.0
2019-04-04 10:48:22,0.0
2019-04-04 10:48:23,0.0
2019-04-04 10:48:24,0.0
2019-04-04 10:48:25,0.0
2019-04-04 10:48:26,0.0
2019-04-04 10:48:27,0.0
2019-04-04 10:48:28,0.0
2019-04-04 10:48:29,0.0
2019-04-04 10:48:30,0.0
2019-04-04 10:48:31,0.0
2019-04-04 10:48:32,0.0
2019-04-04 10:48:33,0.0
2019-04-04 10:48:34,0.0
2019-04-04 10:48:35,0.0
2019-04-04 10:48:36,0.0
2019-04-04 10:48:37,0.0
2019-04-04 10:48:38,0.0
2019-04-04 10:48:39,0.0
2019-04-04 10:48:40,0.0
2019-04-04 10:48:41,0.0
2019-04-04 10:48:42,-0.0003999999999967953
2019-04-04 10:48:43,-0.0003999999999975048
2019-04-04 10:48:44,-0.000399999999998216
2019-04-04 10:48:45,-0.0003999999999989255
2019-04-04 10:48:46,-0.00039999999999963676
2019-04-04 10:48:47,0.0
2019-04-04 10:48:48,0.0
2019-04-04 10:48:49,0.0
2019-04-04 10:48:50,0.0
2019-04-04 10:48:51,0.0
2019-04-04 10:48:52,0.0
2019-04-04 10:48:53,0.0
2019-04-04 10:48:54,0.0
2019-04-04 10:48:55,0.0
2019-04-04 10:48:56,0.0
2019-04-04 10:48:57,0.0
2019-04-04 10:48:58,0.0
2019-04-04 10:48:59,0.0
2019-04-04 10:49:00,0.0
2019-04-04 10:49:01,0.0
2019-04-04 10:49:02,0.0
2019-04-04 10:49:03,0.0
2019-04-04 10:49:04,0.0
2019-04-04 10:49:05,0.0
2019-04-04 10:49:06,0.0
2019-04-04 10:49:07,0.0
2019-04-04 10:49:08,0.0
2019-04-04 10:49:09,0.0
2019-04-04 10:49:10,0.0
2019-04-04 10:49:11,0.0
2019-04-04 10:49:12,0.0
2019-04-04 10:49:13,0.0
2019-04-04 10:49:14,0.0
2019-04-04 10:49:15,0.0
2019-04-04 10:49:16,0.0
2019-04-04 10:49:17,0.0
2019-04-04 10:49:18,0.0
2019-04-04 10:49:19,0.0
2019-04-04 10:49:20,0.0
2019-04-04 10:49:21,0.0
2019-04-04 10:49:22,0.0
2019-04-04 10:49:23,0.0
2019-04-04 10:49:24,0.0
2019-04-04 10:49:25,0.0
2019-04-04 10:49:26,0.0
2019-04-04 10:49:27,0.0
2019-04-04 10:49:28,0.0
2019-04-04 10:49:29,0.0
2019-04-04 10:49:30,0.0
2019-04-04 10:49:31,0.0
2019-04-04 10:49:32,0.0
2019-04-04 10:49:33,0.0
2019-04-04 10:49:34,0.0
2019-04-04 10:49:35,0.0
2019-04-04 10:49:36,0.0
2019-04-04 10:49:37,0.0
2019-04-04 10:49:38,0.0
2019-04-04 10:49:39,0.0
2019-04-04 10:49:40,0.0
2019-04-04 10:49:41,0.0
2019-04-04 10:49:42,0.0
2019-04-04 10:49:43,0.0
2019-04-04 10:49:44,0.0
2019-04-04 10:49:45,0.0
2019-04-04 10:49:46,0.0
2019-04-04 10:49:47,0.0
2019-04-04 10:49:48,0.0
2019-04-04 10:49:49,0.0
2019-04-04 10:49:50,0.0
2019-04-04 10:49:51,0.0
2019-04-04 10:49:52,0.0
2019-04-04 10:49:53,0.0
2019-04-04 10:49:54,0.0
2019-04-04 10:49:55,0.0
2019-04-04 10:49:56,0.0
2019-04-04 10:49:57,0.0
2019-04-04 10:49:58,0.0
2019-04-04 10:49:59,0.0
2019-04-04 10:50:00,0.0
2019-04-04 10:50:01,0.0
2019-04-04 10:50:02,0.0
2019-04-04 10:50:03,0.0
2019-04-04 10:50:04,0.0
2019-04-04 10:50:05,0.0
2019-04-04 10:50:06,0.0
2019-04-04 10:50:07,0.0
2019-04-04 10:50:08,0.0
2019-04-04 10:50:09,0.0
2019-04-04 10:50:10,0.0
2019-04-04 10:50:11,0.0
2019-04-04 10:50:12,0.0
2019-04-04 10:50:13,0.0
2019-04-04 10:50:14,0.0
2019-04-04 10:50:15,0.0
2019-04-04 10:50:16,0.0
2019-04-04 10:50:17,0.0
2019-04-04 10:50:18,-0.000137931034485941
2019-04-04 10:50:19,-0.0001379310344852315
2019-04-04 10:50:20,-0.00013793103448452027
2019-04-04 10:50:21,-0.00013793103448380903
2019-04-04 10:50:22,-0.00013793103448309953
2019-04-04 10:50:23,0.0
2019-04-04 10:50:24,0.0
2019-04-04 10:50:25,0.0
2019-04-04 10:50:26,0.0
2019-04-04 10:50:27,0.0
2019-04-04 10:50:28,0.0
2019-04-04 10:50:29,0.0
2019-04-04 10:50:30,0.0
2019-04-04 10:50:31,0.0
2019-04-04 10:50:32,0.0
2019-04-04 10:50:33,0.0
2019-04-04 10:50:34,0.0
2019-04-04 10:50:35,0.0
2019-04-04 10:50:36,0.0
2019-04-04 10:50:37,0.0
2019-04-04 10:50:38,0.0
2019-04-04 10:50:39,0.0
2019-04-04 10:50:40,0.0
2019-04-04 10:50:41,0.0
2019-04-04 10:50:42,0.0
2019-04-04 10:50:43,0.0
2019-04-04 10:50:44,0.0
2019-04-04 10:50:45,0.0
2019-04-04 10:50:46,0.0
2019-04-04 10:50:47,0.0
2019-04-04 10:50:48,0.0
2019-04-04 10:50:49,0.0
2019-04-04 10:50:50,0.0
2019-04-04 10:50:51,0.0
2019-04-04 10:50:52,0.0
2019-04-04 10:50:53,0.0
2019-04-04 10:50:54,0.0
2019-04-04 10:50:55,0.0
2019-04-04 10:50:56,0.0
2019-04-04 10:50:57,0.0
2019-04-04 10:50:58,0.0
2019-04-04 10:50:59,0.0
2019-04-04 10:51:00,0.0
2019-04-04 10:51:01,0.0
2019-04-04 10:51:02,0.0
2019-04-04 10:51:03,0.0
2019-04-04 10:51:04,0.0
2019-04-04 10:51:05,0.0
2019-04-04 10:51:06,0.0
2019-04-04 10:51:07,0.0
2019-04-04 10:51:08,0.0
2019-04-04 10:51:09,0.0
2019-04-04 10:51:10,0.0
2019-04-04 10:51:11,0.0
2019-04-04 10:51:12,0.0
2019-04-04 10:51:13,0.0
2019-04-04 10:51:14,0.0
2019-04-04 10:51:15,0.0
2019-04-04 10:51:16,0.0
2019-04-04 10:51:17,0.0
2019-04-04 10:51:18,0.0
2019-04-04 10:51:19,0.0
2019-04-04 10:51:20,0.0
2019-04-04 10:51:21,0.0
2019-04-04 10:51:22,0.0
2019-04-04 10:51:23,0.0
2019-04-04 10:51:24,0.0
2019-04-04 10:51:25,0.0
2019-04-04 10:51:26,0.0
2019-04-04 10:51:27,0.0
2019-04-04 10:51:28,0.0
2019-04-04 10:51:29,0.0
2019-04-04 10:51:30,0.0
2019-04-04 10:51:31,0.0
2019-04-04 10:51:32,0.0
2019-04-04 10:51:33,0.0
2019-04-04 10:51:34,0.0
2019-04-04 10:51:35,0.0
2019-04-04 10:51:36,0.0
2019-04-04 10:51:37,0.0
2019-04-04 10:51:38,0.0
2019-04-04 10:51:39,0.0
2019-04-04 10:51:40,0.0
2019-04-04 10:51:41,0.0
2019-04-04 10:51:42,0.0
2019-04-04 10:51:43,0.0
2019-04-04 10:51:44,0.0
2019-04-04 10:51:45,0.0
2019-04-04 10:51:46,0.0
2019-04-04 10:51:47,0.0
2019-04-04 10:51:48,0.0
2019-04-04 10:51:49,0.0
2019-04-04 10:51:50,0.0
2019-04-04 10:51:51,0.0
2019-04-04 10:51:52,0.0
2019-04-04 10:51:53,0.0
2019-04-04 10:51:54,0.0
2019-04-04 10:51:55,0.0
2019-04-04 10:51:56,0.0
2019-04-04 10:51:57,0.0
2019-04-04 10:51:58,0.0
2019-04-04 10:51:59,0.0
2019-04-04 10:52:00,0.0
2019-04-04 10:52:01,0.0
2019-04-04 10:52:02,0.0
2019-04-04 10:52:03,0.0
2019-04-04 10:52:04,0.0
2019-04-04 10:52:05,0.0
2019-04-04 10:52:06,0.0
2019-04-04 10:52:07,0.0
2019-04-04 10:52:08,0.0
2019-04-04 10:52:09,0.0
2019-04-04 10:52:10,0.0
2019-04-04 10:52:11,0.0
2019-04-04 10:52:12,0.0
2019-04-04 10:52:13,0.0
2019-04-04 10:52:14,0.0
2019-04-04 10:52:15,0.0
2019-04-04 10:52:16,0.0
2019-04-04 10:52:17,0.0
2019-04-04 10:52:18,0.0
2019-04-04 10:52:19,0.0
2019-04-04 10:52:20,0.0
2019-04-04 10:52:21,0.0
2019-04-04 10:52:22,0.0
2019-04-04 10:52:23,0.0
2019-04-04 10:52:24,0.0
2019-04-04 10:52:25,0.0
2019-04-04 10:52:26,0.0
2019-04-04 10:52:27,0.0
2019-04-04 10:52:28,0.0
2019-04-04 10:52:29,0.0
2019-04-04 10:52:30,0.0
2019-04-04 10:52:31,0.0
2019-04-04 10:52:32,0.0
2019-04-04 10:52:33,0.0
2019-04-04 10:52:34,0.0
2019-04-04 10:52:35,0.0
2019-04-04 10:52:36,0.0
2019-04-04 10:52:37,0.0
2019-04-04 10:52:38,0.0
2019-04-04 10:52:39,0.0
2019-04-04 10:52:40,0.0
2019-04-04 10:52:41,0.0
2019-04-04 10:52:42,0.0
2019-04-04 10:52:43,0.0
2019-04-04 10:52:44,0.0
2019-04-04 10:52:45,0.0
2019-04-04 10:52:46,0.0
2019-04-04 10:52:47,0.0
2019-04-04 10:52:48,0.0
2019-04-04 10:52:49,0.0
2019-04-04 10:52:50,0.0
2019-04-04 10:52:51,0.0
2019-04-04 10:52:52,0.0
2019-04-04 10:52:53,0.0
2019-04-04 10:52:54,0.0
2019-04-04 10:52:55,0.0
2019-04-04 10:52:56,0.0
2019-04-04 10:52:57,0.0
2019-04-04 10:52:58,0.0
2019-04-04 10:52:59,0.0
2019-04-04 10:53:00,0.0
2019-04-04 10:53:01,0.0
2019-04-04 10:53:02,0.0
2019-04-04 10:53:03,0.0
2019-04-04 10:53:04,0.0
2019-04-04 10:53:05,0.0
2019-04-04 10:53:06,0.0
2019-04-04 10:53:07,0.0
2019-04-04 10:53:08,0.0
2019-04-04 10:53:09,0.0
2019-04-04 10:53:10,0.0
2019-04-04 10:53:11,0.0
2019-04-04 10:53:12,0.0
2019-04-04 10:53:13,0.0
2019-04-04 10:53:14,0.0
2019-04-04 10:53:15,0.0
2019-04-04 10:53:16,0.0
2019-04-04 10:53:17,0.0
2019-04-04 10:53:18,0.0
2019-04-04 10:53:19,0.0
2019-04-04 10:53:20,0.0
2019-04-04 10:53:21,0.0
2019-04-04 10:53:22,0.0
2019-04-04 10:53:23,0.0
2019-04-04 10:53:24,0.0
2019-04-04 10:53:25,0.0
2019-04-04 10:53:26,0.0
2019-04-04 10:53:27,0.0
2019-04-04 10:53:28,0.0
2019-04-04 10:53:29,0.0
2019-04-04 10:53:30,0.0
2019-04-04 10:53:31,0.0
2019-04-04 10:53:32,0.0
2019-04-04 10:53:33,0.0
2019-04-04 10:53:34,0.0
2019-04-04 10:53:35,0.0
2019-04-04 10:53:36,0.0
2019-04-04 10:53:37,0.0
2019-04-04 10:53:38,0.0
2019-04-04 10:53:39,0.0
2019-04-04 10:53:40,0.0
2019-04-04 10:53:41,0.0
2019-04-04 10:53:42,0.0
2019-04-04 10:53:43,0.0
2019-04-04 10:53:44,0.0
2019-04-04 10:53:45,0.0
2019-04-04 10:53:46,0.0
2019-04-04 10:53:47,0.0
2019-04-04 10:53:48,0.0
2019-04-04 10:53:49,0.0
2019-04-04 10:53:50,0.0
2019-04-04 10:53:51,0.0
2019-04-04 10:53:52,0.0
2019-04-04 10:53:53,0.0
2019-04-04 10:53:54,0.0
2019-04-04 10:53:55,0.0
2019-04-04 10:53:56,0.0
2019-04-04 10:53:57,0.0
2019-04-04 10:53:58,0.0
2019-04-04 10:53:59,0.0
2019-04-04 10:54:00,0.0
2019-04-04 10:54:01,0.0
2019-04-04 10:54:02,0.0
2019-04-04 10:54:03,0.0
2019-04-04 10:54:04,0.0
2019-04-04 10:54:05,0.0
2019-04-04 10:54:06,0.0
2019-04-04 10:54:07,0.0
2019-04-04 10:54:08,0.0
2019-04-04 10:54:09,0.0
2019-04-04 10:54:10,0.0
2019-04-04 10:54:11,0.0
2019-04-04 10:54:12,0.0
2019-04-04 10:54:13,0.0
2019-04-04 10:54:14,0.0
2019-04-04 10:54:15,0.0
2019-04-04 10:54:16,0.0
2019-04-04 10:54:17,0.0
2019-04-04 10:54:18,0.0
2019-04-04 10:54:19,0.0
2019-04-04 10:54:20,0.0
2019-04-04 10:54:21,0.0
2019-04-04 10:54:22,0.0
2019-04-04 10:54:23,0.0
2019-04-04 10:54:24,0.0
2019-04-04 10:54:25,0.0
2019-04-04 10:54:26,0.0
2019-04-04 10:54:27,0.0
2019-04-04 10:54:28,0.0
2019-04-04 10:54:29,0.0
2019-04-04 10:54:30,0.0
2019-04-04 10:54:31,0.0
2019-04-04 10:54:32,0.0
2019-04-04 10:54:33,0.0
2019-04-04 10:54:34,0.0
2019-04-04 10:54:35,0.0
2019-04-04 10:54:36,0.0
2019-04-04 10:54:37,0.0
2019-04-04 10:54:38,0.0
2019-04-04 10:54:39,0.0
2019-04-04 10:54:40,0.0
2019-04-04 10:54:41,0.0
2019-04-04 10:54:42,0.0
2019-04-04 10:54:43,0.0
2019-04-04 10:54:44,0.0
2019-04-04 10:54:45,0.0
2019-04-04 10:54:46,0.0
2019-04-04 10:54:47,0.0
2019-04-04 10:54:48,0.0
2019-04-04 10:54:49,0.0
2019-04-04 10:54:50,0.0
2019-04-04 10:54:51,0.0
2019-04-04 10:54:52,0.0
2019-04-04 10:54:53,0.0
2019-04-04 10:54:54,0.0
2019-04-04 10:54:55,0.0
2019-04-04 10:54:56,0.0
2019-04-04 10:54:57,0.0
2019-04-04 10:54:58,0.0
2019-04-04 10:54:59,0.0
2019-04-04 10:55:00,0.0
2019-04-04 10:55:01,0.0
2019-04-04 10:55:02,0.0
2019-04-04 10:55:03,0.0
2019-04-04 10:55:04,0.0
2019-04-04 10:55:05,0.0
2019-04-04 10:55:06,0.0
2019-04-04 10:55:07,0.0
2019-04-04 10:55:08,0.0
2019-04-04 10:55:09,0.0
2019-04-04 10:55:10,0.0
2019-04-04 10:55:11,0.0
2019-04-04 10:55:12,0.0
2019-04-04 10:55:13,0.0
2019-04-04 10:55:14,0.0
2019-04-04 10:55:15,0.0
2019-04-04 10:55:16,0.0
2019-04-04 10:55:17,0.0
2019-04-04 10:55:18,0.0
2019-04-04 10:55:19,0.0
2019-04-04 10:55:20,0.0
2019-04-04 10:55:21,0.0
2019-04-04 10:55:22,0.0
2019-04-04 10:55:23,0.0
2019-04-04 10:55:24,0.0
2019-04-04 10:55:25,0.0
2019-04-04 10:55:26,0.0
2019-04-04 10:55:27,0.0
2019-04-04 10:55:28,0.0
2019-04-04 10:55:29,0.0
2019-04-04 10:55:30,0.0
2019-04-04 10:55:31,0.0
2019-04-04 10:55:32,0.0
2019-04-04 10:55:33,0.0
2019-04-04 10:55:34,0.0
2019-04-04 10:55:35,0.0
2019-04-04 10:55:36,0.0
2019-04-04 10:55:37,0.0
2019-04-04 10:55:38,0.0
2019-04-04 10:55:39,0.0
2019-04-04 10:55:40,0.0
2019-04-04 10:55:41,0.0
2019-04-04 10:55:42,0.0
2019-04-04 10:55:43,0.0
2019-04-04 10:55:44,0.0
2019-04-04 10:55:45,0.0
2019-04-04 10:55:46,0.0
2019-04-04 10:55:47,0.0
2019-04-04 10:55:48,0.0
2019-04-04 10:55:49,0.0
2019-04-04 10:55:50,0.0
2019-04-04 10:55:51,0.0
2019-04-04 10:55:52,0.0
2019-04-04 10:55:53,0.0
2019-04-04 10:55:54,0.0
2019-04-04 10:55:55,0.0
2019-04-04 10:55:56,0.0
2019-04-04 10:55:57,0.0
2019-04-04 10:55:58,0.0
2019-04-04 10:55:59,0.0
2019-04-04 10:56:00,0.0
2019-04-04 10:56:01,0.0
2019-04-04 10:56:02,0.0
2019-04-04 10:56:03,0.0
2019-04-04 10:56:04,-0.00017777777777436277
2019-04-04 10:56:05,-0.000177777777775074
2019-04-04 10:56:06,-0.0001777777777757835
2019-04-04 10:56:07,-0.00017777777777649474
2019-04-04 10:56:08,-0.00017777777777720424
2019-04-04 10:56:09,0.0
2019-04-04 10:56:10,0.0
2019-04-04 10:56:11,0.0
2019-04-04 10:56:12,0.0
2019-04-04 10:56:13,0.0
2019-04-04 10:56:14,0.0
2019-04-04 10:56:15,0.0
2019-04-04 10:56:16,0.0
2019-04-04 10:56:17,0.0
2019-04-04 10:56:18,0.0
2019-04-04 10:56:19,0.0
2019-04-04 10:56:20,0.0
2019-04-04 10:56:21,0.0
2019-04-04 10:56:22,0.0
2019-04-04 10:56:23,0.0
2019-04-04 10:56:24,0.0
2019-04-04 10:56:25,0.0
2019-04-04 10:56:26,0.0
2019-04-04 10:56:27,0.0
2019-04-04 10:56:28,0.0
2019-04-04 10:56:29,-0.00010526315789787487
2019-04-04 10:56:30,-0.00010526315789716537
2019-04-04 10:56:31,-0.00010526315789645413
2019-04-04 10:56:32,-0.00010526315789574289
2019-04-04 10:56:33,-0.00010526315789503339
2019-04-04 10:56:34,0.0
2019-04-04 10:56:35,0.0
2019-04-04 10:56:36,0.0
2019-04-04 10:56:37,0.0
2019-04-04 10:56:38,0.0
2019-04-04 10:56:39,0.0
2019-04-04 10:56:40,0.0
2019-04-04 10:56:41,0.0
2019-04-04 10:56:42,0.0
2019-04-04 10:56:43,0.0
2019-04-04 10:56:44,0.0
2019-04-04 10:56:45,0.0
2019-04-04 10:56:46,0.0
2019-04-04 10:56:47,0.0
2019-04-04 10:56:48,0.0
2019-04-04 10:56:49,0.0
2019-04-04 10:56:50,0.0
2019-04-04 10:56:51,0.0
2019-04-04 10:56:52,0.0
2019-04-04 10:56:53,0.0
2019-04-04 10:56:54,0.0
2019-04-04 10:56:55,0.0
2019-04-04 10:56:56,0.0
2019-04-04 10:56:57,0.0
2019-04-04 10:56:58,0.0
2019-04-04 10:56:59,0.0
2019-04-04 10:57:00,0.0
2019-04-04 10:57:01,0.0
2019-04-04 10:57:02,0.0
2019-04-04 10:57:03,0.0
2019-04-04 10:57:04,0.0
2019-04-04 10:57:05,0.0
2019-04-04 10:57:06,0.0
2019-04-04 10:57:07,0.0
2019-04-04 10:57:08,0.0
2019-04-04 10:57:09,0.0
2019-04-04 10:57:10,0.0
2019-04-04 10:57:11,0.0
2019-04-04 10:57:12,0.0
2019-04-04 10:57:13,0.0
2019-04-04 10:57:14,0.0
2019-04-04 10:57:15,0.0
2019-04-04 10:57:16,0.0
2019-04-04 10:57:17,0.0
2019-04-04 10:57:18,0.0
2019-04-04 10:57:19,0.0
2019-04-04 10:57:20,0.0
2019-04-04 10:57:21,0.0
2019-04-04 10:57:22,0.0
2019-04-04 10:57:23,0.0
2019-04-04 10:57:24,0.0
2019-04-04 10:57:25,0.0
2019-04-04 10:57:26,0.0
2019-04-04 10:57:27,0.0
2019-04-04 10:57:28,0.0
2019-04-04 10:57:29,0.0
2019-04-04 10:57:30,0.0
2019-04-04 10:57:31,0.0
2019-04-04 10:57:32,0.0
2019-04-04 10:57:33,0.0
2019-04-04 10:57:34,0.0
2019-04-04 10:57:35,0.0
2019-04-04 10:57:36,0.0
2019-04-04 10:57:37,0.0
2019-04-04 10:57:38,0.0
2019-04-04 10:57:39,0.0
2019-04-04 10:57:40,0.0
2019-04-04 10:57:41,0.0
2019-04-04 10:57:42,0.0
2019-04-04 10:57:43,0.0
2019-04-04 10:57:44,0.0
2019-04-04 10:57:45,0.0
2019-04-04 10:57:46,0.0
2019-04-04 10:57:47,0.0
2019-04-04 10:57:48,0.0
2019-04-04 10:57:49,0.0
2019-04-04 10:57:50,0.0
2019-04-04 10:57:51,0.0
2019-04-04 10:57:52,0.0
2019-04-04 10:57:53,0.0
2019-04-04 10:57:54,0.0
2019-04-04 10:57:55,0.0
2019-04-04 10:57:56,0.0
2019-04-04 10:57:57,0.0
2019-04-04 10:57:58,0.0
2019-04-04 10:57:59,0.0
2019-04-04 10:58:00,0.0
2019-04-04 10:58:01,0.0
2019-04-04 10:58:02,0.0
2019-04-04 10:58:03,0.0
2019-04-04 10:58:04,0.0
2019-04-04 10:58:05,0.0
2019-04-04 10:58:06,0.0
2019-04-04 10:58:07,0.0
2019-04-04 10:58:08,0.0
2019-04-04 10:58:09,0.0
2019-04-04 10:58:10,0.0
2019-04-04 10:58:11,0.0
2019-04-04 10:58:12,0.0
2019-04-04 10:58:13,0.0
2019-04-04 10:58:14,0.0
2019-04-04 10:58:15,0.0
2019-04-04 10:58:16,0.0
2019-04-04 10:58:17,0.0
2019-04-04 10:58:18,0.0
2019-04-04 10:58:19,0.0
2019-04-04 10:58:20,0.0
2019-04-04 10:58:21,0.0
2019-04-04 10:58:22,0.0
2019-04-04 10:58:23,0.0
2019-04-04 10:58:24,0.0
2019-04-04 10:58:25,0.0
2019-04-04 10:58:26,0.0
2019-04-04 10:58:27,0.0
2019-04-04 10:58:28,0.0
2019-04-04 10:58:29,0.0
2019-04-04 10:58:30,0.0
2019-04-04 10:58:31,0.0
2019-04-04 10:58:32,0.0
2019-04-04 10:58:33,0.0
2019-04-04 10:58:34,0.0
2019-04-04 10:58:35,0.0
2019-04-04 10:58:36,0.0
2019-04-04 10:58:37,0.0
2019-04-04 10:58:38,0.0
2019-04-04 10:58:39,0.0
2019-04-04 10:58:40,0.0
2019-04-04 10:58:41,0.0
2019-04-04 10:58:42,0.0
2019-04-04 10:58:43,0.0
2019-04-04 10:58:44,0.0
2019-04-04 10:58:45,0.0
2019-04-04 10:58:46,0.0
2019-04-04 10:58:47,0.0
2019-04-04 10:58:48,0.0
2019-04-04 10:58:49,0.0
2019-04-04 10:58:50,0.0
2019-04-04 10:58:51,0.0
2019-04-04 10:58:52,0.0
2019-04-04 10:58:53,0.0
2019-04-04 10:58:54,0.0
2019-04-04 10:58:55,0.0
2019-04-04 10:58:56,0.0
2019-04-04 10:58:57,0.0
2019-04-04 10:58:58,0.0
2019-04-04 10:58:59,0.0
2019-04-04 10:59:00,0.0
2019-04-04 10:59:01,0.0
2019-04-04 10:59:02,0.0
2019-04-04 10:59:03,0.0
2019-04-04 10:59:04,0.0
2019-04-04 10:59:05,0.0
2019-04-04 10:59:06,0.0
2019-04-04 10:59:07,0.0
2019-04-04 10:59:08,0.0
2019-04-04 10:59:09,0.0
2019-04-04 10:59:10,0.0
2019-04-04 10:59:11,0.0
2019-04-04 10:59:12,0.0
2019-04-04 10:59:13,0.0
2019-04-04 10:59:14,0.0
2019-04-04 10:59:15,0.0
2019-04-04 10:59:16,0.0
2019-04-04 10:59:17,0.0
2019-04-04 10:59:18,0.0
2019-04-04 10:59:19,0.0
2019-04-04 10:59:20,0.0
2019-04-04 10:59:21,0.0
2019-04-04 10:59:22,0.0
2019-04-04 10:59:23,0.0
2019-04-04 10:59:24,0.0
2019-04-04 10:59:25,0.0
2019-04-04 10:59:26,0.0
2019-04-04 10:59:27,0.0
2019-04-04 10:59:28,0.0
2019-04-04 10:59:29,0.0
2019-04-04 10:59:30,0.0
2019-04-04 10:59:31,0.0
2019-04-04 10:59:32,0.0
2019-04-04 10:59:33,0.0
2019-04-04 10:59:34,0.0
2019-04-04 10:59:35,0.0
2019-04-04 10:59:36,0.0
2019-04-04 10:59:37,0.0
2019-04-04 10:59:38,0.0
2019-04-04 10:59:39,0.0
2019-04-04 10:59:40,0.0
2019-04-04 10:59:41,0.0
2019-04-04 10:59:42,0.0
2019-04-04 10:59:43,0.0
2019-04-04 10:59:44,0.0
2019-04-04 10:59:45,0.0
2019-04-04 10:59:46,0.0
2019-04-04 10:59:47,0.0
2019-04-04 10:59:48,0.0
2019-04-04 10:59:49,0.0
2019-04-04 10:59:50,0.0
2019-04-04 10:59:51,0.0
2019-04-04 10:59:52,0.0
2019-04-04 10:59:53,0.0
2019-04-04 10:59:54,0.0
2019-04-04 10:59:55,0.0
2019-04-04 10:59:56,0.0
2019-04-04 10:59:57,0.0
2019-04-04 10:59:58,0.0
2019-04-04 10:59:59,0.0
2019-04-04 11:00:00,0.0
2019-04-04 11:00:01,0.0
2019-04-04 11:00:02,0.0
2019-04-04 11:00:03,0.0
2019-04-04 11:00:04,0.0
2019-04-04 11:00:05,0.0
2019-04-04 11:00:06,0.0
2019-04-04 11:00:07,0.0
2019-04-04 11:00:08,0.0
2019-04-04 11:00:09,0.0
2019-04-04 11:00:10,0.0
2019-04-04 11:00:11,0.0
2019-04-04 11:00:12,0.0
2019-04-04 11:00:13,0.0
2019-04-04 11:00:14,0.0
2019-04-04 11:00:15,0.0
2019-04-04 11:00:16,0.0
2019-04-04 11:00:17,0.0
2019-04-04 11:00:18,0.0
2019-04-04 11:00:19,0.0
2019-04-04 11:00:20,0.0
2019-04-04 11:00:21,0.0
2019-04-04 11:00:22,0.0
2019-04-04 11:00:23,0.0
2019-04-04 11:00:24,0.0
2019-04-04 11:00:25,0.0
2019-04-04 11:00:26,0.0
2019-04-04 11:00:27,0.0
2019-04-04 11:00:28,0.0
2019-04-04 11:00:29,0.0
2019-04-04 11:00:30,0.0
2019-04-04 11:00:31,0.0
2019-04-04 11:00:32,0.0
2019-04-04 11:00:33,0.0
2019-04-04 11:00:34,0.0
2019-04-04 11:00:35,0.0
2019-04-04 11:00:36,0.0
2019-04-04 11:00:37,0.0
2019-04-04 11:00:38,0.0
2019-04-04 11:00:39,0.0
2019-04-04 11:00:40,0.0
2019-04-04 11:00:41,0.0
2019-04-04 11:00:42,0.0
2019-04-04 11:00:43,0.0
2019-04-04 11:00:44,0.0
2019-04-04 11:00:45,0.0
2019-04-04 11:00:46,0.0
2019-04-04 11:00:47,0.0
2019-04-04 11:00:48,0.0
2019-04-04 11:00:49,0.0
2019-04-04 11:00:50,0.0
2019-04-04 11:00:51,0.0
2019-04-04 11:00:52,0.0
2019-04-04 11:00:53,0.0
2019-04-04 11:00:54,0.0
2019-04-04 11:00:55,0.0
2019-04-04 11:00:56,0.0
2019-04-04 11:00:57,0.0
2019-04-04 11:00:58,0.0
2019-04-04 11:00:59,0.0
2019-04-04 11:01:00,0.0
2019-04-04 11:01:01,0.0
2019-04-04 11:01:02,0.0
2019-04-04 11:01:03,0.0
2019-04-04 11:01:04,0.0
2019-04-04 11:01:05,0.0
2019-04-04 11:01:06,0.0
2019-04-04 11:01:07,0.0
2019-04-04 11:01:08,0.0
2019-04-04 11:01:09,0.0
2019-04-04 11:01:10,0.0
2019-04-04 11:01:11,0.0
2019-04-04 11:01:12,0.0
2019-04-04 11:01:13,0.0
2019-04-04 11:01:14,0.0
2019-04-04 11:01:15,0.0
2019-04-04 11:01:16,0.0
2019-04-04 11:01:17,0.0
2019-04-04 11:01:18,0.0
2019-04-04 11:01:19,0.0
2019-04-04 11:01:20,0.0
2019-04-04 11:01:21,0.0
2019-04-04 11:01:22,0.0
2019-04-04 11:01:23,0.0
2019-04-04 11:01:24,0.0
2019-04-04 11:01:25,0.0
2019-04-04 11:01:26,0.0
2019-04-04 11:01:27,0.0
2019-04-04 11:01:28,0.0
2019-04-04 11:01:29,0.0
2019-04-04 11:01:30,0.0
2019-04-04 11:01:31,0.0
2019-04-04 11:01:32,0.0
2019-04-04 11:01:33,0.0
2019-04-04 11:01:34,0.0
2019-04-04 11:01:35,0.0
2019-04-04 11:01:36,0.0
2019-04-04 11:01:37,0.0
2019-04-04 11:01:38,0.0
2019-04-04 11:01:39,0.0
2019-04-04 11:01:40,0.0
2019-04-04 11:01:41,0.0
2019-04-04 11:01:42,0.0
2019-04-04 11:01:43,0.0
2019-04-04 11:01:44,0.0
2019-04-04 11:01:45,0.0
2019-04-04 11:01:46,0.0
2019-04-04 11:01:47,0.0
2019-04-04 11:01:48,0.0
2019-04-04 11:01:49,0.0
2019-04-04 11:01:50,0.0
2019-04-04 11:01:51,0.0
2019-04-04 11:01:52,0.0
2019-04-04 11:01:53,0.0
2019-04-04 11:01:54,0.0
2019-04-04 11:01:55,0.0
2019-04-04 11:01:56,0.0
2019-04-04 11:01:57,0.0
2019-04-04 11:01:58,0.0
2019-04-04 11:01:59,0.0
2019-04-04 11:02:00,0.0
2019-04-04 11:02:01,0.0
2019-04-04 11:02:02,0.0
2019-04-04 11:02:03,0.0
2019-04-04 11:02:04,0.0
2019-04-04 11:02:05,0.0
2019-04-04 11:02:06,0.0
2019-04-04 11:02:07,0.0
2019-04-04 11:02:08,0.0
2019-04-04 11:02:09,0.0
2019-04-04 11:02:10,0.0
2019-04-04 11:02:11,0.0
2019-04-04 11:02:12,0.0
2019-04-04 11:02:13,0.0
2019-04-04 11:02:14,0.0
2019-04-04 11:02:15,0.0
2019-04-04 11:02:16,0.0
2019-04-04 11:02:17,0.0
2019-04-04 11:02:18,0.0
2019-04-04 11:02:19,0.0
2019-04-04 11:02:20,0.0
2019-04-04 11:02:21,0.0
2019-04-04 11:02:22,0.0
2019-04-04 11:02:23,0.0
2019-04-04 11:02:24,0.0
2019-04-04 11:02:25,0.0
2019-04-04 11:02:26,0.0
2019-04-04 11:02:27,0.0
2019-04-04 11:02:28,0.0
2019-04-04 11:02:29,0.0
2019-04-04 11:02:30,0.0
2019-04-04 11:02:31,0.0
2019-04-04 11:02:32,0.0
2019-04-04 11:02:33,0.0
2019-04-04 11:02:34,0.0
2019-04-04 11:02:35,0.0
2019-04-04 11:02:36,0.0
2019-04-04 11:02:37,0.0
2019-04-04 11:02:38,0.0
2019-04-04 11:02:39,0.0
2019-04-04 11:02:40,0.0
2019-04-04 11:02:41,0.0
2019-04-04 11:02:42,0.0
2019-04-04 11:02:43,0.0
2019-04-04 11:02:44,0.0
2019-04-04 11:02:45,0.0
2019-04-04 11:02:46,0.0
2019-04-04 11:02:47,0.0
2019-04-04 11:02:48,0.0
2019-04-04 11:02:49,0.0
2019-04-04 11:02:50,0.0
2019-04-04 11:02:51,0.0
2019-04-04 11:02:52,0.0
2019-04-04 11:02:53,0.0
2019-04-04 11:02:54,0.0
2019-04-04 11:02:55,0.0
2019-04-04 11:02:56,0.0
2019-04-04 11:02:57,0.0
2019-04-04 11:02:58,0.0
2019-04-04 11:02:59,0.0
2019-04-04 11:03:00,0.0
2019-04-04 11:03:01,0.0
2019-04-04 11:03:02,0.0
2019-04-04 11:03:03,0.0
2019-04-04 11:03:04,0.0
2019-04-04 11:03:05,0.0
2019-04-04 11:03:06,0.0
2019-04-04 11:03:07,0.0
2019-04-04 11:03:08,0.0
2019-04-04 11:03:09,0.0
2019-04-04 11:03:10,0.0
2019-04-04 11:03:11,0.0
2019-04-04 11:03:12,0.0
2019-04-04 11:03:13,0.0
2019-04-04 11:03:14,0.0
2019-04-04 11:03:15,0.0
2019-04-04 11:03:16,0.0
2019-04-04 11:03:17,0.0
2019-04-04 11:03:18,0.0
2019-04-04 11:03:19,0.0
2019-04-04 11:03:20,0.0
2019-04-04 11:03:21,0.0
2019-04-04 11:03:22,0.0
2019-04-04 11:03:23,0.0
2019-04-04 11:03:24,0.0
2019-04-04 11:03:25,0.0
2019-04-04 11:03:26,0.0
2019-04-04 11:03:27,0.0
2019-04-04 11:03:28,0.0
2019-04-04 11:03:29,0.0
2019-04-04 11:03:30,0.0
2019-04-04 11:03:31,0.0
2019-04-04 11:03:32,0.0
2019-04-04 11:03:33,0.0
2019-04-04 11:03:34,0.0
2019-04-04 11:03:35,0.0
2019-04-04 11:03:36,0.0
2019-04-04 11:03:37,0.0
2019-04-04 11:03:38,0.0
2019-04-04 11:03:39,0.0
2019-04-04 11:03:40,0.0
2019-04-04 11:03:41,0.0
2019-04-04 11:03:42,0.0
2019-04-04 11:03:43,0.0
2019-04-04 11:03:44,0.0
2019-04-04 11:03:45,0.0
2019-04-04 11:03:46,0.0
2019-04-04 11:03:47,0.0
2019-04-04 11:03:48,0.0
2019-04-04 11:03:49,0.0
2019-04-04 11:03:50,0.0
2019-04-04 11:03:51,0.0
2019-04-04 11:03:52,0.0
2019-04-04 11:03:53,0.0
2019-04-04 11:03:54,0.0
2019-04-04 11:03:55,0.0
2019-04-04 11:03:56,0.0
2019-04-04 11:03:57,0.0
2019-04-04 11:03:58,0.0
2019-04-04 11:03:59,0.0
2019-04-04 11:04:00,0.0
2019-04-04 11:04:01,0.0
2019-04-04 11:04:02,0.0
2019-04-04 11:04:03,0.0
2019-04-04 11:04:04,0.0
2019-04-04 11:04:05,0.0
2019-04-04 11:04:06,0.0
2019-04-04 11:04:07,0.0
2019-04-04 11:04:08,0.0
2019-04-04 11:04:09,0.0
2019-04-04 11:04:10,0.0
2019-04-04 11:04:11,0.0
2019-04-04 11:04:12,0.0
2019-04-04 11:04:13,0.0
2019-04-04 11:04:14,0.0
2019-04-04 11:04:15,0.0
2019-04-04 11:04:16,0.0
2019-04-04 11:04:17,0.0
2019-04-04 11:04:18,0.0
2019-04-04 11:04:19,0.0
2019-04-04 11:04:20,0.0
2019-04-04 11:04:21,0.0
2019-04-04 11:04:22,0.0
2019-04-04 11:04:23,0.0
2019-04-04 11:04:24,0.0
2019-04-04 11:04:25,0.0
2019-04-04 11:04:26,0.0
2019-04-04 11:04:27,0.0
2019-04-04 11:04:28,0.0
2019-04-04 11:04:29,0.0
2019-04-04 11:04:30,0.0
2019-04-04 11:04:31,0.0
2019-04-04 11:04:32,0.0
2019-04-04 11:04:33,0.0
2019-04-04 11:04:34,0.0
2019-04-04 11:04:35,0.0
2019-04-04 11:04:36,0.0
2019-04-04 11:04:37,0.0
2019-04-04 11:04:38,0.0
2019-04-04 11:04:39,0.0
2019-04-04 11:04:40,0.0
2019-04-04 11:04:41,0.0
2019-04-04 11:04:42,0.0
2019-04-04 11:04:43,0.0
2019-04-04 11:04:44,0.0
2019-04-04 11:04:45,0.0
2019-04-04 11:04:46,0.0
2019-04-04 11:04:47,0.0
2019-04-04 11:04:48,0.0
2019-04-04 11:04:49,0.0
2019-04-04 11:04:50,0.0
2019-04-04 11:04:51,0.0
2019-04-04 11:04:52,0.0
2019-04-04 11:04:53,0.0
2019-04-04 11:04:54,0.0
2019-04-04 11:04:55,0.0
2019-04-04 11:04:56,0.0
2019-04-04 11:04:57,0.0
2019-04-04 11:04:58,0.0
2019-04-04 11:04:59,0.0
2019-04-04 11:05:00,0.0
2019-04-04 11:05:01,0.0
2019-04-04 11:05:02,0.0
2019-04-04 11:05:03,0.0
2019-04-04 11:05:04,0.0
2019-04-04 11:05:05,0.0
2019-04-04 11:05:06,0.0
2019-04-04 11:05:07,0.0
2019-04-04 11:05:08,0.0
2019-04-04 11:05:09,0.0
2019-04-04 11:05:10,0.0
2019-04-04 11:05:11,0.0
2019-04-04 11:05:12,0.0
2019-04-04 11:05:13,0.0
2019-04-04 11:05:14,0.0
2019-04-04 11:05:15,0.0
2019-04-04 11:05:16,0.0
2019-04-04 11:05:17,0.0
2019-04-04 11:05:18,0.0
2019-04-04 11:05:19,0.0
2019-04-04 11:05:20,0.0
2019-04-04 11:05:21,0.0
2019-04-04 11:05:22,0.0
2019-04-04 11:05:23,0.0
2019-04-04 11:05:24,0.0
2019-04-04 11:05:25,0.0
2019-04-04 11:05:26,0.0
2019-04-04 11:05:27,0.0
2019-04-04 11:05:28,0.0
2019-04-04 11:05:29,0.0
2019-04-04 11:05:30,0.0
2019-04-04 11:05:31,0.0
2019-04-04 11:05:32,0.0
2019-04-04 11:05:33,0.0
2019-04-04 11:05:34,0.0
2019-04-04 11:05:35,0.0
2019-04-04 11:05:36,0.0
2019-04-04 11:05:37,0.0
2019-04-04 11:05:38,0.0
2019-04-04 11:05:39,0.0
2019-04-04 11:05:40,0.0
2019-04-04 11:05:41,0.0
2019-04-04 11:05:42,0.0
2019-04-04 11:05:43,0.0
2019-04-04 11:05:44,0.0
2019-04-04 11:05:45,0.0
2019-04-04 11:05:46,0.0
2019-04-04 11:05:47,0.0
2019-04-04 11:05:48,0.0
2019-04-04 11:05:49,0.0
2019-04-04 11:05:50,0.0
2019-04-04 11:05:51,0.0
2019-04-04 11:05:52,0.0
2019-04-04 11:05:53,0.0
2019-04-04 11:05:54,0.0
2019-04-04 11:05:55,0.0
2019-04-04 11:05:56,0.0
2019-04-04 11:05:57,0.0
2019-04-04 11:05:58,0.0
2019-04-04 11:05:59,0.0
2019-04-04 11:06:00,0.0
2019-04-04 11:06:01,0.0
2019-04-04 11:06:02,0.0
2019-04-04 11:06:03,0.0
2019-04-04 11:06:04,0.0
2019-04-04 11:06:05,0.0
2019-04-04 11:06:06,0.0
2019-04-04 11:06:07,0.0
2019-04-04 11:06:08,0.0
2019-04-04 11:06:09,0.0
2019-04-04 11:06:10,0.0
2019-04-04 11:06:11,0.0
2019-04-04 11:06:12,0.0
2019-04-04 11:06:13,0.0
2019-04-04 11:06:14,0.0
2019-04-04 11:06:15,0.0
2019-04-04 11:06:16,0.0
2019-04-04 11:06:17,0.0
2019-04-04 11:06:18,0.0
2019-04-04 11:06:19,0.0
2019-04-04 11:06:20,0.0
2019-04-04 11:06:21,0.0
2019-04-04 11:06:22,0.0
2019-04-04 11:06:23,0.0
2019-04-04 11:06:24,0.0
2019-04-04 11:06:25,0.0
2019-04-04 11:06:26,0.0
2019-04-04 11:06:27,0.0
2019-04-04 11:06:28,0.0
2019-04-04 11:06:29,0.0
2019-04-04 11:06:30,0.0
2019-04-04 11:06:31,0.0
2019-04-04 11:06:32,0.0
2019-04-04 11:06:33,0.0
2019-04-04 11:06:34,0.0
2019-04-04 11:06:35,0.0
2019-04-04 11:06:36,0.0
2019-04-04 11:06:37,0.0
2019-04-04 11:06:38,0.0
2019-04-04 11:06:39,0.0
2019-04-04 11:06:40,0.0
2019-04-04 11:06:41,0.0
2019-04-04 11:06:42,0.0
2019-04-04 11:06:43,0.0
2019-04-04 11:06:44,0.0
2019-04-04 11:06:45,0.0
2019-04-04 11:06:46,0.0
2019-04-04 11:06:47,0.0
2019-04-04 11:06:48,0.0
2019-04-04 11:06:49,0.0
2019-04-04 11:06:50,0.0
2019-04-04 11:06:51,0.0
2019-04-04 11:06:52,0.0
2019-04-04 11:06:53,0.0
2019-04-04 11:06:54,0.0
2019-04-04 11:06:55,0.0
2019-04-04 11:06:56,0.0
2019-04-04 11:06:57,0.0
2019-04-04 11:06:58,0.0
2019-04-04 11:06:59,0.0
2019-04-04 11:07:00,0.0
2019-04-04 11:07:01,0.0
2019-04-04 11:07:02,0.0
2019-04-04 11:07:03,0.0
2019-04-04 11:07:04,0.0
2019-04-04 11:07:05,0.0
2019-04-04 11:07:06,0.0
2019-04-04 11:07:07,0.0
2019-04-04 11:07:08,0.0
2019-04-04 11:07:09,0.0
2019-04-04 11:07:10,0.0
2019-04-04 11:07:11,0.0
2019-04-04 11:07:12,0.0
2019-04-04 11:07:13,0.0
2019-04-04 11:07:14,0.0
2019-04-04 11:07:15,0.0
2019-04-04 11:07:16,0.0
2019-04-04 11:07:17,0.0
2019-04-04 11:07:18,0.0
2019-04-04 11:07:19,0.0
2019-04-04 11:07:20,0.0
2019-04-04 11:07:21,0.0
2019-04-04 11:07:22,0.0
2019-04-04 11:07:23,0.0
2019-04-04 11:07:24,0.0
2019-04-04 11:07:25,0.0
2019-04-04 11:07:26,-6.153846153521443e-05
2019-04-04 11:07:27,-6.153846153592393e-05
2019-04-04 11:07:28,-6.153846153663517e-05
2019-04-04 11:07:29,-6.15384615373464e-05
2019-04-04 11:07:30,-6.153846153805591e-05
2019-04-04 11:07:31,0.0
2019-04-04 11:07:32,0.0
2019-04-04 11:07:33,0.0
2019-04-04 11:07:34,0.0
2019-04-04 11:07:35,0.0
2019-04-04 11:07:36,0.0
2019-04-04 11:07:37,0.0
2019-04-04 11:07:38,0.0
2019-04-04 11:07:39,0.0
2019-04-04 11:07:40,0.0
2019-04-04 11:07:41,0.0
2019-04-04 11:07:42,0.0
2019-04-04 11:07:43,0.0
2019-04-04 11:07:44,0.0
2019-04-04 11:07:45,0.0
2019-04-04 11:07:46,0.0
2019-04-04 11:07:47,0.0
2019-04-04 11:07:48,0.0
2019-04-04 11:07:49,0.0
2019-04-04 11:07:50,0.0
2019-04-04 11:07:51,0.0
2019-04-04 11:07:52,0.0
2019-04-04 11:07:53,0.0
2019-04-04 11:07:54,0.0
2019-04-04 11:07:55,0.0
2019-04-04 11:07:56,0.0
2019-04-04 11:07:57,0.0
2019-04-04 11:07:58,0.0
2019-04-04 11:07:59,0.0
2019-04-04 11:08:00,0.0
2019-04-04 11:08:01,0.0
2019-04-04 11:08:02,0.0
2019-04-04 11:08:03,0.0
2019-04-04 11:08:04,0.0
2019-04-04 11:08:05,0.0
2019-04-04 11:08:06,0.0
2019-04-04 11:08:07,0.0
2019-04-04 11:08:08,0.0
2019-04-04 11:08:09,0.0
2019-04-04 11:08:10,0.0
2019-04-04 11:08:11,0.0
2019-04-04 11:08:12,0.0
2019-04-04 11:08:13,0.0
2019-04-04 11:08:14,0.0
2019-04-04 11:08:15,0.0
2019-04-04 11:08:16,0.0
2019-04-04 11:08:17,0.0
2019-04-04 11:08:18,0.0
2019-04-04 11:08:19,0.0
2019-04-04 11:08:20,0.0
2019-04-04 11:08:21,0.0
2019-04-04 11:08:22,0.0
2019-04-04 11:08:23,0.0
2019-04-04 11:08:24,0.0
2019-04-04 11:08:25,0.0
2019-04-04 11:08:26,0.0
2019-04-04 11:08:27,0.0
2019-04-04 11:08:28,0.0
2019-04-04 11:08:29,0.0
2019-04-04 11:08:30,0.0
2019-04-04 11:08:31,0.0
2019-04-04 11:08:32,0.0
2019-04-04 11:08:33,0.0
2019-04-04 11:08:34,0.0
2019-04-04 11:08:35,0.0
2019-04-04 11:08:36,0.0
2019-04-04 11:08:37,0.0
2019-04-04 11:08:38,0.0
2019-04-04 11:08:39,0.0
2019-04-04 11:08:40,0.0
2019-04-04 11:08:41,0.0
2019-04-04 11:08:42,0.0
2019-04-04 11:08:43,0.0
2019-04-04 11:08:44,0.0
2019-04-04 11:08:45,0.0
2019-04-04 11:08:46,0.0
2019-04-04 11:08:47,0.0
2019-04-04 11:08:48,0.0
2019-04-04 11:08:49,0.0
2019-04-04 11:08:50,0.0
2019-04-04 11:08:51,0.0
2019-04-04 11:08:52,0.0
2019-04-04 11:08:53,0.0
2019-04-04 11:08:54,0.0
2019-04-04 11:08:55,0.0
2019-04-04 11:08:56,0.0
2019-04-04 11:08:57,0.0
2019-04-04 11:08:58,0.0
2019-04-04 11:08:59,0.0
2019-04-04 11:09:00,0.0
2019-04-04 11:09:01,0.0
2019-04-04 11:09:02,0.0
2019-04-04 11:09:03,0.0
2019-04-04 11:09:04,0.0
2019-04-04 11:09:05,0.0
2019-04-04 11:09:06,0.0
2019-04-04 11:09:07,0.0
2019-04-04 11:09:08,0.0
2019-04-04 11:09:09,0.0
2019-04-04 11:09:10,0.0
2019-04-04 11:09:11,-0.00018181818182127704
2019-04-04 11:09:12,-0.00018181818182056754
2019-04-04 11:09:13,-0.0001818181818198563
2019-04-04 11:09:14,-0.0001818181818191468
2019-04-04 11:09:15,-0.00018181818181843556
2019-04-04 11:09:16,0.0
2019-04-04 11:09:17,0.0
2019-04-04 11:09:18,0.0
2019-04-04 11:09:19,0.0
2019-04-04 11:09:20,0.0
2019-04-04 11:09:21,0.0
2019-04-04 11:09:22,0.0
2019-04-04 11:09:23,0.0
2019-04-04 11:09:24,0.0
2019-04-04 11:09:25,0.0
2019-04-04 11:09:26,0.0
2019-04-04 11:09:27,0.0
2019-04-04 11:09:28,0.0
2019-04-04 11:09:29,0.0
2019-04-04 11:09:30,0.0
2019-04-04 11:09:31,0.0
2019-04-04 11:09:32,0.0
2019-04-04 11:09:33,0.0
2019-04-04 11:09:34,0.0
2019-04-04 11:09:35,0.0
2019-04-04 11:09:36,0.0
2019-04-04 11:09:37,0.0
2019-04-04 11:09:38,0.0
2019-04-04 11:09:39,0.0
2019-04-04 11:09:40,0.0
2019-04-04 11:09:41,0.0
2019-04-04 11:09:42,0.0
2019-04-04 11:09:43,0.0
2019-04-04 11:09:44,0.0
2019-04-04 11:09:45,0.0
2019-04-04 11:09:46,0.0
2019-04-04 11:09:47,0.0
2019-04-04 11:09:48,0.0
2019-04-04 11:09:49,0.0
2019-04-04 11:09:50,0.0
2019-04-04 11:09:51,0.0
2019-04-04 11:09:52,0.0
2019-04-04 11:09:53,0.0
2019-04-04 11:09:54,0.0
2019-04-04 11:09:55,0.0
2019-04-04 11:09:56,0.0
2019-04-04 11:09:57,0.0
2019-04-04 11:09:58,0.0
2019-04-04 11:09:59,0.0
2019-04-04 11:10:00,0.0
2019-04-04 11:10:01,0.0
2019-04-04 11:10:02,0.0
2019-04-04 11:10:03,0.0
2019-04-04 11:10:04,0.0
2019-04-04 11:10:05,0.0
2019-04-04 11:10:06,0.0
2019-04-04 11:10:07,0.0
2019-04-04 11:10:08,0.0
2019-04-04 11:10:09,0.0
2019-04-04 11:10:10,-0.00017391304347516914
2019-04-04 11:10:11,-0.00017391304347587865
2019-04-04 11:10:12,-0.00017391304347658988
2019-04-04 11:10:13,-0.00017391304347729938
2019-04-04 11:10:14,-0.00017391304347801062
2019-04-04 11:10:15,0.0
2019-04-04 11:10:16,0.0
2019-04-04 11:10:17,0.0
2019-04-04 11:10:18,0.0
2019-04-04 11:10:19,0.0
2019-04-04 11:10:20,0.0
2019-04-04 11:10:21,0.0
2019-04-04 11:10:22,0.0
2019-04-04 11:10:23,0.0
2019-04-04 11:10:24,0.0
2019-04-04 11:10:25,0.0
2019-04-04 11:10:26,0.0
2019-04-04 11:10:27,0.0
2019-04-04 11:10:28,0.0
2019-04-04 11:10:29,0.0
2019-04-04 11:10:30,0.0
2019-04-04 11:10:31,0.0
2019-04-04 11:10:32,0.0
2019-04-04 11:10:33,0.0
2019-04-04 11:10:34,0.0
2019-04-04 11:10:35,0.0
2019-04-04 11:10:36,0.0
2019-04-04 11:10:37,0.0
2019-04-04 11:10:38,0.0
2019-04-04 11:10:39,0.0
2019-04-04 11:10:40,0.0
2019-04-04 11:10:41,0.0
2019-04-04 11:10:42,0.0
2019-04-04 11:10:43,0.0
2019-04-04 11:10:44,0.0
2019-04-04 11:10:45,0.0
2019-04-04 11:10:46,0.0
2019-04-04 11:10:47,0.0
2019-04-04 11:10:48,0.0
2019-04-04 11:10:49,0.0
2019-04-04 11:10:50,0.0
2019-04-04 11:10:51,0.0
2019-04-04 11:10:52,0.0
2019-04-04 11:10:53,0.0
2019-04-04 11:10:54,0.0
2019-04-04 11:10:55,0.0
2019-04-04 11:10:56,0.0
2019-04-04 11:10:57,0.0
2019-04-04 11:10:58,0.0
2019-04-04 11:10:59,0.0
2019-04-04 11:11:00,0.0
2019-04-04 11:11:01,0.0
2019-04-04 11:11:02,0.0
2019-04-04 11:11:03,0.0
2019-04-04 11:11:04,0.0
2019-04-04 11:11:05,0.0
2019-04-04 11:11:06,0.0
2019-04-04 11:11:07,0.0
2019-04-04 11:11:08,0.0
2019-04-04 11:11:09,0.0
2019-04-04 11:11:10,0.0
2019-04-04 11:11:11,0.0
2019-04-04 11:11:12,0.0
2019-04-04 11:11:13,0.0
2019-04-04 11:11:14,0.0
2019-04-04 11:11:15,0.0
2019-04-04 11:11:16,0.0
2019-04-04 11:11:17,0.0
2019-04-04 11:11:18,0.0
2019-04-04 11:11:19,0.0
2019-04-04 11:11:20,0.0
2019-04-04 11:11:21,0.0
2019-04-04 11:11:22,0.0
2019-04-04 11:11:23,0.0
2019-04-04 11:11:24,0.0
2019-04-04 11:11:25,0.0
2019-04-04 11:11:26,0.0
2019-04-04 11:11:27,0.0
2019-04-04 11:11:28,0.0
2019-04-04 11:11:29,0.0
2019-04-04 11:11:30,0.0
2019-04-04 11:11:31,0.0
2019-04-04 11:11:32,0.0
2019-04-04 11:11:33,0.0
2019-04-04 11:11:34,0.0
2019-04-04 11:11:35,0.0
2019-04-04 11:11:36,0.0
2019-04-04 11:11:37,0.0
2019-04-04 11:11:38,0.0
2019-04-04 11:11:39,0.0
2019-04-04 11:11:40,0.0
2019-04-04 11:11:41,0.0
2019-04-04 11:11:42,0.0
2019-04-04 11:11:43,0.0
2019-04-04 11:11:44,0.0
2019-04-04 11:11:45,0.0
2019-04-04 11:11:46,0.0
2019-04-04 11:11:47,0.0
2019-04-04 11:11:48,0.0
2019-04-04 11:11:49,0.0
2019-04-04 11:11:50,0.0
2019-04-04 11:11:51,0.0
2019-04-04 11:11:52,0.0
2019-04-04 11:11:53,0.0
2019-04-04 11:11:54,0.0
2019-04-04 11:11:55,-0.00014285714286005856
2019-04-04 11:11:56,-0.00014285714285934906
2019-04-04 11:11:57,-0.00014285714285863782
2019-04-04 11:11:58,-0.00014285714285792658
2019-04-04 11:11:59,-0.00014285714285721708
2019-04-04 11:12:00,0.0
2019-04-04 11:12:01,0.0
2019-04-04 11:12:02,0.0
2019-04-04 11:12:03,0.0
2019-04-04 11:12:04,0.0
2019-04-04 11:12:05,0.0
2019-04-04 11:12:06,0.0
2019-04-04 11:12:07,0.0
2019-04-04 11:12:08,0.0
2019-04-04 11:12:09,-0.00023999999999688333
2019-04-04 11:12:10,-0.00023999999999759283
2019-04-04 11:12:11,-0.00023999999999830407
2019-04-04 11:12:12,-0.0002399999999990153
2019-04-04 11:12:13,-0.0002399999999997248
2019-04-04 11:12:14,0.0
2019-04-04 11:12:15,-0.00033333333333638616
2019-04-04 11:12:16,-0.00033333333333567493
2019-04-04 11:12:17,-0.0003333333333349654
2019-04-04 11:12:18,-0.0003333333333342542
2019-04-04 11:12:19,-0.00033333333333354295
2019-04-04 11:12:20,0.0
2019-04-04 11:12:21,0.0
2019-04-04 11:12:22,0.0
2019-04-04 11:12:23,0.0
2019-04-04 11:12:24,0.0
2019-04-04 11:12:25,0.0
2019-04-04 11:12:26,0.0
2019-04-04 11:12:27,0.0
2019-04-04 11:12:28,0.0
2019-04-04 11:12:29,0.0
2019-04-04 11:12:30,0.0
2019-04-04 11:12:31,0.0
2019-04-04 11:12:32,0.0
2019-04-04 11:12:33,0.0
2019-04-04 11:12:34,0.0
2019-04-04 11:12:35,0.0
2019-04-04 11:12:36,0.0
2019-04-04 11:12:37,0.0
2019-04-04 11:12:38,0.0
2019-04-04 11:12:39,0.0
2019-04-04 11:12:40,0.0
2019-04-04 11:12:41,0.0
2019-04-04 11:12:42,0.0
2019-04-04 11:12:43,0.0
2019-04-04 11:12:44,0.0
2019-04-04 11:12:45,0.0
2019-04-04 11:12:46,0.0
2019-04-04 11:12:47,0.0
2019-04-04 11:12:48,0.0
2019-04-04 11:12:49,0.0
2019-04-04 11:12:50,0.0
2019-04-04 11:12:51,0.0
2019-04-04 11:12:52,0.0
2019-04-04 11:12:53,0.0
2019-04-04 11:12:54,0.0
2019-04-04 11:12:55,0.0
2019-04-04 11:12:56,0.0
2019-04-04 11:12:57,0.0
2019-04-04 11:12:58,0.0
2019-04-04 11:12:59,0.0
2019-04-04 11:13:00,0.0
2019-04-04 11:13:01,0.0
2019-04-04 11:13:02,0.0
2019-04-04 11:13:03,0.0
2019-04-04 11:13:04,0.0
2019-04-04 11:13:05,0.0
2019-04-04 11:13:06,0.0
2019-04-04 11:13:07,0.0
2019-04-04 11:13:08,0.0
2019-04-04 11:13:09,0.0
2019-04-04 11:13:10,0.0
2019-04-04 11:13:11,0.0
2019-04-04 11:13:12,0.0
2019-04-04 11:13:13,0.0
2019-04-04 11:13:14,0.0
2019-04-04 11:13:15,0.0
2019-04-04 11:13:16,0.0
2019-04-04 11:13:17,0.0
2019-04-04 11:13:18,0.0
2019-04-04 11:13:19,0.0
2019-04-04 11:13:20,0.0
2019-04-04 11:13:21,0.0
2019-04-04 11:13:22,-0.00019999999999695262
2019-04-04 11:13:23,-0.00019999999999766385
2019-04-04 11:13:24,-0.00019999999999837335
2019-04-04 11:13:25,-0.0001999999999990846
2019-04-04 11:13:26,-0.0001999999999997941
2019-04-04 11:13:27,0.0
2019-04-04 11:13:28,0.0
2019-04-04 11:13:29,0.0
2019-04-04 11:13:30,0.0
2019-04-04 11:13:31,0.0
2019-04-04 11:13:32,0.0
2019-04-04 11:13:33,0.0
2019-04-04 11:13:34,0.0
2019-04-04 11:13:35,0.0
2019-04-04 11:13:36,0.0
2019-04-04 11:13:37,0.0
2019-04-04 11:13:38,0.0
2019-04-04 11:13:39,0.0
2019-04-04 11:13:40,0.0
2019-04-04 11:13:41,0.0
2019-04-04 11:13:42,0.0
2019-04-04 11:13:43,0.0
2019-04-04 11:13:44,0.0
2019-04-04 11:13:45,0.0
2019-04-04 11:13:46,0.0
2019-04-04 11:13:47,0.0
2019-04-04 11:13:48,0.0
2019-04-04 11:13:49,0.0
2019-04-04 11:13:50,0.0
2019-04-04 11:13:51,0.0
2019-04-04 11:13:52,0.0
2019-04-04 11:13:53,0.0
2019-04-04 11:13:54,0.0
2019-04-04 11:13:55,0.0
2019-04-04 11:13:56,0.0
2019-04-04 11:13:57,0.0
2019-04-04 11:13:58,0.0
2019-04-04 11:13:59,0.0
2019-04-04 11:14:00,0.0
2019-04-04 11:14:01,0.0
2019-04-04 11:14:02,0.0
2019-04-04 11:14:03,0.0
2019-04-04 11:14:04,0.0
2019-04-04 11:14:05,0.0
2019-04-04 11:14:06,0.0
2019-04-04 11:14:07,0.0
2019-04-04 11:14:08,0.0
2019-04-04 11:14:09,0.0
2019-04-04 11:14:10,0.0
2019-04-04 11:14:11,0.0
2019-04-04 11:14:12,0.0
2019-04-04 11:14:13,0.0
2019-04-04 11:14:14,0.0
2019-04-04 11:14:15,0.0
2019-04-04 11:14:16,0.0
2019-04-04 11:14:17,0.0
2019-04-04 11:14:18,0.0
2019-04-04 11:14:19,0.0
2019-04-04 11:14:20,0.0
2019-04-04 11:14:21,0.0
2019-04-04 11:14:22,0.0
2019-04-04 11:14:23,0.0
2019-04-04 11:14:24,0.0
2019-04-04 11:14:25,0.0
2019-04-04 11:14:26,0.0
2019-04-04 11:14:27,0.0
2019-04-04 11:14:28,0.0
2019-04-04 11:14:29,0.0
2019-04-04 11:14:30,0.0
2019-04-04 11:14:31,0.0
2019-04-04 11:14:32,0.0
2019-04-04 11:14:33,0.0
2019-04-04 11:14:34,0.0
2019-04-04 11:14:35,0.0
2019-04-04 11:14:36,0.0
2019-04-04 11:14:37,0.0
2019-04-04 11:14:38,0.0
2019-04-04 11:14:39,0.0
2019-04-04 11:14:40,0.0
2019-04-04 11:14:41,0.0
2019-04-04 11:14:42,0.0
2019-04-04 11:14:43,0.0
2019-04-04 11:14:44,0.0
2019-04-04 11:14:45,0.0
2019-04-04 11:14:46,0.0
2019-04-04 11:14:47,0.0
2019-04-04 11:14:48,0.0
2019-04-04 11:14:49,0.0
2019-04-04 11:14:50,-0.0007407407407439889
2019-04-04 11:14:51,-0.0007407407407432794
2019-04-04 11:14:52,-0.0007407407407425681
2019-04-04 11:14:53,-0.0007407407407418569
2019-04-04 11:14:54,-0.0007407407407411474
2019-04-04 11:14:55,-1.734723475976807e-18
2019-04-04 11:14:56,-1.734723475976807e-18
2019-04-04 11:14:57,-1.734723475976807e-18
2019-04-04 11:14:58,-1.734723475976807e-18
2019-04-04 11:14:59,-1.734723475976807e-18
2019-04-04 11:15:00,-1.734723475976807e-18
2019-04-04 11:15:01,-1.734723475976807e-18
2019-04-04 11:15:02,-1.734723475976807e-18
2019-04-04 11:15:03,-1.734723475976807e-18
2019-04-04 11:15:04,-1.734723475976807e-18
2019-04-04 11:15:05,-1.734723475976807e-18
2019-04-04 11:15:06,-1.734723475976807e-18
2019-04-04 11:15:07,-1.734723475976807e-18
2019-04-04 11:15:08,-1.734723475976807e-18
2019-04-04 11:15:09,-1.734723475976807e-18
2019-04-04 11:15:10,-1.734723475976807e-18
2019-04-04 11:15:11,-1.734723475976807e-18
2019-04-04 11:15:12,-1.734723475976807e-18
2019-04-04 11:15:13,-1.734723475976807e-18
2019-04-04 11:15:14,-1.734723475976807e-18
2019-04-04 11:15:15,-1.734723475976807e-18
2019-04-04 11:15:16,-1.734723475976807e-18
2019-04-04 11:15:17,-1.734723475976807e-18
2019-04-04 11:15:18,-1.734723475976807e-18
2019-04-04 11:15:19,-1.734723475976807e-18
2019-04-04 11:15:20,-1.734723475976807e-18
2019-04-04 11:15:21,-1.734723475976807e-18
2019-04-04 11:15:22,-1.734723475976807e-18
2019-04-04 11:15:23,-1.734723475976807e-18
2019-04-04 11:15:24,-1.734723475976807e-18
2019-04-04 11:15:25,-1.734723475976807e-18
2019-04-04 11:15:26,-1.734723475976807e-18
2019-04-04 11:15:27,-1.734723475976807e-18
2019-04-04 11:15:28,-1.734723475976807e-18
2019-04-04 11:15:29,-1.734723475976807e-18
2019-04-04 11:15:30,-1.734723475976807e-18
2019-04-04 11:15:31,-1.734723475976807e-18
2019-04-04 11:15:32,-1.734723475976807e-18
2019-04-04 11:15:33,-1.734723475976807e-18
2019-04-04 11:15:34,-1.734723475976807e-18
2019-04-04 11:15:35,-1.734723475976807e-18
2019-04-04 11:15:36,-1.734723475976807e-18
2019-04-04 11:15:37,-1.734723475976807e-18
2019-04-04 11:15:38,-1.734723475976807e-18
2019-04-04 11:15:39,-1.734723475976807e-18
2019-04-04 11:15:40,-1.734723475976807e-18
2019-04-04 11:15:41,-1.734723475976807e-18
2019-04-04 11:15:42,-1.734723475976807e-18
2019-04-04 11:15:43,-1.734723475976807e-18
2019-04-04 11:15:44,-1.734723475976807e-18
2019-04-04 11:15:45,-1.734723475976807e-18
2019-04-04 11:15:46,-1.734723475976807e-18
2019-04-04 11:15:47,-1.734723475976807e-18
2019-04-04 11:15:48,-1.734723475976807e-18
2019-04-04 11:15:49,-1.734723475976807e-18
2019-04-04 11:15:50,-1.734723475976807e-18
2019-04-04 11:15:51,-1.734723475976807e-18
2019-04-04 11:15:52,-1.734723475976807e-18
2019-04-04 11:15:53,-1.734723475976807e-18
2019-04-04 11:15:54,-1.734723475976807e-18
2019-04-04 11:15:55,-1.734723475976807e-18
2019-04-04 11:15:56,-1.734723475976807e-18
2019-04-04 11:15:57,-1.734723475976807e-18
2019-04-04 11:15:58,-1.734723475976807e-18
2019-04-04 11:15:59,-1.734723475976807e-18
2019-04-04 11:16:00,-1.734723475976807e-18
2019-04-04 11:16:01,-1.734723475976807e-18
2019-04-04 11:16:02,-1.734723475976807e-18
2019-04-04 11:16:03,-1.734723475976807e-18
2019-04-04 11:16:04,-1.734723475976807e-18
2019-04-04 11:16:05,-1.734723475976807e-18
2019-04-04 11:16:06,-1.734723475976807e-18
2019-04-04 11:16:07,-1.734723475976807e-18
2019-04-04 11:16:08,-1.734723475976807e-18
2019-04-04 11:16:09,-1.734723475976807e-18
2019-04-04 11:16:10,-1.734723475976807e-18
2019-04-04 11:16:11,-1.734723475976807e-18
2019-04-04 11:16:12,-1.734723475976807e-18
2019-04-04 11:16:13,-1.734723475976807e-18
2019-04-04 11:16:14,-1.734723475976807e-18
2019-04-04 11:16:15,-1.734723475976807e-18
2019-04-04 11:16:16,-1.734723475976807e-18
2019-04-04 11:16:17,-1.734723475976807e-18
2019-04-04 11:16:18,-1.734723475976807e-18
2019-04-04 11:16:19,-1.734723475976807e-18
2019-04-04 11:16:20,-1.734723475976807e-18
2019-04-04 11:16:21,-1.734723475976807e-18
2019-04-04 11:16:22,-1.734723475976807e-18
2019-04-04 11:16:23,-1.734723475976807e-18
2019-04-04 11:16:24,-1.734723475976807e-18
2019-04-04 11:16:25,-1.734723475976807e-18
2019-04-04 11:16:26,-1.734723475976807e-18
2019-04-04 11:16:27,-1.734723475976807e-18
2019-04-04 11:16:28,-1.734723475976807e-18
2019-04-04 11:16:29,-1.734723475976807e-18
2019-04-04 11:16:30,-1.734723475976807e-18
2019-04-04 11:16:31,-1.734723475976807e-18
2019-04-04 11:16:32,-1.734723475976807e-18
2019-04-04 11:16:33,-1.734723475976807e-18
2019-04-04 11:16:34,-1.734723475976807e-18
2019-04-04 11:16:35,-1.734723475976807e-18
2019-04-04 11:16:36,-1.734723475976807e-18
2019-04-04 11:16:37,-1.734723475976807e-18
2019-04-04 11:16:38,-1.734723475976807e-18
2019-04-04 11:16:39,-1.734723475976807e-18
2019-04-04 11:16:40,-1.734723475976807e-18
2019-04-04 11:16:41,-1.734723475976807e-18
2019-04-04 11:16:42,-1.734723475976807e-18
2019-04-04 11:16:43,-1.734723475976807e-18
2019-04-04 11:16:44,-1.734723475976807e-18
2019-04-04 11:16:45,-1.734723475976807e-18
2019-04-04 11:16:46,-1.734723475976807e-18
2019-04-04 11:16:47,-1.734723475976807e-18
2019-04-04 11:16:48,-1.734723475976807e-18
2019-04-04 11:16:49,-1.734723475976807e-18
2019-04-04 11:16:50,-1.734723475976807e-18
2019-04-04 11:16:51,-1.734723475976807e-18
2019-04-04 11:16:52,-1.734723475976807e-18
2019-04-04 11:16:53,-1.734723475976807e-18
2019-04-04 11:16:54,-1.734723475976807e-18
2019-04-04 11:16:55,-1.734723475976807e-18
2019-04-04 11:16:56,-1.734723475976807e-18
2019-04-04 11:16:57,-1.734723475976807e-18
2019-04-04 11:16:58,-1.734723475976807e-18
2019-04-04 11:16:59,-1.734723475976807e-18
2019-04-04 11:17:00,-1.734723475976807e-18
2019-04-04 11:17:01,-1.734723475976807e-18
2019-04-04 11:17:02,-1.734723475976807e-18
2019-04-04 11:17:03,-1.734723475976807e-18
2019-04-04 11:17:04,-1.734723475976807e-18
2019-04-04 11:17:05,-1.734723475976807e-18
2019-04-04 11:17:06,-1.734723475976807e-18
2019-04-04 11:17:07,-1.734723475976807e-18
2019-04-04 11:17:08,-1.734723475976807e-18
2019-04-04 11:17:09,-1.734723475976807e-18
2019-04-04 11:17:10,-1.734723475976807e-18
2019-04-04 11:17:11,-1.734723475976807e-18
2019-04-04 11:17:12,-1.734723475976807e-18
2019-04-04 11:17:13,-1.734723475976807e-18
2019-04-04 11:17:14,-1.734723475976807e-18
2019-04-04 11:17:15,-1.734723475976807e-18
2019-04-04 11:17:16,-1.734723475976807e-18
2019-04-04 11:17:17,-1.734723475976807e-18
2019-04-04 11:17:18,-1.734723475976807e-18
2019-04-04 11:17:19,-1.734723475976807e-18
2019-04-04 11:17:20,-1.734723475976807e-18
2019-04-04 11:17:21,-1.734723475976807e-18
2019-04-04 11:17:22,-1.734723475976807e-18
2019-04-04 11:17:23,-1.734723475976807e-18
2019-04-04 11:17:24,-1.734723475976807e-18
2019-04-04 11:17:25,-1.734723475976807e-18
2019-04-04 11:17:26,-1.734723475976807e-18
2019-04-04 11:17:27,-1.734723475976807e-18
2019-04-04 11:17:28,-1.734723475976807e-18
2019-04-04 11:17:29,-1.734723475976807e-18
2019-04-04 11:17:30,-1.734723475976807e-18
2019-04-04 11:17:31,-1.734723475976807e-18
2019-04-04 11:17:32,-1.734723475976807e-18
2019-04-04 11:17:33,-1.734723475976807e-18
2019-04-04 11:17:34,-1.734723475976807e-18
2019-04-04 11:17:35,-1.734723475976807e-18
2019-04-04 11:17:36,-1.734723475976807e-18
2019-04-04 11:17:37,-1.734723475976807e-18
2019-04-04 11:17:38,-1.734723475976807e-18
2019-04-04 11:17:39,-1.734723475976807e-18
2019-04-04 11:17:40,-1.734723475976807e-18
2019-04-04 11:17:41,-1.734723475976807e-18
2019-04-04 11:17:42,-1.734723475976807e-18
2019-04-04 11:17:43,-1.734723475976807e-18
2019-04-04 11:17:44,-1.734723475976807e-18
2019-04-04 11:17:45,-1.734723475976807e-18
2019-04-04 11:17:46,-1.734723475976807e-18
2019-04-04 11:17:47,-1.734723475976807e-18
2019-04-04 11:17:48,-1.734723475976807e-18
2019-04-04 11:17:49,-1.734723475976807e-18
2019-04-04 11:17:50,-1.734723475976807e-18
2019-04-04 11:17:51,-1.734723475976807e-18
2019-04-04 11:17:52,-1.734723475976807e-18
2019-04-04 11:17:53,-1.734723475976807e-18
2019-04-04 11:17:54,-1.734723475976807e-18
2019-04-04 11:17:55,-1.734723475976807e-18
2019-04-04 11:17:56,-1.734723475976807e-18
2019-04-04 11:17:57,-1.734723475976807e-18
2019-04-04 11:17:58,-1.734723475976807e-18
2019-04-04 11:17:59,-1.734723475976807e-18
2019-04-04 11:18:00,-1.734723475976807e-18
2019-04-04 11:18:01,-1.734723475976807e-18
2019-04-04 11:18:02,-1.734723475976807e-18
2019-04-04 11:18:03,-1.734723475976807e-18
2019-04-04 11:18:04,-1.734723475976807e-18
2019-04-04 11:18:05,-1.734723475976807e-18
2019-04-04 11:18:06,-1.734723475976807e-18
2019-04-04 11:18:07,-1.734723475976807e-18
2019-04-04 11:18:08,-1.734723475976807e-18
2019-04-04 11:18:09,-0.0001212121212089759
2019-04-04 11:18:10,-0.00012121212120968713
2019-04-04 11:18:11,-0.00012121212121039664
2019-04-04 11:18:12,-0.00012121212121110787
2019-04-04 11:18:13,-0.00012121212121181738
2019-04-04 11:18:14,-1.734723475976807e-18
2019-04-04 11:18:15,-1.734723475976807e-18
2019-04-04 11:18:16,-1.734723475976807e-18
2019-04-04 11:18:17,-1.734723475976807e-18
2019-04-04 11:18:18,-1.734723475976807e-18
2019-04-04 11:18:19,-1.734723475976807e-18
2019-04-04 11:18:20,-1.734723475976807e-18
2019-04-04 11:18:21,-1.734723475976807e-18
2019-04-04 11:18:22,-1.734723475976807e-18
2019-04-04 11:18:23,-1.734723475976807e-18
2019-04-04 11:18:24,-1.734723475976807e-18
2019-04-04 11:18:25,-1.734723475976807e-18
2019-04-04 11:18:26,-1.734723475976807e-18
2019-04-04 11:18:27,-1.734723475976807e-18
2019-04-04 11:18:28,-1.734723475976807e-18
2019-04-04 11:18:29,-1.734723475976807e-18
2019-04-04 11:18:30,-1.734723475976807e-18
2019-04-04 11:18:31,-1.734723475976807e-18
2019-04-04 11:18:32,-1.734723475976807e-18
2019-04-04 11:18:33,-1.734723475976807e-18
2019-04-04 11:18:34,-1.734723475976807e-18
2019-04-04 11:18:35,-1.734723475976807e-18
2019-04-04 11:18:36,-1.734723475976807e-18
2019-04-04 11:18:37,-1.734723475976807e-18
2019-04-04 11:18:38,-1.734723475976807e-18
2019-04-04 11:18:39,-1.734723475976807e-18
2019-04-04 11:18:40,-1.734723475976807e-18
2019-04-04 11:18:41,-1.734723475976807e-18
2019-04-04 11:18:42,-1.734723475976807e-18
2019-04-04 11:18:43,-1.734723475976807e-18
2019-04-04 11:18:44,-1.734723475976807e-18
2019-04-04 11:18:45,-1.734723475976807e-18
2019-04-04 11:18:46,-1.734723475976807e-18
2019-04-04 11:18:47,-1.734723475976807e-18
2019-04-04 11:18:48,-1.734723475976807e-18
2019-04-04 11:18:49,-1.734723475976807e-18
2019-04-04 11:18:50,-1.734723475976807e-18
2019-04-04 11:18:51,-1.734723475976807e-18
2019-04-04 11:18:52,-1.734723475976807e-18
2019-04-04 11:18:53,-1.734723475976807e-18
2019-04-04 11:18:54,-1.734723475976807e-18
2019-04-04 11:18:55,-1.734723475976807e-18
2019-04-04 11:18:56,-1.734723475976807e-18
2019-04-04 11:18:57,-1.734723475976807e-18
2019-04-04 11:18:58,-1.734723475976807e-18
2019-04-04 11:18:59,-1.734723475976807e-18
2019-04-04 11:19:00,-1.734723475976807e-18
2019-04-04 11:19:01,-1.734723475976807e-18
2019-04-04 11:19:02,-1.734723475976807e-18
2019-04-04 11:19:03,-1.734723475976807e-18
2019-04-04 11:19:04,-1.734723475976807e-18
2019-04-04 11:19:05,-1.734723475976807e-18
2019-04-04 11:19:06,-1.734723475976807e-18
2019-04-04 11:19:07,-1.734723475976807e-18
2019-04-04 11:19:08,-1.734723475976807e-18
2019-04-04 11:19:09,-1.734723475976807e-18
2019-04-04 11:19:10,-1.734723475976807e-18
2019-04-04 11:19:11,-1.734723475976807e-18
2019-04-04 11:19:12,-1.734723475976807e-18
2019-04-04 11:19:13,-1.734723475976807e-18
2019-04-04 11:19:14,-1.734723475976807e-18
2019-04-04 11:19:15,-1.734723475976807e-18
2019-04-04 11:19:16,-1.734723475976807e-18
2019-04-04 11:19:17,-1.734723475976807e-18
2019-04-04 11:19:18,-1.734723475976807e-18
2019-04-04 11:19:19,-1.734723475976807e-18
2019-04-04 11:19:20,-1.734723475976807e-18
2019-04-04 11:19:21,-1.734723475976807e-18
2019-04-04 11:19:22,-1.734723475976807e-18
2019-04-04 11:19:23,-1.734723475976807e-18
2019-04-04 11:19:24,-1.734723475976807e-18
2019-04-04 11:19:25,-1.734723475976807e-18
2019-04-04 11:19:26,-1.734723475976807e-18
2019-04-04 11:19:27,-1.734723475976807e-18
2019-04-04 11:19:28,-1.734723475976807e-18
2019-04-04 11:19:29,-1.734723475976807e-18
2019-04-04 11:19:30,-1.734723475976807e-18
2019-04-04 11:19:31,-1.734723475976807e-18
2019-04-04 11:19:32,-1.734723475976807e-18
2019-04-04 11:19:33,-1.734723475976807e-18
2019-04-04 11:19:34,-1.734723475976807e-18
2019-04-04 11:19:35,-1.734723475976807e-18
2019-04-04 11:19:36,-1.734723475976807e-18
2019-04-04 11:19:37,-1.734723475976807e-18
2019-04-04 11:19:38,-1.734723475976807e-18
2019-04-04 11:19:39,-1.734723475976807e-18
2019-04-04 11:19:40,-1.734723475976807e-18
2019-04-04 11:19:41,-1.734723475976807e-18
2019-04-04 11:19:42,-1.734723475976807e-18
2019-04-04 11:19:43,-1.734723475976807e-18
2019-04-04 11:19:44,-1.734723475976807e-18
2019-04-04 11:19:45,-1.734723475976807e-18
2019-04-04 11:19:46,-1.734723475976807e-18
2019-04-04 11:19:47,-1.734723475976807e-18
2019-04-04 11:19:48,-1.734723475976807e-18
2019-04-04 11:19:49,-1.734723475976807e-18
2019-04-04 11:19:50,-1.734723475976807e-18
2019-04-04 11:19:51,-1.734723475976807e-18
2019-04-04 11:19:52,-1.734723475976807e-18
2019-04-04 11:19:53,-1.734723475976807e-18
2019-04-04 11:19:54,-1.734723475976807e-18
2019-04-04 11:19:55,-1.734723475976807e-18
2019-04-04 11:19:56,-1.734723475976807e-18
2019-04-04 11:19:57,-1.734723475976807e-18
2019-04-04 11:19:58,-1.734723475976807e-18
2019-04-04 11:19:59,-1.734723475976807e-18
2019-04-04 11:20:00,-1.734723475976807e-18
2019-04-04 11:20:01,-1.734723475976807e-18
2019-04-04 11:20:02,-1.734723475976807e-18
2019-04-04 11:20:03,-1.734723475976807e-18
2019-04-04 11:20:04,-1.734723475976807e-18
2019-04-04 11:20:05,-1.734723475976807e-18
2019-04-04 11:20:06,-1.734723475976807e-18
2019-04-04 11:20:07,-1.734723475976807e-18
2019-04-04 11:20:08,-0.0001714285714317261
2019-04-04 11:20:09,-0.00017142857143101486
2019-04-04 11:20:10,-0.00017142857143030363
2019-04-04 11:20:11,-0.00017142857142959413
2019-04-04 11:20:12,-0.0001714285714288829
2019-04-04 11:20:13,0.0
2019-04-04 11:20:14,0.0
2019-04-04 11:20:15,0.0
2019-04-04 11:20:16,0.0
2019-04-04 11:20:17,0.0
2019-04-04 11:20:18,0.0
2019-04-04 11:20:19,0.0
2019-04-04 11:20:20,0.0
2019-04-04 11:20:21,0.0
2019-04-04 11:20:22,0.0
2019-04-04 11:20:23,0.0
2019-04-04 11:20:24,0.0
2019-04-04 11:20:25,0.0
2019-04-04 11:20:26,0.0
2019-04-04 11:20:27,0.0
2019-04-04 11:20:28,0.0
2019-04-04 11:20:29,0.0
2019-04-04 11:20:30,0.0
2019-04-04 11:20:31,0.0
2019-04-04 11:20:32,0.0
2019-04-04 11:20:33,-0.00013636363636063825
2019-04-04 11:20:34,-0.0001363636363613495
2019-04-04 11:20:35,-0.000136363636362059
2019-04-04 11:20:36,-0.00013636363636277023
2019-04-04 11:20:37,-0.00013636363636347973
2019-04-04 11:20:38,0.0
2019-04-04 11:20:39,0.0
2019-04-04 11:20:40,0.0
2019-04-04 11:20:41,0.0
2019-04-04 11:20:42,0.0
2019-04-04 11:20:43,0.0
2019-04-04 11:20:44,0.0
2019-04-04 11:20:45,0.0
2019-04-04 11:20:46,0.0
2019-04-04 11:20:47,0.0
2019-04-04 11:20:48,0.0
2019-04-04 11:20:49,0.0
2019-04-04 11:20:50,0.0
2019-04-04 11:20:51,0.0
2019-04-04 11:20:52,0.0
2019-04-04 11:20:53,0.0
2019-04-04 11:20:54,0.0
2019-04-04 11:20:55,0.0
2019-04-04 11:20:56,0.0
2019-04-04 11:20:57,0.0
2019-04-04 11:20:58,0.0
2019-04-04 11:20:59,0.0
2019-04-04 11:21:00,0.0
2019-04-04 11:21:01,0.0
2019-04-04 11:21:02,0.0
2019-04-04 11:21:03,0.0
2019-04-04 11:21:04,0.0
2019-04-04 11:21:05,0.0
2019-04-04 11:21:06,0.0
2019-04-04 11:21:07,0.0
2019-04-04 11:21:08,0.0
2019-04-04 11:21:09,0.0
2019-04-04 11:21:10,0.0
2019-04-04 11:21:11,0.0
2019-04-04 11:21:12,0.0
2019-04-04 11:21:13,0.0
2019-04-04 11:21:14,0.0
2019-04-04 11:21:15,0.0
2019-04-04 11:21:16,0.0
2019-04-04 11:21:17,0.0
2019-04-04 11:21:18,0.0
2019-04-04 11:21:19,0.0
2019-04-04 11:21:20,0.0
2019-04-04 11:21:21,0.0
2019-04-04 11:21:22,0.0
2019-04-04 11:21:23,0.0
2019-04-04 11:21:24,0.0
2019-04-04 11:21:25,0.0
2019-04-04 11:21:26,0.0
2019-04-04 11:21:27,0.0
2019-04-04 11:21:28,0.0
2019-04-04 11:21:29,0.0
2019-04-04 11:21:30,0.0
2019-04-04 11:21:31,0.0
2019-04-04 11:21:32,0.0
2019-04-04 11:21:33,0.0
2019-04-04 11:21:34,0.0
2019-04-04 11:21:35,0.0
2019-04-04 11:21:36,0.0
2019-04-04 11:21:37,0.0
2019-04-04 11:21:38,0.0
2019-04-04 11:21:39,0.0
2019-04-04 11:21:40,0.0
2019-04-04 11:21:41,0.0
2019-04-04 11:21:42,0.0
2019-04-04 11:21:43,0.0
2019-04-04 11:21:44,0.0
2019-04-04 11:21:45,0.0
2019-04-04 11:21:46,0.0
2019-04-04 11:21:47,0.0
2019-04-04 11:21:48,-0.0001111111111142659
2019-04-04 11:21:49,-0.0001111111111135564
2019-04-04 11:21:50,-0.00011111111111284516
2019-04-04 11:21:51,-0.00011111111111213393
2019-04-04 11:21:52,-0.00011111111111142442
2019-04-04 11:21:53,0.0
2019-04-04 11:21:54,0.0
2019-04-04 11:21:55,0.0
2019-04-04 11:21:56,0.0
2019-04-04 11:21:57,0.0
2019-04-04 11:21:58,0.0
2019-04-04 11:21:59,0.0
2019-04-04 11:22:00,0.0
2019-04-04 11:22:01,0.0
2019-04-04 11:22:02,0.0
2019-04-04 11:22:03,0.0
2019-04-04 11:22:04,0.0
2019-04-04 11:22:05,0.0
2019-04-04 11:22:06,0.0
2019-04-04 11:22:07,0.0
2019-04-04 11:22:08,0.0
2019-04-04 11:22:09,0.0
2019-04-04 11:22:10,0.0
2019-04-04 11:22:11,0.0
2019-04-04 11:22:12,0.0
2019-04-04 11:22:13,0.0
2019-04-04 11:22:14,0.0
2019-04-04 11:22:15,0.0
2019-04-04 11:22:16,0.0
2019-04-04 11:22:17,0.0
2019-04-04 11:22:18,0.0
2019-04-04 11:22:19,0.0
2019-04-04 11:22:20,0.0
2019-04-04 11:22:21,0.0
2019-04-04 11:22:22,0.0
2019-04-04 11:22:23,0.0
2019-04-04 11:22:24,0.0
2019-04-04 11:22:25,0.0
2019-04-04 11:22:26,0.0
2019-04-04 11:22:27,0.0
2019-04-04 11:22:28,0.0
2019-04-04 11:22:29,0.0
2019-04-04 11:22:30,0.0
2019-04-04 11:22:31,0.0
2019-04-04 11:22:32,0.0
2019-04-04 11:22:33,0.0
2019-04-04 11:22:34,0.0
2019-04-04 11:22:35,0.0
2019-04-04 11:22:36,0.0
2019-04-04 11:22:37,0.0
2019-04-04 11:22:38,0.0
2019-04-04 11:22:39,0.0
2019-04-04 11:22:40,0.0
2019-04-04 11:22:41,0.0
2019-04-04 11:22:42,0.0
2019-04-04 11:22:43,0.0
2019-04-04 11:22:44,0.0
2019-04-04 11:22:45,0.0
2019-04-04 11:22:46,0.0
2019-04-04 11:22:47,0.0
2019-04-04 11:22:48,0.0
2019-04-04 11:22:49,0.0
2019-04-04 11:22:50,0.0
2019-04-04 11:22:51,0.0
2019-04-04 11:22:52,0.0
2019-04-04 11:22:53,0.0
2019-04-04 11:22:54,0.0
2019-04-04 11:22:55,0.0
2019-04-04 11:22:56,-0.00035294117646759125
2019-04-04 11:22:57,-0.0003529411764683025
2019-04-04 11:22:58,-0.000352941176469012
2019-04-04 11:22:59,-0.00035294117646972323
2019-04-04 11:23:00,-0.00035294117647043446
2019-04-04 11:23:01,0.0
2019-04-04 11:23:02,0.0
2019-04-04 11:23:03,0.0
2019-04-04 11:23:04,0.0
2019-04-04 11:23:05,0.0
2019-04-04 11:23:06,0.0
2019-04-04 11:23:07,0.0
2019-04-04 11:23:08,0.0
2019-04-04 11:23:09,0.0
2019-04-04 11:23:10,0.0
2019-04-04 11:23:11,0.0
2019-04-04 11:23:12,0.0
2019-04-04 11:23:13,0.0
2019-04-04 11:23:14,0.0
2019-04-04 11:23:15,0.0
2019-04-04 11:23:16,0.0
2019-04-04 11:23:17,0.0
2019-04-04 11:23:18,0.0
2019-04-04 11:23:19,0.0
2019-04-04 11:23:20,0.0
2019-04-04 11:23:21,0.0
2019-04-04 11:23:22,0.0
2019-04-04 11:23:23,-0.0001739130434813465
2019-04-04 11:23:24,-0.000173913043480637
2019-04-04 11:23:25,-0.00017391304347992576
2019-04-04 11:23:26,-0.00017391304347921452
2019-04-04 11:23:27,-0.00017391304347850502
2019-04-04 11:23:28,0.0
2019-04-04 11:23:29,0.0
2019-04-04 11:23:30,0.0
2019-04-04 11:23:31,0.0
2019-04-04 11:23:32,0.0
2019-04-04 11:23:33,0.0
2019-04-04 11:23:34,0.0
2019-04-04 11:23:35,0.0
2019-04-04 11:23:36,0.0
2019-04-04 11:23:37,0.0
2019-04-04 11:23:38,0.0
2019-04-04 11:23:39,0.0
2019-04-04 11:23:40,0.0
2019-04-04 11:23:41,0.0
2019-04-04 11:23:42,0.0
2019-04-04 11:23:43,0.0
2019-04-04 11:23:44,0.0
2019-04-04 11:23:45,0.0
2019-04-04 11:23:46,0.0
2019-04-04 11:23:47,0.0
2019-04-04 11:23:48,0.0
2019-04-04 11:23:49,0.0
2019-04-04 11:23:50,0.0
2019-04-04 11:23:51,0.0
2019-04-04 11:23:52,0.0
2019-04-04 11:23:53,0.0
2019-04-04 11:23:54,0.0
2019-04-04 11:23:55,0.0
2019-04-04 11:23:56,0.0
2019-04-04 11:23:57,0.0
2019-04-04 11:23:58,0.0
2019-04-04 11:23:59,0.0
2019-04-04 11:24:00,0.0
2019-04-04 11:24:01,0.0
2019-04-04 11:24:02,0.0
2019-04-04 11:24:03,0.0
2019-04-04 11:24:04,0.0
2019-04-04 11:24:05,0.0
2019-04-04 11:24:06,0.0
2019-04-04 11:24:07,0.0
2019-04-04 11:24:08,0.0
2019-04-04 11:24:09,0.0
2019-04-04 11:24:10,0.0
2019-04-04 11:24:11,0.0
2019-04-04 11:24:12,0.0
2019-04-04 11:24:13,0.0
2019-04-04 11:24:14,0.0
2019-04-04 11:24:15,0.0
2019-04-04 11:24:16,0.0
2019-04-04 11:24:17,0.0
2019-04-04 11:24:18,0.0
2019-04-04 11:24:19,0.0
2019-04-04 11:24:20,0.0
2019-04-04 11:24:21,0.0
2019-04-04 11:24:22,0.0
2019-04-04 11:24:23,0.0
2019-04-04 11:24:24,0.0
2019-04-04 11:24:25,0.0
2019-04-04 11:24:26,0.0
2019-04-04 11:24:27,0.0
2019-04-04 11:24:28,0.0
2019-04-04 11:24:29,0.0
2019-04-04 11:24:30,0.0
2019-04-04 11:24:31,0.0
2019-04-04 11:24:32,0.0
2019-04-04 11:24:33,0.0
2019-04-04 11:24:34,0.0
2019-04-04 11:24:35,0.0
2019-04-04 11:24:36,0.0
2019-04-04 11:24:37,0.0
2019-04-04 11:24:38,0.0
2019-04-04 11:24:39,0.0
2019-04-04 11:24:40,0.0
2019-04-04 11:24:41,0.0
2019-04-04 11:24:42,0.0
2019-04-04 11:24:43,0.0
2019-04-04 11:24:44,0.0
2019-04-04 11:24:45,0.0
2019-04-04 11:24:46,0.0
2019-04-04 11:24:47,0.0
2019-04-04 11:24:48,0.0
2019-04-04 11:24:49,0.0
2019-04-04 11:24:50,0.0
2019-04-04 11:24:51,-0.0001290322580614657
2019-04-04 11:24:52,-0.0001290322580621752
2019-04-04 11:24:53,-0.00012903225806288644
2019-04-04 11:24:54,-0.00012903225806359594
2019-04-04 11:24:55,-0.00012903225806430718
2019-04-04 11:24:56,0.0
2019-04-04 11:24:57,0.0
2019-04-04 11:24:58,0.0
2019-04-04 11:24:59,0.0
2019-04-04 11:25:00,0.0
2019-04-04 11:25:01,0.0
2019-04-04 11:25:02,0.0
2019-04-04 11:25:03,0.0
2019-04-04 11:25:04,0.0
2019-04-04 11:25:05,0.0
2019-04-04 11:25:06,0.0
2019-04-04 11:25:07,-0.00042857142857443895
2019-04-04 11:25:08,-0.00042857142857372944
2019-04-04 11:25:09,-0.0004285714285730182
2019-04-04 11:25:10,-0.0004285714285723087
2019-04-04 11:25:11,-0.00042857142857159747
2019-04-04 11:25:12,0.0
2019-04-04 11:25:13,0.0
2019-04-04 11:25:14,-9.523809523496324e-05
2019-04-04 11:25:15,-9.523809523567447e-05
2019-04-04 11:25:16,-9.523809523638398e-05
2019-04-04 11:25:17,-9.523809523709521e-05
2019-04-04 11:25:18,-9.523809523780472e-05
2019-04-04 11:25:19,0.0
2019-04-04 11:25:20,0.0
2019-04-04 11:25:21,0.0
2019-04-04 11:25:22,0.0
2019-04-04 11:25:23,0.0
2019-04-04 11:25:24,0.0
2019-04-04 11:25:25,0.0
2019-04-04 11:25:26,0.0
2019-04-04 11:25:27,0.0
2019-04-04 11:25:28,0.0
2019-04-04 11:25:29,0.0
2019-04-04 11:25:30,0.0
2019-04-04 11:25:31,0.0
2019-04-04 11:25:32,0.0
2019-04-04 11:25:33,0.0
2019-04-04 11:25:34,0.0
2019-04-04 11:25:35,0.0
2019-04-04 11:25:36,0.0
2019-04-04 11:25:37,0.0
2019-04-04 11:25:38,0.0
2019-04-04 11:25:39,0.0
2019-04-04 11:25:40,0.0
2019-04-04 11:25:41,0.0
2019-04-04 11:25:42,0.0
2019-04-04 11:25:43,0.0
2019-04-04 11:25:44,0.0
2019-04-04 11:25:45,0.0
2019-04-04 11:25:46,0.0
2019-04-04 11:25:47,0.0
2019-04-04 11:25:48,0.0
2019-04-04 11:25:49,0.0
2019-04-04 11:25:50,0.0
2019-04-04 11:25:51,0.0
2019-04-04 11:25:52,0.0
2019-04-04 11:25:53,0.0
2019-04-04 11:25:54,0.0
2019-04-04 11:25:55,0.0
2019-04-04 11:25:56,0.0
2019-04-04 11:25:57,0.0
2019-04-04 11:25:58,0.0
2019-04-04 11:25:59,0.0
2019-04-04 11:26:00,0.0
2019-04-04 11:26:01,0.0
2019-04-04 11:26:02,0.0
2019-04-04 11:26:03,0.0
2019-04-04 11:26:04,0.0
2019-04-04 11:26:05,0.0
2019-04-04 11:26:06,0.0
2019-04-04 11:26:07,0.0
2019-04-04 11:26:08,0.0
2019-04-04 11:26:09,0.0
2019-04-04 11:26:10,0.0
2019-04-04 11:26:11,0.0
2019-04-04 11:26:12,0.0
2019-04-04 11:26:13,0.0
2019-04-04 11:26:14,0.0
2019-04-04 11:26:15,0.0
2019-04-04 11:26:16,0.0
2019-04-04 11:26:17,0.0
2019-04-04 11:26:18,0.0
2019-04-04 11:26:19,0.0
2019-04-04 11:26:20,0.0
2019-04-04 11:26:21,0.0
2019-04-04 11:26:22,0.0
2019-04-04 11:26:23,0.0
2019-04-04 11:26:24,0.0
2019-04-04 11:26:25,0.0
2019-04-04 11:26:26,0.0
2019-04-04 11:26:27,0.0
2019-04-04 11:26:28,0.0
2019-04-04 11:26:29,0.0
2019-04-04 11:26:30,0.0
2019-04-04 11:26:31,0.0
2019-04-04 11:26:32,0.0
2019-04-04 11:26:33,0.0
2019-04-04 11:26:34,0.0
2019-04-04 11:26:35,0.0
2019-04-04 11:26:36,0.0
2019-04-04 11:26:37,0.0
2019-04-04 11:26:38,0.0
2019-04-04 11:26:39,0.0
2019-04-04 11:26:40,0.0
2019-04-04 11:26:41,0.0
2019-04-04 11:26:42,0.0
2019-04-04 11:26:43,0.0
2019-04-04 11:26:44,0.0
2019-04-04 11:26:45,0.0
2019-04-04 11:26:46,0.0
2019-04-04 11:26:47,0.0
2019-04-04 11:26:48,0.0
2019-04-04 11:26:49,0.0
2019-04-04 11:26:50,0.0
2019-04-04 11:26:51,0.0
2019-04-04 11:26:52,0.0
2019-04-04 11:26:53,0.0
2019-04-04 11:26:54,-0.00020000000000311088
2019-04-04 11:26:55,-0.00020000000000239965
2019-04-04 11:26:56,-0.0002000000000016884
2019-04-04 11:26:57,-0.0003999999999980963
2019-04-04 11:26:58,-0.0003999999999980963
2019-04-04 11:26:59,-0.00019999999999853815
2019-04-04 11:27:00,-0.0001999999999992494
2019-04-04 11:27:01,-0.00019999999999996063
2019-04-04 11:27:02,0.0
2019-04-04 11:27:03,0.0
2019-04-04 11:27:04,0.0
2019-04-04 11:27:05,-0.0001818181818212146
2019-04-04 11:27:06,-0.00018181818182050336
2019-04-04 11:27:07,-0.00018181818181979212
2019-04-04 11:27:08,-0.00018181818181908262
2019-04-04 11:27:09,-0.00018181818181837138
2019-04-04 11:27:10,0.0
2019-04-04 11:27:11,0.0
2019-04-04 11:27:12,0.0
2019-04-04 11:27:13,0.0
2019-04-04 11:27:14,0.0
2019-04-04 11:27:15,0.0
2019-04-04 11:27:16,0.0
2019-04-04 11:27:17,0.0
2019-04-04 11:27:18,0.0
2019-04-04 11:27:19,0.0
2019-04-04 11:27:20,0.0
2019-04-04 11:27:21,0.0
2019-04-04 11:27:22,0.0
2019-04-04 11:27:23,0.0
2019-04-04 11:27:24,0.0
2019-04-04 11:27:25,0.0
2019-04-04 11:27:26,0.0
2019-04-04 11:27:27,0.0
2019-04-04 11:27:28,0.0
2019-04-04 11:27:29,0.0
2019-04-04 11:27:30,0.0
2019-04-04 11:27:31,0.0
2019-04-04 11:27:32,0.0
2019-04-04 11:27:33,0.0
2019-04-04 11:27:34,0.0
2019-04-04 11:27:35,0.0
2019-04-04 11:27:36,0.0
2019-04-04 11:27:37,0.0
2019-04-04 11:27:38,0.0
2019-04-04 11:27:39,0.0
2019-04-04 11:27:40,0.0
2019-04-04 11:27:41,0.0
2019-04-04 11:27:42,0.0
2019-04-04 11:27:43,0.0
2019-04-04 11:27:44,0.0
2019-04-04 11:27:45,0.0
2019-04-04 11:27:46,0.0
2019-04-04 11:27:47,0.0
2019-04-04 11:27:48,0.0
2019-04-04 11:27:49,0.0
2019-04-04 11:27:50,0.0
2019-04-04 11:27:51,0.0
2019-04-04 11:27:52,0.0
2019-04-04 11:27:53,0.0
2019-04-04 11:27:54,0.0
2019-04-04 11:27:55,0.0
2019-04-04 11:27:56,0.0
2019-04-04 11:27:57,0.0
2019-04-04 11:27:58,0.0
2019-04-04 11:27:59,0.0
2019-04-04 11:28:00,0.0
2019-04-04 11:28:01,0.0
2019-04-04 11:28:02,0.0
2019-04-04 11:28:03,0.0
2019-04-04 11:28:04,0.0
2019-04-04 11:28:05,0.0
2019-04-04 11:28:06,0.0
2019-04-04 11:28:07,0.0
2019-04-04 11:28:08,0.0
2019-04-04 11:28:09,0.0
2019-04-04 11:28:10,0.0
2019-04-04 11:28:11,0.0
2019-04-04 11:28:12,0.0
2019-04-04 11:28:13,0.0
2019-04-04 11:28:14,0.0
2019-04-04 11:28:15,0.0
2019-04-04 11:28:16,0.0
2019-04-04 11:28:17,0.0
2019-04-04 11:28:18,0.0
2019-04-04 11:28:19,0.0
2019-04-04 11:28:20,0.0
2019-04-04 11:28:21,0.0
2019-04-04 11:28:22,0.0
2019-04-04 11:28:23,0.0
2019-04-04 11:28:24,0.0
2019-04-04 11:28:25,0.0
2019-04-04 11:28:26,0.0
2019-04-04 11:28:27,0.0
2019-04-04 11:28:28,0.0
2019-04-04 11:28:29,0.0
2019-04-04 11:28:30,0.0
2019-04-04 11:28:31,0.0
2019-04-04 11:28:32,0.0
2019-04-04 11:28:33,0.0
2019-04-04 11:28:34,0.0
2019-04-04 11:28:35,0.0
2019-04-04 11:28:36,0.0
2019-04-04 11:28:37,0.0
2019-04-04 11:28:38,0.0
2019-04-04 11:28:39,0.0
2019-04-04 11:28:40,0.0
2019-04-04 11:28:41,0.0
2019-04-04 11:28:42,0.0
2019-04-04 11:28:43,0.0
2019-04-04 11:28:44,0.0
2019-04-04 11:28:45,0.0
2019-04-04 11:28:46,0.0
2019-04-04 11:28:47,0.0
2019-04-04 11:28:48,0.0
2019-04-04 11:28:49,0.0
2019-04-04 11:28:50,0.0
2019-04-04 11:28:51,0.0
2019-04-04 11:28:52,0.0
2019-04-04 11:28:53,0.0
2019-04-04 11:28:54,0.0
2019-04-04 11:28:55,0.0
2019-04-04 11:28:56,0.0
2019-04-04 11:28:57,0.0
2019-04-04 11:28:58,0.0
2019-04-04 11:28:59,0.0
2019-04-04 11:29:00,0.0
2019-04-04 11:29:01,0.0
2019-04-04 11:29:02,0.0
2019-04-04 11:29:03,0.0
2019-04-04 11:29:04,0.0
2019-04-04 11:29:05,0.0
2019-04-04 11:29:06,0.0
2019-04-04 11:29:07,0.0
2019-04-04 11:29:08,0.0
2019-04-04 11:29:09,0.0
2019-04-04 11:29:10,0.0
2019-04-04 11:29:11,0.0
2019-04-04 11:29:12,0.0
2019-04-04 11:29:13,0.0
2019-04-04 11:29:14,0.0
2019-04-04 11:29:15,0.0
2019-04-04 11:29:16,0.0
2019-04-04 11:29:17,0.0
2019-04-04 11:29:18,0.0
2019-04-04 11:29:19,0.0
2019-04-04 11:29:20,0.0
2019-04-04 11:29:21,0.0
2019-04-04 11:29:22,0.0
2019-04-04 11:29:23,0.0
2019-04-04 11:29:24,0.0
2019-04-04 11:29:25,0.0
2019-04-04 11:29:26,0.0
2019-04-04 11:29:27,0.0
2019-04-04 11:29:28,0.0
2019-04-04 11:29:29,0.0
2019-04-04 11:29:30,0.0
2019-04-04 11:29:31,0.0
2019-04-04 11:29:32,0.0
2019-04-04 11:29:33,0.0
2019-04-04 11:29:34,0.0
2019-04-04 11:29:35,-0.00012244897958859323
2019-04-04 11:29:36,-0.00012244897958930447
2019-04-04 11:29:37,-0.00012244897959001397
2019-04-04 11:29:38,-0.0001224489795907252
2019-04-04 11:29:39,-0.00012244897959143644
2019-04-04 11:29:40,0.0
2019-04-04 11:29:41,0.0
2019-04-04 11:29:42,0.0
2019-04-04 11:29:43,0.0
2019-04-04 11:29:44,0.0
2019-04-04 11:29:45,0.0
2019-04-04 11:29:46,0.0
2019-04-04 11:29:47,0.0
2019-04-04 11:29:48,0.0
2019-04-04 11:29:49,0.0
2019-04-04 11:29:50,0.0
2019-04-04 11:29:51,0.0
2019-04-04 11:29:52,0.0
2019-04-04 11:29:53,0.0
2019-04-04 11:29:54,0.0
2019-04-04 11:29:55,0.0
2019-04-04 11:29:56,0.0
2019-04-04 11:29:57,0.0
2019-04-04 11:29:58,0.0
2019-04-04 11:29:59,0.0
2019-04-04 11:30:00,0.0
2019-04-04 11:30:01,0.0
2019-04-04 11:30:02,0.0
2019-04-04 11:30:03,0.0
2019-04-04 11:30:04,0.0
2019-04-04 11:30:05,0.0
2019-04-04 11:30:06,0.0
2019-04-04 11:30:07,0.0
2019-04-04 11:30:08,0.0
2019-04-04 11:30:09,0.0
2019-04-04 11:30:10,0.0
2019-04-04 11:30:11,0.0
2019-04-04 11:30:12,0.0
2019-04-04 11:30:13,0.0
2019-04-04 11:30:14,0.0
2019-04-04 11:30:15,0.0
2019-04-04 11:30:16,0.0
2019-04-04 11:30:17,0.0
2019-04-04 11:30:18,0.0
2019-04-04 11:30:19,0.0
2019-04-04 11:30:20,0.0
2019-04-04 11:30:21,0.0
2019-04-04 11:30:22,0.0
2019-04-04 11:30:23,0.0
2019-04-04 11:30:24,0.0
2019-04-04 11:30:25,0.0
2019-04-04 11:30:26,0.0
2019-04-04 11:30:27,0.0
2019-04-04 11:30:28,0.0
2019-04-04 11:30:29,0.0
2019-04-04 11:30:30,0.0
2019-04-04 11:30:31,0.0
2019-04-04 11:30:32,0.0
2019-04-04 11:30:33,0.0
2019-04-04 11:30:34,0.0
2019-04-04 11:30:35,0.0
2019-04-04 11:30:36,0.0
2019-04-04 11:30:37,0.0
2019-04-04 11:30:38,0.0
2019-04-04 11:30:39,0.0
2019-04-04 11:30:40,0.0
2019-04-04 11:30:41,0.0
2019-04-04 11:30:42,0.0
2019-04-04 11:30:43,0.0
2019-04-04 11:30:44,0.0
2019-04-04 11:30:45,0.0
2019-04-04 11:30:46,0.0
2019-04-04 11:30:47,0.0
2019-04-04 11:30:48,0.0
2019-04-04 11:30:49,0.0
2019-04-04 11:30:50,0.0
2019-04-04 11:30:51,0.0
2019-04-04 11:30:52,0.0
2019-04-04 11:30:53,0.0
2019-04-04 11:30:54,0.0
2019-04-04 11:30:55,0.0
2019-04-04 11:30:56,0.0
2019-04-04 11:30:57,0.0
2019-04-04 11:30:58,0.0
2019-04-04 11:30:59,0.0
2019-04-04 11:31:00,0.0
2019-04-04 11:31:01,0.0
2019-04-04 11:31:02,0.0
2019-04-04 11:31:03,0.0
2019-04-04 11:31:04,0.0
2019-04-04 11:31:05,0.0
2019-04-04 11:31:06,0.0
2019-04-04 11:31:07,0.0
2019-04-04 11:31:08,0.0
2019-04-04 11:31:09,0.0
2019-04-04 11:31:10,0.0
2019-04-04 11:31:11,0.0
2019-04-04 11:31:12,0.0
2019-04-04 11:31:13,0.0
2019-04-04 11:31:14,0.0
2019-04-04 11:31:15,0.0
2019-04-04 11:31:16,0.0
2019-04-04 11:31:17,0.0
2019-04-04 11:31:18,0.0
2019-04-04 11:31:19,0.0
2019-04-04 11:31:20,0.0
2019-04-04 11:31:21,0.0
2019-04-04 11:31:22,0.0
2019-04-04 11:31:23,0.0
2019-04-04 11:31:24,0.0
2019-04-04 11:31:25,0.0
2019-04-04 11:31:26,0.0
2019-04-04 11:31:27,0.0
2019-04-04 11:31:28,0.0
2019-04-04 11:31:29,0.0
2019-04-04 11:31:30,0.0
2019-04-04 11:31:31,0.0
2019-04-04 11:31:32,0.0
2019-04-04 11:31:33,0.0
2019-04-04 11:31:34,0.0
2019-04-04 11:31:35,0.0
2019-04-04 11:31:36,0.0
2019-04-04 11:31:37,0.0
2019-04-04 11:31:38,0.0
2019-04-04 11:31:39,0.0
2019-04-04 11:31:40,0.0
2019-04-04 11:31:41,0.0
2019-04-04 11:31:42,0.0
2019-04-04 11:31:43,0.0
2019-04-04 11:31:44,0.0
2019-04-04 11:31:45,0.0
2019-04-04 11:31:46,0.0
2019-04-04 11:31:47,0.0
2019-04-04 11:31:48,0.0
2019-04-04 11:31:49,0.0
2019-04-04 11:31:50,0.0
2019-04-04 11:31:51,0.0
2019-04-04 11:31:52,0.0
2019-04-04 11:31:53,0.0
2019-04-04 11:31:54,0.0
2019-04-04 11:31:55,0.0
2019-04-04 11:31:56,-0.00041176470588546836
2019-04-04 11:31:57,-0.00041176470588475886
2019-04-04 11:31:58,-0.0004117647058840476
2019-04-04 11:31:59,-0.0004117647058833364
2019-04-04 11:32:00,-0.0004117647058826269
2019-04-04 11:32:01,0.0
2019-04-04 11:32:02,0.0
2019-04-04 11:32:03,-0.0005714285714286619
2019-04-04 11:32:04,-0.0011428571428573238
2019-04-04 11:32:05,0.0077904761904774075
2019-04-04 11:32:06,0.005790476190477095
2019-04-04 11:32:07,0.003790476190476781
2019-04-04 11:32:08,-0.005638095238093277
2019-04-04 11:32:09,-0.005066666666665326
2019-04-04 11:32:10,-0.003999999999999204
2019-04-04 11:32:11,-0.001999999999999603
2019-04-04 11:32:12,-0.00016666666666959387
2019-04-04 11:32:13,-0.00016666666666888263
2019-04-04 11:32:14,-0.0001666666666681714
2019-04-04 11:32:15,-0.0001666666666674619
2019-04-04 11:32:16,-0.00016666666666675066
2019-04-04 11:32:17,1.734723475976807e-18
2019-04-04 11:32:18,1.734723475976807e-18
2019-04-04 11:32:19,1.734723475976807e-18
2019-04-04 11:32:20,1.734723475976807e-18
2019-04-04 11:32:21,1.734723475976807e-18
2019-04-04 11:32:22,1.734723475976807e-18
2019-04-04 11:32:23,1.734723475976807e-18
2019-04-04 11:32:24,1.734723475976807e-18
2019-04-04 11:32:25,1.734723475976807e-18
2019-04-04 11:32:26,1.734723475976807e-18
2019-04-04 11:32:27,1.734723475976807e-18
2019-04-04 11:32:28,1.734723475976807e-18
2019-04-04 11:32:29,1.734723475976807e-18
2019-04-04 11:32:30,1.734723475976807e-18
2019-04-04 11:32:31,1.734723475976807e-18
2019-04-04 11:32:32,1.734723475976807e-18
2019-04-04 11:32:33,1.734723475976807e-18
2019-04-04 11:32:34,1.734723475976807e-18
2019-04-04 11:32:35,1.734723475976807e-18
2019-04-04 11:32:36,1.734723475976807e-18
2019-04-04 11:32:37,1.734723475976807e-18
2019-04-04 11:32:38,1.734723475976807e-18
2019-04-04 11:32:39,1.734723475976807e-18
2019-04-04 11:32:40,1.734723475976807e-18
2019-04-04 11:32:41,1.734723475976807e-18
2019-04-04 11:32:42,1.734723475976807e-18
2019-04-04 11:32:43,1.734723475976807e-18
2019-04-04 11:32:44,1.734723475976807e-18
2019-04-04 11:32:45,1.734723475976807e-18
2019-04-04 11:32:46,1.734723475976807e-18
2019-04-04 11:32:47,1.734723475976807e-18
2019-04-04 11:32:48,1.734723475976807e-18
2019-04-04 11:32:49,1.734723475976807e-18
2019-04-04 11:32:50,1.734723475976807e-18
2019-04-04 11:32:51,1.734723475976807e-18
2019-04-04 11:32:52,1.734723475976807e-18
2019-04-04 11:32:53,1.734723475976807e-18
2019-04-04 11:32:54,1.734723475976807e-18
2019-04-04 11:32:55,1.734723475976807e-18
2019-04-04 11:32:56,1.734723475976807e-18
2019-04-04 11:32:57,1.734723475976807e-18
2019-04-04 11:32:58,1.734723475976807e-18
2019-04-04 11:32:59,1.734723475976807e-18
2019-04-04 11:33:00,1.734723475976807e-18
2019-04-04 11:33:01,1.734723475976807e-18
2019-04-04 11:33:02,1.734723475976807e-18
2019-04-04 11:33:03,1.734723475976807e-18
2019-04-04 11:33:04,1.734723475976807e-18
2019-04-04 11:33:05,1.734723475976807e-18
2019-04-04 11:33:06,1.734723475976807e-18
2019-04-04 11:33:07,1.734723475976807e-18
2019-04-04 11:33:08,1.734723475976807e-18
2019-04-04 11:33:09,1.734723475976807e-18
2019-04-04 11:33:10,1.734723475976807e-18
2019-04-04 11:33:11,1.734723475976807e-18
2019-04-04 11:33:12,1.734723475976807e-18
2019-04-04 11:33:13,1.734723475976807e-18
2019-04-04 11:33:14,1.734723475976807e-18
2019-04-04 11:33:15,1.734723475976807e-18
2019-04-04 11:33:16,1.734723475976807e-18
2019-04-04 11:33:17,1.734723475976807e-18
2019-04-04 11:33:18,1.734723475976807e-18
2019-04-04 11:33:19,1.734723475976807e-18
2019-04-04 11:33:20,1.734723475976807e-18
2019-04-04 11:33:21,1.734723475976807e-18
2019-04-04 11:33:22,1.734723475976807e-18
2019-04-04 11:33:23,1.734723475976807e-18
2019-04-04 11:33:24,1.734723475976807e-18
2019-04-04 11:33:25,1.734723475976807e-18
2019-04-04 11:33:26,1.734723475976807e-18
2019-04-04 11:33:27,1.734723475976807e-18
2019-04-04 11:33:28,1.734723475976807e-18
2019-04-04 11:33:29,1.734723475976807e-18
2019-04-04 11:33:30,1.734723475976807e-18
2019-04-04 11:33:31,1.734723475976807e-18
2019-04-04 11:33:32,1.734723475976807e-18
2019-04-04 11:33:33,1.734723475976807e-18
2019-04-04 11:33:34,1.734723475976807e-18
2019-04-04 11:33:35,1.734723475976807e-18
2019-04-04 11:33:36,1.734723475976807e-18
2019-04-04 11:33:37,1.734723475976807e-18
2019-04-04 11:33:38,1.734723475976807e-18
2019-04-04 11:33:39,1.734723475976807e-18
2019-04-04 11:33:40,1.734723475976807e-18
2019-04-04 11:33:41,1.734723475976807e-18
2019-04-04 11:33:42,1.734723475976807e-18
2019-04-04 11:33:43,1.734723475976807e-18
2019-04-04 11:33:44,1.734723475976807e-18
2019-04-04 11:33:45,1.734723475976807e-18
2019-04-04 11:33:46,1.734723475976807e-18
2019-04-04 11:33:47,1.734723475976807e-18
2019-04-04 11:33:48,1.734723475976807e-18
2019-04-04 11:33:49,1.734723475976807e-18
2019-04-04 11:33:50,1.734723475976807e-18
2019-04-04 11:33:51,1.734723475976807e-18
2019-04-04 11:33:52,1.734723475976807e-18
2019-04-04 11:33:53,1.734723475976807e-18
2019-04-04 11:33:54,1.734723475976807e-18
2019-04-04 11:33:55,1.734723475976807e-18
2019-04-04 11:33:56,1.734723475976807e-18
2019-04-04 11:33:57,1.734723475976807e-18
2019-04-04 11:33:58,1.734723475976807e-18
2019-04-04 11:33:59,1.734723475976807e-18
2019-04-04 11:34:00,1.734723475976807e-18
2019-04-04 11:34:01,1.734723475976807e-18
2019-04-04 11:34:02,1.734723475976807e-18
2019-04-04 11:34:03,1.734723475976807e-18
2019-04-04 11:34:04,1.734723475976807e-18
2019-04-04 11:34:05,1.734723475976807e-18
2019-04-04 11:34:06,1.734723475976807e-18
2019-04-04 11:34:07,1.734723475976807e-18
2019-04-04 11:34:08,1.734723475976807e-18
2019-04-04 11:34:09,1.734723475976807e-18
2019-04-04 11:34:10,1.734723475976807e-18
2019-04-04 11:34:11,1.734723475976807e-18
2019-04-04 11:34:12,1.734723475976807e-18
2019-04-04 11:34:13,1.734723475976807e-18
2019-04-04 11:34:14,1.734723475976807e-18
2019-04-04 11:34:15,1.734723475976807e-18
2019-04-04 11:34:16,1.734723475976807e-18
2019-04-04 11:34:17,1.734723475976807e-18
2019-04-04 11:34:18,1.734723475976807e-18
2019-04-04 11:34:19,1.734723475976807e-18
2019-04-04 11:34:20,1.734723475976807e-18
2019-04-04 11:34:21,1.734723475976807e-18
2019-04-04 11:34:22,1.734723475976807e-18
2019-04-04 11:34:23,1.734723475976807e-18
2019-04-04 11:34:24,1.734723475976807e-18
2019-04-04 11:34:25,1.734723475976807e-18
2019-04-04 11:34:26,1.734723475976807e-18
2019-04-04 11:34:27,1.734723475976807e-18
2019-04-04 11:34:28,1.734723475976807e-18
2019-04-04 11:34:29,1.734723475976807e-18
2019-04-04 11:34:30,1.734723475976807e-18
2019-04-04 11:34:31,1.734723475976807e-18
2019-04-04 11:34:32,1.734723475976807e-18
2019-04-04 11:34:33,1.734723475976807e-18
2019-04-04 11:34:34,1.734723475976807e-18
2019-04-04 11:34:35,1.734723475976807e-18
2019-04-04 11:34:36,1.734723475976807e-18
2019-04-04 11:34:37,1.734723475976807e-18
2019-04-04 11:34:38,1.734723475976807e-18
2019-04-04 11:34:39,1.734723475976807e-18
2019-04-04 11:34:40,1.734723475976807e-18
2019-04-04 11:34:41,1.734723475976807e-18
2019-04-04 11:34:42,1.734723475976807e-18
2019-04-04 11:34:43,1.734723475976807e-18
2019-04-04 11:34:44,1.734723475976807e-18
2019-04-04 11:34:45,1.734723475976807e-18
2019-04-04 11:34:46,1.734723475976807e-18
2019-04-04 11:34:47,1.734723475976807e-18
2019-04-04 11:34:48,1.734723475976807e-18
2019-04-04 11:34:49,1.734723475976807e-18
2019-04-04 11:34:50,1.734723475976807e-18
2019-04-04 11:34:51,1.734723475976807e-18
2019-04-04 11:34:52,1.734723475976807e-18
2019-04-04 11:34:53,1.734723475976807e-18
2019-04-04 11:34:54,1.734723475976807e-18
2019-04-04 11:34:55,1.734723475976807e-18
2019-04-04 11:34:56,1.734723475976807e-18
2019-04-04 11:34:57,1.734723475976807e-18
2019-04-04 11:34:58,1.734723475976807e-18
2019-04-04 11:34:59,1.734723475976807e-18
2019-04-04 11:35:00,1.734723475976807e-18
2019-04-04 11:35:01,1.734723475976807e-18
2019-04-04 11:35:02,1.734723475976807e-18
2019-04-04 11:35:03,1.734723475976807e-18
2019-04-04 11:35:04,1.734723475976807e-18
2019-04-04 11:35:05,1.734723475976807e-18
2019-04-04 11:35:06,1.734723475976807e-18
2019-04-04 11:35:07,1.734723475976807e-18
2019-04-04 11:35:08,1.734723475976807e-18
2019-04-04 11:35:09,1.734723475976807e-18
2019-04-04 11:35:10,1.734723475976807e-18
2019-04-04 11:35:11,1.734723475976807e-18
2019-04-04 11:35:12,1.734723475976807e-18
2019-04-04 11:35:13,1.734723475976807e-18
2019-04-04 11:35:14,1.734723475976807e-18
2019-04-04 11:35:15,1.734723475976807e-18
2019-04-04 11:35:16,1.734723475976807e-18
2019-04-04 11:35:17,1.734723475976807e-18
2019-04-04 11:35:18,1.734723475976807e-18
2019-04-04 11:35:19,1.734723475976807e-18
2019-04-04 11:35:20,1.734723475976807e-18
2019-04-04 11:35:21,1.734723475976807e-18
2019-04-04 11:35:22,1.734723475976807e-18
2019-04-04 11:35:23,1.734723475976807e-18
2019-04-04 11:35:24,1.734723475976807e-18
2019-04-04 11:35:25,1.734723475976807e-18
2019-04-04 11:35:26,1.734723475976807e-18
2019-04-04 11:35:27,1.734723475976807e-18
2019-04-04 11:35:28,1.734723475976807e-18
2019-04-04 11:35:29,1.734723475976807e-18
2019-04-04 11:35:30,1.734723475976807e-18
2019-04-04 11:35:31,1.734723475976807e-18
2019-04-04 11:35:32,1.734723475976807e-18
2019-04-04 11:35:33,1.734723475976807e-18
2019-04-04 11:35:34,1.734723475976807e-18
2019-04-04 11:35:35,1.734723475976807e-18
2019-04-04 11:35:36,1.734723475976807e-18
2019-04-04 11:35:37,1.734723475976807e-18
2019-04-04 11:35:38,1.734723475976807e-18
2019-04-04 11:35:39,1.734723475976807e-18
2019-04-04 11:35:40,1.734723475976807e-18
2019-04-04 11:35:41,1.734723475976807e-18
2019-04-04 11:35:42,1.734723475976807e-18
2019-04-04 11:35:43,1.734723475976807e-18
2019-04-04 11:35:44,1.734723475976807e-18
2019-04-04 11:35:45,1.734723475976807e-18
2019-04-04 11:35:46,1.734723475976807e-18
2019-04-04 11:35:47,1.734723475976807e-18
2019-04-04 11:35:48,1.734723475976807e-18
2019-04-04 11:35:49,1.734723475976807e-18
2019-04-04 11:35:50,1.734723475976807e-18
2019-04-04 11:35:51,1.734723475976807e-18
2019-04-04 11:35:52,1.734723475976807e-18
2019-04-04 11:35:53,1.734723475976807e-18
2019-04-04 11:35:54,1.734723475976807e-18
2019-04-04 11:35:55,1.734723475976807e-18
2019-04-04 11:35:56,1.734723475976807e-18
2019-04-04 11:35:57,1.734723475976807e-18
2019-04-04 11:35:58,1.734723475976807e-18
2019-04-04 11:35:59,1.734723475976807e-18
2019-04-04 11:36:00,1.734723475976807e-18
2019-04-04 11:36:01,1.734723475976807e-18
2019-04-04 11:36:02,1.734723475976807e-18
2019-04-04 11:36:03,1.734723475976807e-18
2019-04-04 11:36:04,1.734723475976807e-18
2019-04-04 11:36:05,1.734723475976807e-18
2019-04-04 11:36:06,1.734723475976807e-18
2019-04-04 11:36:07,1.734723475976807e-18
2019-04-04 11:36:08,1.734723475976807e-18
2019-04-04 11:36:09,1.734723475976807e-18
2019-04-04 11:36:10,1.734723475976807e-18
2019-04-04 11:36:11,1.734723475976807e-18
2019-04-04 11:36:12,1.734723475976807e-18
2019-04-04 11:36:13,1.734723475976807e-18
2019-04-04 11:36:14,1.734723475976807e-18
2019-04-04 11:36:15,1.734723475976807e-18
2019-04-04 11:36:16,1.734723475976807e-18
2019-04-04 11:36:17,1.734723475976807e-18
2019-04-04 11:36:18,1.734723475976807e-18
2019-04-04 11:36:19,1.734723475976807e-18
2019-04-04 11:36:20,1.734723475976807e-18
2019-04-04 11:36:21,1.734723475976807e-18
2019-04-04 11:36:22,-0.00019047619047286857
2019-04-04 11:36:23,-0.0003809523809492933
2019-04-04 11:36:24,-0.0003809523809500028
2019-04-04 11:36:25,-0.00038095238095071406
2019-04-04 11:36:26,-0.00038095238095142356
2019-04-04 11:36:27,-0.00019047619047571004
2019-04-04 11:36:28,3.469446951953614e-18
2019-04-04 11:36:29,3.469446951953614e-18
2019-04-04 11:36:30,3.469446951953614e-18
2019-04-04 11:36:31,3.469446951953614e-18
2019-04-04 11:36:32,3.469446951953614e-18
2019-04-04 11:36:33,3.469446951953614e-18
2019-04-04 11:36:34,3.469446951953614e-18
2019-04-04 11:36:35,3.469446951953614e-18
2019-04-04 11:36:36,3.469446951953614e-18
2019-04-04 11:36:37,3.469446951953614e-18
2019-04-04 11:36:38,3.469446951953614e-18
2019-04-04 11:36:39,3.469446951953614e-18
2019-04-04 11:36:40,3.469446951953614e-18
2019-04-04 11:36:41,3.469446951953614e-18
2019-04-04 11:36:42,3.469446951953614e-18
2019-04-04 11:36:43,3.469446951953614e-18
2019-04-04 11:36:44,3.469446951953614e-18
2019-04-04 11:36:45,3.469446951953614e-18
2019-04-04 11:36:46,3.469446951953614e-18
2019-04-04 11:36:47,3.469446951953614e-18
2019-04-04 11:36:48,3.469446951953614e-18
2019-04-04 11:36:49,3.469446951953614e-18
2019-04-04 11:36:50,3.469446951953614e-18
2019-04-04 11:36:51,3.469446951953614e-18
2019-04-04 11:36:52,3.469446951953614e-18
2019-04-04 11:36:53,3.469446951953614e-18
2019-04-04 11:36:54,3.469446951953614e-18
2019-04-04 11:36:55,3.469446951953614e-18
2019-04-04 11:36:56,3.469446951953614e-18
2019-04-04 11:36:57,3.469446951953614e-18
2019-04-04 11:36:58,3.469446951953614e-18
2019-04-04 11:36:59,3.469446951953614e-18
2019-04-04 11:37:00,3.469446951953614e-18
2019-04-04 11:37:01,3.469446951953614e-18
2019-04-04 11:37:02,3.469446951953614e-18
2019-04-04 11:37:03,3.469446951953614e-18
2019-04-04 11:37:04,3.469446951953614e-18
2019-04-04 11:37:05,3.469446951953614e-18
2019-04-04 11:37:06,3.469446951953614e-18
2019-04-04 11:37:07,3.469446951953614e-18
2019-04-04 11:37:08,3.469446951953614e-18
2019-04-04 11:37:09,3.469446951953614e-18
2019-04-04 11:37:10,3.469446951953614e-18
2019-04-04 11:37:11,3.469446951953614e-18
2019-04-04 11:37:12,3.469446951953614e-18
2019-04-04 11:37:13,3.469446951953614e-18
2019-04-04 11:37:14,3.469446951953614e-18
2019-04-04 11:37:15,3.469446951953614e-18
2019-04-04 11:37:16,3.469446951953614e-18
2019-04-04 11:37:17,3.469446951953614e-18
2019-04-04 11:37:18,3.469446951953614e-18
2019-04-04 11:37:19,3.469446951953614e-18
2019-04-04 11:37:20,3.469446951953614e-18
2019-04-04 11:37:21,3.469446951953614e-18
2019-04-04 11:37:22,3.469446951953614e-18
2019-04-04 11:37:23,3.469446951953614e-18
2019-04-04 11:37:24,3.469446951953614e-18
2019-04-04 11:37:25,3.469446951953614e-18
2019-04-04 11:37:26,3.469446951953614e-18
2019-04-04 11:37:27,3.469446951953614e-18
2019-04-04 11:37:28,3.469446951953614e-18
2019-04-04 11:37:29,3.469446951953614e-18
2019-04-04 11:37:30,3.469446951953614e-18
2019-04-04 11:37:31,3.469446951953614e-18
2019-04-04 11:37:32,3.469446951953614e-18
2019-04-04 11:37:33,3.469446951953614e-18
2019-04-04 11:37:34,3.469446951953614e-18
2019-04-04 11:37:35,3.469446951953614e-18
2019-04-04 11:37:36,3.469446951953614e-18
2019-04-04 11:37:37,3.469446951953614e-18
2019-04-04 11:37:38,3.469446951953614e-18
2019-04-04 11:37:39,3.469446951953614e-18
2019-04-04 11:37:40,3.469446951953614e-18
2019-04-04 11:37:41,3.469446951953614e-18
2019-04-04 11:37:42,3.469446951953614e-18
2019-04-04 11:37:43,3.469446951953614e-18
2019-04-04 11:37:44,3.469446951953614e-18
2019-04-04 11:37:45,3.469446951953614e-18
2019-04-04 11:37:46,3.469446951953614e-18
2019-04-04 11:37:47,3.469446951953614e-18
2019-04-04 11:37:48,3.469446951953614e-18
2019-04-04 11:37:49,3.469446951953614e-18
2019-04-04 11:37:50,3.469446951953614e-18
2019-04-04 11:37:51,3.469446951953614e-18
2019-04-04 11:37:52,3.469446951953614e-18
2019-04-04 11:37:53,3.469446951953614e-18
2019-04-04 11:37:54,3.469446951953614e-18
2019-04-04 11:37:55,3.469446951953614e-18
2019-04-04 11:37:56,3.469446951953614e-18
2019-04-04 11:37:57,3.469446951953614e-18
2019-04-04 11:37:58,3.469446951953614e-18
2019-04-04 11:37:59,3.469446951953614e-18
2019-04-04 11:38:00,-0.000133333333336573
2019-04-04 11:38:01,-0.00013333333333586175
2019-04-04 11:38:02,-0.00013333333333515225
2019-04-04 11:38:03,-0.00013333333333444101
2019-04-04 11:38:04,-0.0001333333333337315
2019-04-04 11:38:05,3.469446951953614e-18
2019-04-04 11:38:06,3.469446951953614e-18
2019-04-04 11:38:07,3.469446951953614e-18
2019-04-04 11:38:08,3.469446951953614e-18
2019-04-04 11:38:09,3.469446951953614e-18
2019-04-04 11:38:10,3.469446951953614e-18
2019-04-04 11:38:11,3.469446951953614e-18
2019-04-04 11:38:12,3.469446951953614e-18
2019-04-04 11:38:13,3.469446951953614e-18
2019-04-04 11:38:14,3.469446951953614e-18
2019-04-04 11:38:15,3.469446951953614e-18
2019-04-04 11:38:16,3.469446951953614e-18
2019-04-04 11:38:17,3.469446951953614e-18
2019-04-04 11:38:18,3.469446951953614e-18
2019-04-04 11:38:19,3.469446951953614e-18
2019-04-04 11:38:20,3.469446951953614e-18
2019-04-04 11:38:21,3.469446951953614e-18
2019-04-04 11:38:22,3.469446951953614e-18
2019-04-04 11:38:23,3.469446951953614e-18
2019-04-04 11:38:24,3.469446951953614e-18
2019-04-04 11:38:25,3.469446951953614e-18
2019-04-04 11:38:26,3.469446951953614e-18
2019-04-04 11:38:27,3.469446951953614e-18
2019-04-04 11:38:28,3.469446951953614e-18
2019-04-04 11:38:29,3.469446951953614e-18
2019-04-04 11:38:30,3.469446951953614e-18
2019-04-04 11:38:31,3.469446951953614e-18
2019-04-04 11:38:32,3.469446951953614e-18
2019-04-04 11:38:33,3.469446951953614e-18
2019-04-04 11:38:34,3.469446951953614e-18
2019-04-04 11:38:35,3.469446951953614e-18
2019-04-04 11:38:36,-0.00016666666666352234
2019-04-04 11:38:37,-0.00016666666666423184
2019-04-04 11:38:38,-0.00016666666666494308
2019-04-04 11:38:39,-0.00016666666666565258
2019-04-04 11:38:40,-0.00016666666666636382
2019-04-04 11:38:41,3.469446951953614e-18
2019-04-04 11:38:42,3.469446951953614e-18
2019-04-04 11:38:43,3.469446951953614e-18
2019-04-04 11:38:44,3.469446951953614e-18
2019-04-04 11:38:45,3.469446951953614e-18
2019-04-04 11:38:46,3.469446951953614e-18
2019-04-04 11:38:47,-0.00016666666666964938
2019-04-04 11:38:48,-0.00016666666666893988
2019-04-04 11:38:49,-0.00016666666666822864
2019-04-04 11:38:50,-0.00016666666666751914
2019-04-04 11:38:51,-0.0001666666666668079
2019-04-04 11:38:52,3.469446951953614e-18
2019-04-04 11:38:53,3.469446951953614e-18
2019-04-04 11:38:54,3.469446951953614e-18
2019-04-04 11:38:55,3.469446951953614e-18
2019-04-04 11:38:56,3.469446951953614e-18
2019-04-04 11:38:57,3.469446951953614e-18
2019-04-04 11:38:58,3.469446951953614e-18
2019-04-04 11:38:59,3.469446951953614e-18
2019-04-04 11:39:00,3.469446951953614e-18
2019-04-04 11:39:01,3.469446951953614e-18
2019-04-04 11:39:02,3.469446951953614e-18
2019-04-04 11:39:03,3.469446951953614e-18
2019-04-04 11:39:04,3.469446951953614e-18
2019-04-04 11:39:05,3.469446951953614e-18
2019-04-04 11:39:06,3.469446951953614e-18
2019-04-04 11:39:07,3.469446951953614e-18
2019-04-04 11:39:08,3.469446951953614e-18
2019-04-04 11:39:09,3.469446951953614e-18
2019-04-04 11:39:10,3.469446951953614e-18
2019-04-04 11:39:11,3.469446951953614e-18
2019-04-04 11:39:12,3.469446951953614e-18
2019-04-04 11:39:13,3.469446951953614e-18
2019-04-04 11:39:14,3.469446951953614e-18
2019-04-04 11:39:15,3.469446951953614e-18
2019-04-04 11:39:16,3.469446951953614e-18
2019-04-04 11:39:17,3.469446951953614e-18
2019-04-04 11:39:18,3.469446951953614e-18
2019-04-04 11:39:19,3.469446951953614e-18
2019-04-04 11:39:20,3.469446951953614e-18
2019-04-04 11:39:21,3.469446951953614e-18
2019-04-04 11:39:22,3.469446951953614e-18
2019-04-04 11:39:23,3.469446951953614e-18
2019-04-04 11:39:24,3.469446951953614e-18
2019-04-04 11:39:25,3.469446951953614e-18
2019-04-04 11:39:26,3.469446951953614e-18
2019-04-04 11:39:27,3.469446951953614e-18
2019-04-04 11:39:28,3.469446951953614e-18
2019-04-04 11:39:29,3.469446951953614e-18
2019-04-04 11:39:30,3.469446951953614e-18
2019-04-04 11:39:31,3.469446951953614e-18
2019-04-04 11:39:32,3.469446951953614e-18
2019-04-04 11:39:33,3.469446951953614e-18
2019-04-04 11:39:34,3.469446951953614e-18
2019-04-04 11:39:35,3.469446951953614e-18
2019-04-04 11:39:36,3.469446951953614e-18
2019-04-04 11:39:37,3.469446951953614e-18
2019-04-04 11:39:38,3.469446951953614e-18
2019-04-04 11:39:39,3.469446951953614e-18
2019-04-04 11:39:40,3.469446951953614e-18
2019-04-04 11:39:41,3.469446951953614e-18
2019-04-04 11:39:42,3.469446951953614e-18
2019-04-04 11:39:43,3.469446951953614e-18
2019-04-04 11:39:44,3.469446951953614e-18
2019-04-04 11:39:45,3.469446951953614e-18
2019-04-04 11:39:46,3.469446951953614e-18
2019-04-04 11:39:47,3.469446951953614e-18
2019-04-04 11:39:48,3.469446951953614e-18
2019-04-04 11:39:49,3.469446951953614e-18
2019-04-04 11:39:50,3.469446951953614e-18
2019-04-04 11:39:51,3.469446951953614e-18
2019-04-04 11:39:52,3.469446951953614e-18
2019-04-04 11:39:53,3.469446951953614e-18
2019-04-04 11:39:54,3.469446951953614e-18
2019-04-04 11:39:55,3.469446951953614e-18
2019-04-04 11:39:56,3.469446951953614e-18
2019-04-04 11:39:57,3.469446951953614e-18
2019-04-04 11:39:58,3.469446951953614e-18
2019-04-04 11:39:59,3.469446951953614e-18
2019-04-04 11:40:00,3.469446951953614e-18
2019-04-04 11:40:01,3.469446951953614e-18
2019-04-04 11:40:02,3.469446951953614e-18
2019-04-04 11:40:03,3.469446951953614e-18
2019-04-04 11:40:04,3.469446951953614e-18
2019-04-04 11:40:05,3.469446951953614e-18
2019-04-04 11:40:06,3.469446951953614e-18
2019-04-04 11:40:07,3.469446951953614e-18
2019-04-04 11:40:08,3.469446951953614e-18
2019-04-04 11:40:09,3.469446951953614e-18
2019-04-04 11:40:10,3.469446951953614e-18
2019-04-04 11:40:11,3.469446951953614e-18
2019-04-04 11:40:12,3.469446951953614e-18
2019-04-04 11:40:13,3.469446951953614e-18
2019-04-04 11:40:14,3.469446951953614e-18
2019-04-04 11:40:15,3.469446951953614e-18
2019-04-04 11:40:16,3.469446951953614e-18
2019-04-04 11:40:17,3.469446951953614e-18
2019-04-04 11:40:18,3.469446951953614e-18
2019-04-04 11:40:19,3.469446951953614e-18
2019-04-04 11:40:20,3.469446951953614e-18
2019-04-04 11:40:21,3.469446951953614e-18
2019-04-04 11:40:22,3.469446951953614e-18
2019-04-04 11:40:23,3.469446951953614e-18
2019-04-04 11:40:24,3.469446951953614e-18
2019-04-04 11:40:25,3.469446951953614e-18
2019-04-04 11:40:26,3.469446951953614e-18
2019-04-04 11:40:27,3.469446951953614e-18
2019-04-04 11:40:28,3.469446951953614e-18
2019-04-04 11:40:29,3.469446951953614e-18
2019-04-04 11:40:30,3.469446951953614e-18
2019-04-04 11:40:31,3.469446951953614e-18
2019-04-04 11:40:32,3.469446951953614e-18
2019-04-04 11:40:33,3.469446951953614e-18
2019-04-04 11:40:34,3.469446951953614e-18
2019-04-04 11:40:35,3.469446951953614e-18
2019-04-04 11:40:36,3.469446951953614e-18
2019-04-04 11:40:37,-0.00018181818181504245
2019-04-04 11:40:38,-0.00018181818181575368
2019-04-04 11:40:39,-0.00018181818181646318
2019-04-04 11:40:40,-0.00018181818181717442
2019-04-04 11:40:41,-0.00018181818181788392
2019-04-04 11:40:42,3.469446951953614e-18
2019-04-04 11:40:43,3.469446951953614e-18
2019-04-04 11:40:44,3.469446951953614e-18
2019-04-04 11:40:45,3.469446951953614e-18
2019-04-04 11:40:46,3.469446951953614e-18
2019-04-04 11:40:47,3.469446951953614e-18
2019-04-04 11:40:48,3.469446951953614e-18
2019-04-04 11:40:49,3.469446951953614e-18
2019-04-04 11:40:50,3.469446951953614e-18
2019-04-04 11:40:51,3.469446951953614e-18
2019-04-04 11:40:52,3.469446951953614e-18
2019-04-04 11:40:53,3.469446951953614e-18
2019-04-04 11:40:54,3.469446951953614e-18
2019-04-04 11:40:55,3.469446951953614e-18
2019-04-04 11:40:56,3.469446951953614e-18
2019-04-04 11:40:57,3.469446951953614e-18
2019-04-04 11:40:58,3.469446951953614e-18
2019-04-04 11:40:59,3.469446951953614e-18
2019-04-04 11:41:00,3.469446951953614e-18
2019-04-04 11:41:01,3.469446951953614e-18
2019-04-04 11:41:02,3.469446951953614e-18
2019-04-04 11:41:03,3.469446951953614e-18
2019-04-04 11:41:04,3.469446951953614e-18
2019-04-04 11:41:05,3.469446951953614e-18
2019-04-04 11:41:06,3.469446951953614e-18
2019-04-04 11:41:07,3.469446951953614e-18
2019-04-04 11:41:08,3.469446951953614e-18
2019-04-04 11:41:09,3.469446951953614e-18
2019-04-04 11:41:10,3.469446951953614e-18
2019-04-04 11:41:11,3.469446951953614e-18
2019-04-04 11:41:12,3.469446951953614e-18
2019-04-04 11:41:13,3.469446951953614e-18
2019-04-04 11:41:14,3.469446951953614e-18
2019-04-04 11:41:15,3.469446951953614e-18
2019-04-04 11:41:16,3.469446951953614e-18
2019-04-04 11:41:17,3.469446951953614e-18
2019-04-04 11:41:18,3.469446951953614e-18
2019-04-04 11:41:19,3.469446951953614e-18
2019-04-04 11:41:20,3.469446951953614e-18
2019-04-04 11:41:21,3.469446951953614e-18
2019-04-04 11:41:22,3.469446951953614e-18
2019-04-04 11:41:23,3.469446951953614e-18
2019-04-04 11:41:24,3.469446951953614e-18
2019-04-04 11:41:25,3.469446951953614e-18
2019-04-04 11:41:26,3.469446951953614e-18
2019-04-04 11:41:27,3.469446951953614e-18
2019-04-04 11:41:28,3.469446951953614e-18
2019-04-04 11:41:29,3.469446951953614e-18
2019-04-04 11:41:30,3.469446951953614e-18
2019-04-04 11:41:31,3.469446951953614e-18
2019-04-04 11:41:32,3.469446951953614e-18
2019-04-04 11:41:33,3.469446951953614e-18
2019-04-04 11:41:34,3.469446951953614e-18
2019-04-04 11:41:35,3.469446951953614e-18
2019-04-04 11:41:36,3.469446951953614e-18
2019-04-04 11:41:37,3.469446951953614e-18
2019-04-04 11:41:38,3.469446951953614e-18
2019-04-04 11:41:39,3.469446951953614e-18
2019-04-04 11:41:40,3.469446951953614e-18
2019-04-04 11:41:41,3.469446951953614e-18
2019-04-04 11:41:42,3.469446951953614e-18
2019-04-04 11:41:43,3.469446951953614e-18
2019-04-04 11:41:44,3.469446951953614e-18
2019-04-04 11:41:45,3.469446951953614e-18
2019-04-04 11:41:46,3.469446951953614e-18
2019-04-04 11:41:47,3.469446951953614e-18
2019-04-04 11:41:48,3.469446951953614e-18
2019-04-04 11:41:49,3.469446951953614e-18
2019-04-04 11:41:50,3.469446951953614e-18
2019-04-04 11:41:51,3.469446951953614e-18
2019-04-04 11:41:52,3.469446951953614e-18
2019-04-04 11:41:53,3.469446951953614e-18
2019-04-04 11:41:54,3.469446951953614e-18
2019-04-04 11:41:55,3.469446951953614e-18
2019-04-04 11:41:56,3.469446951953614e-18
2019-04-04 11:41:57,3.469446951953614e-18
2019-04-04 11:41:58,3.469446951953614e-18
2019-04-04 11:41:59,3.469446951953614e-18
2019-04-04 11:42:00,3.469446951953614e-18
2019-04-04 11:42:01,3.469446951953614e-18
2019-04-04 11:42:02,3.469446951953614e-18
2019-04-04 11:42:03,3.469446951953614e-18
2019-04-04 11:42:04,3.469446951953614e-18
2019-04-04 11:42:05,3.469446951953614e-18
2019-04-04 11:42:06,3.469446951953614e-18
2019-04-04 11:42:07,3.469446951953614e-18
2019-04-04 11:42:08,3.469446951953614e-18
2019-04-04 11:42:09,3.469446951953614e-18
2019-04-04 11:42:10,3.469446951953614e-18
2019-04-04 11:42:11,3.469446951953614e-18
2019-04-04 11:42:12,3.469446951953614e-18
2019-04-04 11:42:13,3.469446951953614e-18
2019-04-04 11:42:14,3.469446951953614e-18
2019-04-04 11:42:15,3.469446951953614e-18
2019-04-04 11:42:16,3.469446951953614e-18
2019-04-04 11:42:17,3.469446951953614e-18
2019-04-04 11:42:18,3.469446951953614e-18
2019-04-04 11:42:19,3.469446951953614e-18
2019-04-04 11:42:20,3.469446951953614e-18
2019-04-04 11:42:21,-0.00020000000000308313
2019-04-04 11:42:22,-0.00020000000000237363
2019-04-04 11:42:23,-0.0002000000000016624
2019-04-04 11:42:24,-0.0002000000000009529
2019-04-04 11:42:25,-0.00020000000000024165
2019-04-04 11:42:26,3.469446951953614e-18
2019-04-04 11:42:27,3.469446951953614e-18
2019-04-04 11:42:28,3.469446951953614e-18
2019-04-04 11:42:29,3.469446951953614e-18
2019-04-04 11:42:30,3.469446951953614e-18
2019-04-04 11:42:31,3.469446951953614e-18
2019-04-04 11:42:32,3.469446951953614e-18
2019-04-04 11:42:33,3.469446951953614e-18
2019-04-04 11:42:34,3.469446951953614e-18
2019-04-04 11:42:35,3.469446951953614e-18
2019-04-04 11:42:36,3.469446951953614e-18
2019-04-04 11:42:37,3.469446951953614e-18
2019-04-04 11:42:38,3.469446951953614e-18
2019-04-04 11:42:39,3.469446951953614e-18
2019-04-04 11:42:40,3.469446951953614e-18
2019-04-04 11:42:41,3.469446951953614e-18
2019-04-04 11:42:42,3.469446951953614e-18
2019-04-04 11:42:43,3.469446951953614e-18
2019-04-04 11:42:44,3.469446951953614e-18
2019-04-04 11:42:45,3.469446951953614e-18
2019-04-04 11:42:46,3.469446951953614e-18
2019-04-04 11:42:47,3.469446951953614e-18
2019-04-04 11:42:48,3.469446951953614e-18
2019-04-04 11:42:49,3.469446951953614e-18
2019-04-04 11:42:50,3.469446951953614e-18
2019-04-04 11:42:51,3.469446951953614e-18
2019-04-04 11:42:52,3.469446951953614e-18
2019-04-04 11:42:53,3.469446951953614e-18
2019-04-04 11:42:54,3.469446951953614e-18
2019-04-04 11:42:55,3.469446951953614e-18
2019-04-04 11:42:56,3.469446951953614e-18
2019-04-04 11:42:57,3.469446951953614e-18
2019-04-04 11:42:58,3.469446951953614e-18
2019-04-04 11:42:59,3.469446951953614e-18
2019-04-04 11:43:00,3.469446951953614e-18
2019-04-04 11:43:01,3.469446951953614e-18
2019-04-04 11:43:02,3.469446951953614e-18
2019-04-04 11:43:03,3.469446951953614e-18
2019-04-04 11:43:04,3.469446951953614e-18
2019-04-04 11:43:05,3.469446951953614e-18
2019-04-04 11:43:06,3.469446951953614e-18
2019-04-04 11:43:07,3.469446951953614e-18
2019-04-04 11:43:08,3.469446951953614e-18
2019-04-04 11:43:09,3.469446951953614e-18
2019-04-04 11:43:10,3.469446951953614e-18
2019-04-04 11:43:11,3.469446951953614e-18
2019-04-04 11:43:12,3.469446951953614e-18
2019-04-04 11:43:13,3.469446951953614e-18
2019-04-04 11:43:14,3.469446951953614e-18
2019-04-04 11:43:15,3.469446951953614e-18
2019-04-04 11:43:16,3.469446951953614e-18
2019-04-04 11:43:17,3.469446951953614e-18
2019-04-04 11:43:18,3.469446951953614e-18
2019-04-04 11:43:19,3.469446951953614e-18
2019-04-04 11:43:20,3.469446951953614e-18
2019-04-04 11:43:21,3.469446951953614e-18
2019-04-04 11:43:22,3.469446951953614e-18
2019-04-04 11:43:23,3.469446951953614e-18
2019-04-04 11:43:24,3.469446951953614e-18
2019-04-04 11:43:25,3.469446951953614e-18
2019-04-04 11:43:26,3.469446951953614e-18
2019-04-04 11:43:27,3.469446951953614e-18
2019-04-04 11:43:28,3.469446951953614e-18
2019-04-04 11:43:29,3.469446951953614e-18
2019-04-04 11:43:30,3.469446951953614e-18
2019-04-04 11:43:31,3.469446951953614e-18
2019-04-04 11:43:32,3.469446951953614e-18
2019-04-04 11:43:33,3.469446951953614e-18
2019-04-04 11:43:34,3.469446951953614e-18
2019-04-04 11:43:35,3.469446951953614e-18
2019-04-04 11:43:36,3.469446951953614e-18
2019-04-04 11:43:37,3.469446951953614e-18
2019-04-04 11:43:38,3.469446951953614e-18
2019-04-04 11:43:39,3.469446951953614e-18
2019-04-04 11:43:40,3.469446951953614e-18
2019-04-04 11:43:41,3.469446951953614e-18
2019-04-04 11:43:42,3.469446951953614e-18
2019-04-04 11:43:43,3.469446951953614e-18
2019-04-04 11:43:44,3.469446951953614e-18
2019-04-04 11:43:45,3.469446951953614e-18
2019-04-04 11:43:46,3.469446951953614e-18
2019-04-04 11:43:47,3.469446951953614e-18
2019-04-04 11:43:48,3.469446951953614e-18
2019-04-04 11:43:49,3.469446951953614e-18
2019-04-04 11:43:50,3.469446951953614e-18
2019-04-04 11:43:51,3.469446951953614e-18
2019-04-04 11:43:52,3.469446951953614e-18
2019-04-04 11:43:53,3.469446951953614e-18
2019-04-04 11:43:54,3.469446951953614e-18
2019-04-04 11:43:55,3.469446951953614e-18
2019-04-04 11:43:56,3.469446951953614e-18
2019-04-04 11:43:57,3.469446951953614e-18
2019-04-04 11:43:58,3.469446951953614e-18
2019-04-04 11:43:59,3.469446951953614e-18
2019-04-04 11:44:00,3.469446951953614e-18
2019-04-04 11:44:01,3.469446951953614e-18
2019-04-04 11:44:02,3.469446951953614e-18
2019-04-04 11:44:03,3.469446951953614e-18
2019-04-04 11:44:04,3.469446951953614e-18
2019-04-04 11:44:05,3.469446951953614e-18
2019-04-04 11:44:06,3.469446951953614e-18
2019-04-04 11:44:07,3.469446951953614e-18
2019-04-04 11:44:08,3.469446951953614e-18
2019-04-04 11:44:09,3.469446951953614e-18
2019-04-04 11:44:10,3.469446951953614e-18
2019-04-04 11:44:11,3.469446951953614e-18
2019-04-04 11:44:12,3.469446951953614e-18
2019-04-04 11:44:13,3.469446951953614e-18
2019-04-04 11:44:14,3.469446951953614e-18
2019-04-04 11:44:15,3.469446951953614e-18
2019-04-04 11:44:16,3.469446951953614e-18
2019-04-04 11:44:17,3.469446951953614e-18
2019-04-04 11:44:18,3.469446951953614e-18
2019-04-04 11:44:19,3.469446951953614e-18
2019-04-04 11:44:20,3.469446951953614e-18
2019-04-04 11:44:21,3.469446951953614e-18
2019-04-04 11:44:22,3.469446951953614e-18
2019-04-04 11:44:23,3.469446951953614e-18
2019-04-04 11:44:24,3.469446951953614e-18
2019-04-04 11:44:25,3.469446951953614e-18
2019-04-04 11:44:26,3.469446951953614e-18
2019-04-04 11:44:27,3.469446951953614e-18
2019-04-04 11:44:28,3.469446951953614e-18
2019-04-04 11:44:29,3.469446951953614e-18
2019-04-04 11:44:30,3.469446951953614e-18
2019-04-04 11:44:31,3.469446951953614e-18
2019-04-04 11:44:32,3.469446951953614e-18
2019-04-04 11:44:33,3.469446951953614e-18
2019-04-04 11:44:34,3.469446951953614e-18
2019-04-04 11:44:35,3.469446951953614e-18
2019-04-04 11:44:36,3.469446951953614e-18
2019-04-04 11:44:37,3.469446951953614e-18
2019-04-04 11:44:38,3.469446951953614e-18
2019-04-04 11:44:39,3.469446951953614e-18
2019-04-04 11:44:40,3.469446951953614e-18
2019-04-04 11:44:41,3.469446951953614e-18
2019-04-04 11:44:42,3.469446951953614e-18
2019-04-04 11:44:43,3.469446951953614e-18
2019-04-04 11:44:44,3.469446951953614e-18
2019-04-04 11:44:45,3.469446951953614e-18
2019-04-04 11:44:46,3.469446951953614e-18
2019-04-04 11:44:47,3.469446951953614e-18
2019-04-04 11:44:48,3.469446951953614e-18
2019-04-04 11:44:49,3.469446951953614e-18
2019-04-04 11:44:50,3.469446951953614e-18
2019-04-04 11:44:51,3.469446951953614e-18
2019-04-04 11:44:52,3.469446951953614e-18
2019-04-04 11:44:53,3.469446951953614e-18
2019-04-04 11:44:54,3.469446951953614e-18
2019-04-04 11:44:55,3.469446951953614e-18
2019-04-04 11:44:56,3.469446951953614e-18
2019-04-04 11:44:57,3.469446951953614e-18
2019-04-04 11:44:58,3.469446951953614e-18
2019-04-04 11:44:59,3.469446951953614e-18
2019-04-04 11:45:00,3.469446951953614e-18
2019-04-04 11:45:01,3.469446951953614e-18
2019-04-04 11:45:02,3.469446951953614e-18
2019-04-04 11:45:03,3.469446951953614e-18
2019-04-04 11:45:04,3.469446951953614e-18
2019-04-04 11:45:05,3.469446951953614e-18
2019-04-04 11:45:06,3.469446951953614e-18
2019-04-04 11:45:07,3.469446951953614e-18
2019-04-04 11:45:08,3.469446951953614e-18
2019-04-04 11:45:09,3.469446951953614e-18
2019-04-04 11:45:10,3.469446951953614e-18
2019-04-04 11:45:11,3.469446951953614e-18
2019-04-04 11:45:12,3.469446951953614e-18
2019-04-04 11:45:13,3.469446951953614e-18
2019-04-04 11:45:14,3.469446951953614e-18
2019-04-04 11:45:15,3.469446951953614e-18
2019-04-04 11:45:16,3.469446951953614e-18
2019-04-04 11:45:17,3.469446951953614e-18
2019-04-04 11:45:18,3.469446951953614e-18
2019-04-04 11:45:19,3.469446951953614e-18
2019-04-04 11:45:20,3.469446951953614e-18
2019-04-04 11:45:21,3.469446951953614e-18
2019-04-04 11:45:22,3.469446951953614e-18
2019-04-04 11:45:23,3.469446951953614e-18
2019-04-04 11:45:24,3.469446951953614e-18
2019-04-04 11:45:25,3.469446951953614e-18
2019-04-04 11:45:26,3.469446951953614e-18
2019-04-04 11:45:27,3.469446951953614e-18
2019-04-04 11:45:28,3.469446951953614e-18
2019-04-04 11:45:29,3.469446951953614e-18
2019-04-04 11:45:30,3.469446951953614e-18
2019-04-04 11:45:31,3.469446951953614e-18
2019-04-04 11:45:32,3.469446951953614e-18
2019-04-04 11:45:33,3.469446951953614e-18
2019-04-04 11:45:34,3.469446951953614e-18
2019-04-04 11:45:35,3.469446951953614e-18
2019-04-04 11:45:36,3.469446951953614e-18
2019-04-04 11:45:37,3.469446951953614e-18
2019-04-04 11:45:38,3.469446951953614e-18
2019-04-04 11:45:39,3.469446951953614e-18
2019-04-04 11:45:40,3.469446951953614e-18
2019-04-04 11:45:41,3.469446951953614e-18
2019-04-04 11:45:42,3.469446951953614e-18
2019-04-04 11:45:43,3.469446951953614e-18
2019-04-04 11:45:44,3.469446951953614e-18
2019-04-04 11:45:45,3.469446951953614e-18
2019-04-04 11:45:46,3.469446951953614e-18
2019-04-04 11:45:47,3.469446951953614e-18
2019-04-04 11:45:48,3.469446951953614e-18
2019-04-04 11:45:49,3.469446951953614e-18
2019-04-04 11:45:50,3.469446951953614e-18
2019-04-04 11:45:51,3.469446951953614e-18
2019-04-04 11:45:52,3.469446951953614e-18
2019-04-04 11:45:53,3.469446951953614e-18
2019-04-04 11:45:54,3.469446951953614e-18
2019-04-04 11:45:55,3.469446951953614e-18
2019-04-04 11:45:56,3.469446951953614e-18
2019-04-04 11:45:57,3.469446951953614e-18
2019-04-04 11:45:58,3.469446951953614e-18
2019-04-04 11:45:59,3.469446951953614e-18
2019-04-04 11:46:00,3.469446951953614e-18
2019-04-04 11:46:01,3.469446951953614e-18
2019-04-04 11:46:02,3.469446951953614e-18
2019-04-04 11:46:03,3.469446951953614e-18
2019-04-04 11:46:04,3.469446951953614e-18
2019-04-04 11:46:05,3.469446951953614e-18
2019-04-04 11:46:06,3.469446951953614e-18
2019-04-04 11:46:07,3.469446951953614e-18
2019-04-04 11:46:08,3.469446951953614e-18
2019-04-04 11:46:09,3.469446951953614e-18
2019-04-04 11:46:10,3.469446951953614e-18
2019-04-04 11:46:11,3.469446951953614e-18
2019-04-04 11:46:12,3.469446951953614e-18
2019-04-04 11:46:13,3.469446951953614e-18
2019-04-04 11:46:14,3.469446951953614e-18
2019-04-04 11:46:15,3.469446951953614e-18
2019-04-04 11:46:16,3.469446951953614e-18
2019-04-04 11:46:17,3.469446951953614e-18
2019-04-04 11:46:18,3.469446951953614e-18
2019-04-04 11:46:19,3.469446951953614e-18
2019-04-04 11:46:20,3.469446951953614e-18
2019-04-04 11:46:21,3.469446951953614e-18
2019-04-04 11:46:22,3.469446951953614e-18
2019-04-04 11:46:23,3.469446951953614e-18
2019-04-04 11:46:24,3.469446951953614e-18
2019-04-04 11:46:25,3.469446951953614e-18
2019-04-04 11:46:26,3.469446951953614e-18
2019-04-04 11:46:27,3.469446951953614e-18
2019-04-04 11:46:28,3.469446951953614e-18
2019-04-04 11:46:29,3.469446951953614e-18
2019-04-04 11:46:30,3.469446951953614e-18
2019-04-04 11:46:31,3.469446951953614e-18
2019-04-04 11:46:32,3.469446951953614e-18
2019-04-04 11:46:33,3.469446951953614e-18
2019-04-04 11:46:34,3.469446951953614e-18
2019-04-04 11:46:35,3.469446951953614e-18
2019-04-04 11:46:36,3.469446951953614e-18
2019-04-04 11:46:37,3.469446951953614e-18
2019-04-04 11:46:38,3.469446951953614e-18
2019-04-04 11:46:39,3.469446951953614e-18
2019-04-04 11:46:40,3.469446951953614e-18
2019-04-04 11:46:41,3.469446951953614e-18
2019-04-04 11:46:42,3.469446951953614e-18
2019-04-04 11:46:43,3.469446951953614e-18
2019-04-04 11:46:44,3.469446951953614e-18
2019-04-04 11:46:45,3.469446951953614e-18
2019-04-04 11:46:46,3.469446951953614e-18
2019-04-04 11:46:47,3.469446951953614e-18
2019-04-04 11:46:48,3.469446951953614e-18
2019-04-04 11:46:49,3.469446951953614e-18
2019-04-04 11:46:50,3.469446951953614e-18
2019-04-04 11:46:51,3.469446951953614e-18
2019-04-04 11:46:52,3.469446951953614e-18
2019-04-04 11:46:53,3.469446951953614e-18
2019-04-04 11:46:54,3.469446951953614e-18
2019-04-04 11:46:55,3.469446951953614e-18
2019-04-04 11:46:56,3.469446951953614e-18
2019-04-04 11:46:57,3.469446951953614e-18
2019-04-04 11:46:58,3.469446951953614e-18
2019-04-04 11:46:59,3.469446951953614e-18
2019-04-04 11:47:00,3.469446951953614e-18
2019-04-04 11:47:01,3.469446951953614e-18
2019-04-04 11:47:02,3.469446951953614e-18
2019-04-04 11:47:03,3.469446951953614e-18
2019-04-04 11:47:04,3.469446951953614e-18
2019-04-04 11:47:05,3.469446951953614e-18
2019-04-04 11:47:06,3.469446951953614e-18
2019-04-04 11:47:07,3.469446951953614e-18
2019-04-04 11:47:08,3.469446951953614e-18
2019-04-04 11:47:09,3.469446951953614e-18
2019-04-04 11:47:10,3.469446951953614e-18
2019-04-04 11:47:11,3.469446951953614e-18
2019-04-04 11:47:12,3.469446951953614e-18
2019-04-04 11:47:13,3.469446951953614e-18
2019-04-04 11:47:14,3.469446951953614e-18
2019-04-04 11:47:15,3.469446951953614e-18
2019-04-04 11:47:16,3.469446951953614e-18
2019-04-04 11:47:17,3.469446951953614e-18
2019-04-04 11:47:18,3.469446951953614e-18
2019-04-04 11:47:19,3.469446951953614e-18
2019-04-04 11:47:20,3.469446951953614e-18
2019-04-04 11:47:21,3.469446951953614e-18
2019-04-04 11:47:22,3.469446951953614e-18
2019-04-04 11:47:23,3.469446951953614e-18
2019-04-04 11:47:24,3.469446951953614e-18
2019-04-04 11:47:25,3.469446951953614e-18
2019-04-04 11:47:26,3.469446951953614e-18
2019-04-04 11:47:27,3.469446951953614e-18
2019-04-04 11:47:28,3.469446951953614e-18
2019-04-04 11:47:29,3.469446951953614e-18
2019-04-04 11:47:30,3.469446951953614e-18
2019-04-04 11:47:31,3.469446951953614e-18
2019-04-04 11:47:32,3.469446951953614e-18
2019-04-04 11:47:33,3.469446951953614e-18
2019-04-04 11:47:34,3.469446951953614e-18
2019-04-04 11:47:35,3.469446951953614e-18
2019-04-04 11:47:36,3.469446951953614e-18
2019-04-04 11:47:37,3.469446951953614e-18
2019-04-04 11:47:38,3.469446951953614e-18
2019-04-04 11:47:39,3.469446951953614e-18
2019-04-04 11:47:40,3.469446951953614e-18
2019-04-04 11:47:41,3.469446951953614e-18
2019-04-04 11:47:42,3.469446951953614e-18
2019-04-04 11:47:43,3.469446951953614e-18
2019-04-04 11:47:44,3.469446951953614e-18
2019-04-04 11:47:45,3.469446951953614e-18
2019-04-04 11:47:46,3.469446951953614e-18
2019-04-04 11:47:47,3.469446951953614e-18
2019-04-04 11:47:48,3.469446951953614e-18
2019-04-04 11:47:49,3.469446951953614e-18
2019-04-04 11:47:50,3.469446951953614e-18
2019-04-04 11:47:51,3.469446951953614e-18
2019-04-04 11:47:52,3.469446951953614e-18
2019-04-04 11:47:53,3.469446951953614e-18
2019-04-04 11:47:54,3.469446951953614e-18
2019-04-04 11:47:55,3.469446951953614e-18
2019-04-04 11:47:56,3.469446951953614e-18
2019-04-04 11:47:57,3.469446951953614e-18
2019-04-04 11:47:58,3.469446951953614e-18
2019-04-04 11:47:59,3.469446951953614e-18
2019-04-04 11:48:00,3.469446951953614e-18
2019-04-04 11:48:01,3.469446951953614e-18
2019-04-04 11:48:02,3.469446951953614e-18
2019-04-04 11:48:03,3.469446951953614e-18
2019-04-04 11:48:04,3.469446951953614e-18
2019-04-04 11:48:05,3.469446951953614e-18
2019-04-04 11:48:06,3.469446951953614e-18
2019-04-04 11:48:07,3.469446951953614e-18
2019-04-04 11:48:08,3.469446951953614e-18
2019-04-04 11:48:09,3.469446951953614e-18
2019-04-04 11:48:10,3.469446951953614e-18
2019-04-04 11:48:11,3.469446951953614e-18
2019-04-04 11:48:12,3.469446951953614e-18
2019-04-04 11:48:13,3.469446951953614e-18
2019-04-04 11:48:14,3.469446951953614e-18
2019-04-04 11:48:15,3.469446951953614e-18
2019-04-04 11:48:16,3.469446951953614e-18
2019-04-04 11:48:17,3.469446951953614e-18
2019-04-04 11:48:18,3.469446951953614e-18
2019-04-04 11:48:19,3.469446951953614e-18
2019-04-04 11:48:20,3.469446951953614e-18
2019-04-04 11:48:21,3.469446951953614e-18
2019-04-04 11:48:22,3.469446951953614e-18
2019-04-04 11:48:23,3.469446951953614e-18
2019-04-04 11:48:24,3.469446951953614e-18
2019-04-04 11:48:25,3.469446951953614e-18
2019-04-04 11:48:26,3.469446951953614e-18
2019-04-04 11:48:27,3.469446951953614e-18
2019-04-04 11:48:28,3.469446951953614e-18
2019-04-04 11:48:29,3.469446951953614e-18
2019-04-04 11:48:30,3.469446951953614e-18
2019-04-04 11:48:31,3.469446951953614e-18
2019-04-04 11:48:32,3.469446951953614e-18
2019-04-04 11:48:33,3.469446951953614e-18
2019-04-04 11:48:34,3.469446951953614e-18
2019-04-04 11:48:35,3.469446951953614e-18
2019-04-04 11:48:36,3.469446951953614e-18
2019-04-04 11:48:37,3.469446951953614e-18
2019-04-04 11:48:38,3.469446951953614e-18
2019-04-04 11:48:39,3.469446951953614e-18
2019-04-04 11:48:40,3.469446951953614e-18
2019-04-04 11:48:41,3.469446951953614e-18
2019-04-04 11:48:42,3.469446951953614e-18
2019-04-04 11:48:43,3.469446951953614e-18
2019-04-04 11:48:44,3.469446951953614e-18
2019-04-04 11:48:45,3.469446951953614e-18
2019-04-04 11:48:46,3.469446951953614e-18
2019-04-04 11:48:47,3.469446951953614e-18
2019-04-04 11:48:48,3.469446951953614e-18
2019-04-04 11:48:49,3.469446951953614e-18
2019-04-04 11:48:50,3.469446951953614e-18
2019-04-04 11:48:51,3.469446951953614e-18
2019-04-04 11:48:52,3.469446951953614e-18
2019-04-04 11:48:53,3.469446951953614e-18
2019-04-04 11:48:54,3.469446951953614e-18
2019-04-04 11:48:55,3.469446951953614e-18
2019-04-04 11:48:56,3.469446951953614e-18
2019-04-04 11:48:57,3.469446951953614e-18
2019-04-04 11:48:58,3.469446951953614e-18
2019-04-04 11:48:59,3.469446951953614e-18
2019-04-04 11:49:00,3.469446951953614e-18
2019-04-04 11:49:01,3.469446951953614e-18
2019-04-04 11:49:02,3.469446951953614e-18
2019-04-04 11:49:03,3.469446951953614e-18
2019-04-04 11:49:04,3.469446951953614e-18
2019-04-04 11:49:05,3.469446951953614e-18
2019-04-04 11:49:06,3.469446951953614e-18
2019-04-04 11:49:07,3.469446951953614e-18
2019-04-04 11:49:08,3.469446951953614e-18
2019-04-04 11:49:09,3.469446951953614e-18
2019-04-04 11:49:10,3.469446951953614e-18
2019-04-04 11:49:11,3.469446951953614e-18
2019-04-04 11:49:12,3.469446951953614e-18
2019-04-04 11:49:13,3.469446951953614e-18
2019-04-04 11:49:14,3.469446951953614e-18
2019-04-04 11:49:15,3.469446951953614e-18
2019-04-04 11:49:16,3.469446951953614e-18
2019-04-04 11:49:17,3.469446951953614e-18
2019-04-04 11:49:18,3.469446951953614e-18
2019-04-04 11:49:19,3.469446951953614e-18
2019-04-04 11:49:20,3.469446951953614e-18
2019-04-04 11:49:21,3.469446951953614e-18
2019-04-04 11:49:22,3.469446951953614e-18
2019-04-04 11:49:23,3.469446951953614e-18
2019-04-04 11:49:24,3.469446951953614e-18
2019-04-04 11:49:25,3.469446951953614e-18
2019-04-04 11:49:26,3.469446951953614e-18
2019-04-04 11:49:27,3.469446951953614e-18
2019-04-04 11:49:28,3.469446951953614e-18
2019-04-04 11:49:29,3.469446951953614e-18
2019-04-04 11:49:30,3.469446951953614e-18
2019-04-04 11:49:31,3.469446951953614e-18
2019-04-04 11:49:32,3.469446951953614e-18
2019-04-04 11:49:33,3.469446951953614e-18
2019-04-04 11:49:34,3.469446951953614e-18
2019-04-04 11:49:35,3.469446951953614e-18
2019-04-04 11:49:36,3.469446951953614e-18
2019-04-04 11:49:37,3.469446951953614e-18
2019-04-04 11:49:38,3.469446951953614e-18
2019-04-04 11:49:39,3.469446951953614e-18
2019-04-04 11:49:40,3.469446951953614e-18
2019-04-04 11:49:41,3.469446951953614e-18
2019-04-04 11:49:42,3.469446951953614e-18
2019-04-04 11:49:43,3.469446951953614e-18
2019-04-04 11:49:44,3.469446951953614e-18
2019-04-04 11:49:45,3.469446951953614e-18
2019-04-04 11:49:46,3.469446951953614e-18
2019-04-04 11:49:47,3.469446951953614e-18
2019-04-04 11:49:48,3.469446951953614e-18
2019-04-04 11:49:49,3.469446951953614e-18
2019-04-04 11:49:50,3.469446951953614e-18
2019-04-04 11:49:51,3.469446951953614e-18
2019-04-04 11:49:52,3.469446951953614e-18
2019-04-04 11:49:53,3.469446951953614e-18
2019-04-04 11:49:54,3.469446951953614e-18
2019-04-04 11:49:55,3.469446951953614e-18
2019-04-04 11:49:56,3.469446951953614e-18
2019-04-04 11:49:57,3.469446951953614e-18
2019-04-04 11:49:58,3.469446951953614e-18
2019-04-04 11:49:59,3.469446951953614e-18
2019-04-04 11:50:00,3.469446951953614e-18
2019-04-04 11:50:01,3.469446951953614e-18
2019-04-04 11:50:02,3.469446951953614e-18
2019-04-04 11:50:03,3.469446951953614e-18
2019-04-04 11:50:04,3.469446951953614e-18
2019-04-04 11:50:05,3.469446951953614e-18
2019-04-04 11:50:06,3.469446951953614e-18
2019-04-04 11:50:07,3.469446951953614e-18
2019-04-04 11:50:08,3.469446951953614e-18
2019-04-04 11:50:09,3.469446951953614e-18
2019-04-04 11:50:10,3.469446951953614e-18
2019-04-04 11:50:11,3.469446951953614e-18
2019-04-04 11:50:12,3.469446951953614e-18
2019-04-04 11:50:13,3.469446951953614e-18
2019-04-04 11:50:14,3.469446951953614e-18
2019-04-04 11:50:15,3.469446951953614e-18
2019-04-04 11:50:16,3.469446951953614e-18
2019-04-04 11:50:17,3.469446951953614e-18
2019-04-04 11:50:18,3.469446951953614e-18
2019-04-04 11:50:19,3.469446951953614e-18
2019-04-04 11:50:20,3.469446951953614e-18
2019-04-04 11:50:21,3.469446951953614e-18
2019-04-04 11:50:22,3.469446951953614e-18
2019-04-04 11:50:23,3.469446951953614e-18
2019-04-04 11:50:24,3.469446951953614e-18
2019-04-04 11:50:25,3.469446951953614e-18
2019-04-04 11:50:26,3.469446951953614e-18
2019-04-04 11:50:27,3.469446951953614e-18
2019-04-04 11:50:28,3.469446951953614e-18
2019-04-04 11:50:29,3.469446951953614e-18
2019-04-04 11:50:30,3.469446951953614e-18
2019-04-04 11:50:31,3.469446951953614e-18
2019-04-04 11:50:32,3.469446951953614e-18
2019-04-04 11:50:33,3.469446951953614e-18
2019-04-04 11:50:34,3.469446951953614e-18
2019-04-04 11:50:35,3.469446951953614e-18
2019-04-04 11:50:36,3.469446951953614e-18
2019-04-04 11:50:37,3.469446951953614e-18
2019-04-04 11:50:38,3.469446951953614e-18
2019-04-04 11:50:39,3.469446951953614e-18
2019-04-04 11:50:40,3.469446951953614e-18
2019-04-04 11:50:41,3.469446951953614e-18
2019-04-04 11:50:42,3.469446951953614e-18
2019-04-04 11:50:43,3.469446951953614e-18
2019-04-04 11:50:44,3.469446951953614e-18
2019-04-04 11:50:45,3.469446951953614e-18
2019-04-04 11:50:46,3.469446951953614e-18
2019-04-04 11:50:47,3.469446951953614e-18
2019-04-04 11:50:48,3.469446951953614e-18
2019-04-04 11:50:49,3.469446951953614e-18
2019-04-04 11:50:50,3.469446951953614e-18
2019-04-04 11:50:51,3.469446951953614e-18
2019-04-04 11:50:52,3.469446951953614e-18
2019-04-04 11:50:53,3.469446951953614e-18
2019-04-04 11:50:54,3.469446951953614e-18
2019-04-04 11:50:55,3.469446951953614e-18
2019-04-04 11:50:56,3.469446951953614e-18
2019-04-04 11:50:57,3.469446951953614e-18
2019-04-04 11:50:58,3.469446951953614e-18
2019-04-04 11:50:59,3.469446951953614e-18
2019-04-04 11:51:00,3.469446951953614e-18
2019-04-04 11:51:01,3.469446951953614e-18
2019-04-04 11:51:02,3.469446951953614e-18
2019-04-04 11:51:03,3.469446951953614e-18
2019-04-04 11:51:04,3.469446951953614e-18
2019-04-04 11:51:05,3.469446951953614e-18
2019-04-04 11:51:06,3.469446951953614e-18
2019-04-04 11:51:07,3.469446951953614e-18
2019-04-04 11:51:08,3.469446951953614e-18
2019-04-04 11:51:09,3.469446951953614e-18
2019-04-04 11:51:10,3.469446951953614e-18
2019-04-04 11:51:11,3.469446951953614e-18
2019-04-04 11:51:12,3.469446951953614e-18
2019-04-04 11:51:13,3.469446951953614e-18
2019-04-04 11:51:14,3.469446951953614e-18
2019-04-04 11:51:15,3.469446951953614e-18
2019-04-04 11:51:16,3.469446951953614e-18
2019-04-04 11:51:17,3.469446951953614e-18
2019-04-04 11:51:18,3.469446951953614e-18
2019-04-04 11:51:19,3.469446951953614e-18
2019-04-04 11:51:20,3.469446951953614e-18
2019-04-04 11:51:21,3.469446951953614e-18
2019-04-04 11:51:22,3.469446951953614e-18
2019-04-04 11:51:23,3.469446951953614e-18
2019-04-04 11:51:24,3.469446951953614e-18
2019-04-04 11:51:25,3.469446951953614e-18
2019-04-04 11:51:26,3.469446951953614e-18
2019-04-04 11:51:27,3.469446951953614e-18
2019-04-04 11:51:28,3.469446951953614e-18
2019-04-04 11:51:29,3.469446951953614e-18
2019-04-04 11:51:30,3.469446951953614e-18
2019-04-04 11:51:31,3.469446951953614e-18
2019-04-04 11:51:32,3.469446951953614e-18
2019-04-04 11:51:33,3.469446951953614e-18
2019-04-04 11:51:34,3.469446951953614e-18
2019-04-04 11:51:35,3.469446951953614e-18
2019-04-04 11:51:36,3.469446951953614e-18
2019-04-04 11:51:37,3.469446951953614e-18
2019-04-04 11:51:38,3.469446951953614e-18
2019-04-04 11:51:39,3.469446951953614e-18
2019-04-04 11:51:40,3.469446951953614e-18
2019-04-04 11:51:41,3.469446951953614e-18
2019-04-04 11:51:42,3.469446951953614e-18
2019-04-04 11:51:43,3.469446951953614e-18
2019-04-04 11:51:44,3.469446951953614e-18
2019-04-04 11:51:45,3.469446951953614e-18
2019-04-04 11:51:46,3.469446951953614e-18
2019-04-04 11:51:47,3.469446951953614e-18
2019-04-04 11:51:48,3.469446951953614e-18
2019-04-04 11:51:49,3.469446951953614e-18
2019-04-04 11:51:50,3.469446951953614e-18
2019-04-04 11:51:51,3.469446951953614e-18
2019-04-04 11:51:52,3.469446951953614e-18
2019-04-04 11:51:53,3.469446951953614e-18
2019-04-04 11:51:54,3.469446951953614e-18
2019-04-04 11:51:55,-0.0001666666666636108
2019-04-04 11:51:56,-0.0001666666666643203
2019-04-04 11:51:57,-0.00016666666666503155
2019-04-04 11:51:58,-0.00016666666666574279
2019-04-04 11:51:59,-0.0001666666666664523
2019-04-04 11:52:00,3.469446951953614e-18
2019-04-04 11:52:01,3.469446951953614e-18
2019-04-04 11:52:02,3.469446951953614e-18
2019-04-04 11:52:03,3.469446951953614e-18
2019-04-04 11:52:04,3.469446951953614e-18
2019-04-04 11:52:05,3.469446951953614e-18
2019-04-04 11:52:06,3.469446951953614e-18
2019-04-04 11:52:07,3.469446951953614e-18
2019-04-04 11:52:08,3.469446951953614e-18
2019-04-04 11:52:09,3.469446951953614e-18
2019-04-04 11:52:10,3.469446951953614e-18
2019-04-04 11:52:11,3.469446951953614e-18
2019-04-04 11:52:12,3.469446951953614e-18
2019-04-04 11:52:13,3.469446951953614e-18
2019-04-04 11:52:14,3.469446951953614e-18
2019-04-04 11:52:15,3.469446951953614e-18
2019-04-04 11:52:16,3.469446951953614e-18
2019-04-04 11:52:17,3.469446951953614e-18
2019-04-04 11:52:18,3.469446951953614e-18
2019-04-04 11:52:19,3.469446951953614e-18
2019-04-04 11:52:20,3.469446951953614e-18
2019-04-04 11:52:21,3.469446951953614e-18
2019-04-04 11:52:22,3.469446951953614e-18
2019-04-04 11:52:23,3.469446951953614e-18
2019-04-04 11:52:24,3.469446951953614e-18
2019-04-04 11:52:25,3.469446951953614e-18
2019-04-04 11:52:26,3.469446951953614e-18
2019-04-04 11:52:27,3.469446951953614e-18
2019-04-04 11:52:28,3.469446951953614e-18
2019-04-04 11:52:29,3.469446951953614e-18
2019-04-04 11:52:30,3.469446951953614e-18
2019-04-04 11:52:31,3.469446951953614e-18
2019-04-04 11:52:32,3.469446951953614e-18
2019-04-04 11:52:33,3.469446951953614e-18
2019-04-04 11:52:34,3.469446951953614e-18
2019-04-04 11:52:35,3.469446951953614e-18
2019-04-04 11:52:36,3.469446951953614e-18
2019-04-04 11:52:37,3.469446951953614e-18
2019-04-04 11:52:38,3.469446951953614e-18
2019-04-04 11:52:39,3.469446951953614e-18
2019-04-04 11:52:40,3.469446951953614e-18
2019-04-04 11:52:41,3.469446951953614e-18
2019-04-04 11:52:42,3.469446951953614e-18
2019-04-04 11:52:43,3.469446951953614e-18
2019-04-04 11:52:44,3.469446951953614e-18
2019-04-04 11:52:45,3.469446951953614e-18
2019-04-04 11:52:46,3.469446951953614e-18
2019-04-04 11:52:47,3.469446951953614e-18
2019-04-04 11:52:48,3.469446951953614e-18
2019-04-04 11:52:49,3.469446951953614e-18
2019-04-04 11:52:50,3.469446951953614e-18
2019-04-04 11:52:51,3.469446951953614e-18
2019-04-04 11:52:52,3.469446951953614e-18
2019-04-04 11:52:53,3.469446951953614e-18
2019-04-04 11:52:54,3.469446951953614e-18
2019-04-04 11:52:55,3.469446951953614e-18
2019-04-04 11:52:56,3.469446951953614e-18
2019-04-04 11:52:57,3.469446951953614e-18
2019-04-04 11:52:58,3.469446951953614e-18
2019-04-04 11:52:59,3.469446951953614e-18
2019-04-04 11:53:00,3.469446951953614e-18
2019-04-04 11:53:01,3.469446951953614e-18
2019-04-04 11:53:02,3.469446951953614e-18
2019-04-04 11:53:03,3.469446951953614e-18
2019-04-04 11:53:04,3.469446951953614e-18
2019-04-04 11:53:05,3.469446951953614e-18
2019-04-04 11:53:06,3.469446951953614e-18
2019-04-04 11:53:07,3.469446951953614e-18
2019-04-04 11:53:08,3.469446951953614e-18
2019-04-04 11:53:09,3.469446951953614e-18
2019-04-04 11:53:10,3.469446951953614e-18
2019-04-04 11:53:11,3.469446951953614e-18
2019-04-04 11:53:12,3.469446951953614e-18
2019-04-04 11:53:13,3.469446951953614e-18
2019-04-04 11:53:14,3.469446951953614e-18
2019-04-04 11:53:15,3.469446951953614e-18
2019-04-04 11:53:16,3.469446951953614e-18
2019-04-04 11:53:17,3.469446951953614e-18
2019-04-04 11:53:18,3.469446951953614e-18
2019-04-04 11:53:19,3.469446951953614e-18
2019-04-04 11:53:20,3.469446951953614e-18
2019-04-04 11:53:21,3.469446951953614e-18
2019-04-04 11:53:22,3.469446951953614e-18
2019-04-04 11:53:23,3.469446951953614e-18
2019-04-04 11:53:24,3.469446951953614e-18
2019-04-04 11:53:25,3.469446951953614e-18
2019-04-04 11:53:26,3.469446951953614e-18
2019-04-04 11:53:27,3.469446951953614e-18
2019-04-04 11:53:28,3.469446951953614e-18
2019-04-04 11:53:29,3.469446951953614e-18
2019-04-04 11:53:30,3.469446951953614e-18
2019-04-04 11:53:31,3.469446951953614e-18
2019-04-04 11:53:32,3.469446951953614e-18
2019-04-04 11:53:33,3.469446951953614e-18
2019-04-04 11:53:34,3.469446951953614e-18
2019-04-04 11:53:35,3.469446951953614e-18
2019-04-04 11:53:36,3.469446951953614e-18
2019-04-04 11:53:37,3.469446951953614e-18
2019-04-04 11:53:38,3.469446951953614e-18
2019-04-04 11:53:39,3.469446951953614e-18
2019-04-04 11:53:40,3.469446951953614e-18
2019-04-04 11:53:41,3.469446951953614e-18
2019-04-04 11:53:42,3.469446951953614e-18
2019-04-04 11:53:43,3.469446951953614e-18
2019-04-04 11:53:44,3.469446951953614e-18
2019-04-04 11:53:45,3.469446951953614e-18
2019-04-04 11:53:46,3.469446951953614e-18
2019-04-04 11:53:47,3.469446951953614e-18
2019-04-04 11:53:48,3.469446951953614e-18
2019-04-04 11:53:49,3.469446951953614e-18
2019-04-04 11:53:50,3.469446951953614e-18
2019-04-04 11:53:51,3.469446951953614e-18
2019-04-04 11:53:52,3.469446951953614e-18
2019-04-04 11:53:53,3.469446951953614e-18
2019-04-04 11:53:54,3.469446951953614e-18
2019-04-04 11:53:55,3.469446951953614e-18
2019-04-04 11:53:56,3.469446951953614e-18
2019-04-04 11:53:57,3.469446951953614e-18
2019-04-04 11:53:58,3.469446951953614e-18
2019-04-04 11:53:59,3.469446951953614e-18
2019-04-04 11:54:00,3.469446951953614e-18
2019-04-04 11:54:01,3.469446951953614e-18
2019-04-04 11:54:02,3.469446951953614e-18
2019-04-04 11:54:03,3.469446951953614e-18
2019-04-04 11:54:04,3.469446951953614e-18
2019-04-04 11:54:05,3.469446951953614e-18
2019-04-04 11:54:06,3.469446951953614e-18
2019-04-04 11:54:07,3.469446951953614e-18
2019-04-04 11:54:08,3.469446951953614e-18
2019-04-04 11:54:09,3.469446951953614e-18
2019-04-04 11:54:10,3.469446951953614e-18
2019-04-04 11:54:11,3.469446951953614e-18
2019-04-04 11:54:12,3.469446951953614e-18
2019-04-04 11:54:13,3.469446951953614e-18
2019-04-04 11:54:14,3.469446951953614e-18
2019-04-04 11:54:15,3.469446951953614e-18
2019-04-04 11:54:16,3.469446951953614e-18
2019-04-04 11:54:17,3.469446951953614e-18
2019-04-04 11:54:18,3.469446951953614e-18
2019-04-04 11:54:19,3.469446951953614e-18
2019-04-04 11:54:20,3.469446951953614e-18
2019-04-04 11:54:21,3.469446951953614e-18
2019-04-04 11:54:22,3.469446951953614e-18
2019-04-04 11:54:23,3.469446951953614e-18
2019-04-04 11:54:24,3.469446951953614e-18
2019-04-04 11:54:25,3.469446951953614e-18
2019-04-04 11:54:26,3.469446951953614e-18
2019-04-04 11:54:27,3.469446951953614e-18
2019-04-04 11:54:28,3.469446951953614e-18
2019-04-04 11:54:29,3.469446951953614e-18
2019-04-04 11:54:30,3.469446951953614e-18
2019-04-04 11:54:31,3.469446951953614e-18
2019-04-04 11:54:32,3.469446951953614e-18
2019-04-04 11:54:33,3.469446951953614e-18
2019-04-04 11:54:34,3.469446951953614e-18
2019-04-04 11:54:35,3.469446951953614e-18
2019-04-04 11:54:36,3.469446951953614e-18
2019-04-04 11:54:37,3.469446951953614e-18
2019-04-04 11:54:38,3.469446951953614e-18
2019-04-04 11:54:39,3.469446951953614e-18
2019-04-04 11:54:40,3.469446951953614e-18
2019-04-04 11:54:41,3.469446951953614e-18
2019-04-04 11:54:42,3.469446951953614e-18
2019-04-04 11:54:43,3.469446951953614e-18
2019-04-04 11:54:44,3.469446951953614e-18
2019-04-04 11:54:45,3.469446951953614e-18
2019-04-04 11:54:46,3.469446951953614e-18
2019-04-04 11:54:47,3.469446951953614e-18
2019-04-04 11:54:48,3.469446951953614e-18
2019-04-04 11:54:49,3.469446951953614e-18
2019-04-04 11:54:50,3.469446951953614e-18
2019-04-04 11:54:51,3.469446951953614e-18
2019-04-04 11:54:52,3.469446951953614e-18
2019-04-04 11:54:53,3.469446951953614e-18
2019-04-04 11:54:54,3.469446951953614e-18
2019-04-04 11:54:55,3.469446951953614e-18
2019-04-04 11:54:56,3.469446951953614e-18
2019-04-04 11:54:57,3.469446951953614e-18
2019-04-04 11:54:58,3.469446951953614e-18
2019-04-04 11:54:59,3.469446951953614e-18
2019-04-04 11:55:00,3.469446951953614e-18
2019-04-04 11:55:01,3.469446951953614e-18
2019-04-04 11:55:02,3.469446951953614e-18
2019-04-04 11:55:03,3.469446951953614e-18
2019-04-04 11:55:04,3.469446951953614e-18
2019-04-04 11:55:05,3.469446951953614e-18
2019-04-04 11:55:06,3.469446951953614e-18
2019-04-04 11:55:07,3.469446951953614e-18
2019-04-04 11:55:08,3.469446951953614e-18
2019-04-04 11:55:09,3.469446951953614e-18
2019-04-04 11:55:10,3.469446951953614e-18
2019-04-04 11:55:11,3.469446951953614e-18
2019-04-04 11:55:12,3.469446951953614e-18
2019-04-04 11:55:13,3.469446951953614e-18
2019-04-04 11:55:14,3.469446951953614e-18
2019-04-04 11:55:15,3.469446951953614e-18
2019-04-04 11:55:16,3.469446951953614e-18
2019-04-04 11:55:17,3.469446951953614e-18
2019-04-04 11:55:18,3.469446951953614e-18
2019-04-04 11:55:19,3.469446951953614e-18
2019-04-04 11:55:20,3.469446951953614e-18
2019-04-04 11:55:21,3.469446951953614e-18
2019-04-04 11:55:22,3.469446951953614e-18
2019-04-04 11:55:23,3.469446951953614e-18
2019-04-04 11:55:24,3.469446951953614e-18
2019-04-04 11:55:25,3.469446951953614e-18
2019-04-04 11:55:26,3.469446951953614e-18
2019-04-04 11:55:27,3.469446951953614e-18
2019-04-04 11:55:28,3.469446951953614e-18
2019-04-04 11:55:29,3.469446951953614e-18
2019-04-04 11:55:30,3.469446951953614e-18
2019-04-04 11:55:31,3.469446951953614e-18
2019-04-04 11:55:32,3.469446951953614e-18
2019-04-04 11:55:33,3.469446951953614e-18
2019-04-04 11:55:34,3.469446951953614e-18
2019-04-04 11:55:35,3.469446951953614e-18
2019-04-04 11:55:36,3.469446951953614e-18
2019-04-04 11:55:37,3.469446951953614e-18
2019-04-04 11:55:38,3.469446951953614e-18
2019-04-04 11:55:39,3.469446951953614e-18
2019-04-04 11:55:40,3.469446951953614e-18
2019-04-04 11:55:41,3.469446951953614e-18
2019-04-04 11:55:42,3.469446951953614e-18
2019-04-04 11:55:43,3.469446951953614e-18
2019-04-04 11:55:44,3.469446951953614e-18
2019-04-04 11:55:45,3.469446951953614e-18
2019-04-04 11:55:46,3.469446951953614e-18
2019-04-04 11:55:47,3.469446951953614e-18
2019-04-04 11:55:48,3.469446951953614e-18
2019-04-04 11:55:49,3.469446951953614e-18
2019-04-04 11:55:50,3.469446951953614e-18
2019-04-04 11:55:51,3.469446951953614e-18
2019-04-04 11:55:52,3.469446951953614e-18
2019-04-04 11:55:53,3.469446951953614e-18
2019-04-04 11:55:54,3.469446951953614e-18
2019-04-04 11:55:55,3.469446951953614e-18
2019-04-04 11:55:56,3.469446951953614e-18
2019-04-04 11:55:57,3.469446951953614e-18
2019-04-04 11:55:58,3.469446951953614e-18
2019-04-04 11:55:59,3.469446951953614e-18
2019-04-04 11:56:00,3.469446951953614e-18
2019-04-04 11:56:01,3.469446951953614e-18
2019-04-04 11:56:02,3.469446951953614e-18
2019-04-04 11:56:03,3.469446951953614e-18
2019-04-04 11:56:04,3.469446951953614e-18
2019-04-04 11:56:05,3.469446951953614e-18
2019-04-04 11:56:06,3.469446951953614e-18
2019-04-04 11:56:07,3.469446951953614e-18
2019-04-04 11:56:08,3.469446951953614e-18
2019-04-04 11:56:09,3.469446951953614e-18
2019-04-04 11:56:10,3.469446951953614e-18
2019-04-04 11:56:11,3.469446951953614e-18
2019-04-04 11:56:12,3.469446951953614e-18
2019-04-04 11:56:13,3.469446951953614e-18
2019-04-04 11:56:14,3.469446951953614e-18
2019-04-04 11:56:15,3.469446951953614e-18
2019-04-04 11:56:16,3.469446951953614e-18
2019-04-04 11:56:17,3.469446951953614e-18
2019-04-04 11:56:18,3.469446951953614e-18
2019-04-04 11:56:19,3.469446951953614e-18
2019-04-04 11:56:20,3.469446951953614e-18
2019-04-04 11:56:21,3.469446951953614e-18
2019-04-04 11:56:22,3.469446951953614e-18
2019-04-04 11:56:23,3.469446951953614e-18
2019-04-04 11:56:24,3.469446951953614e-18
2019-04-04 11:56:25,3.469446951953614e-18
2019-04-04 11:56:26,3.469446951953614e-18
2019-04-04 11:56:27,3.469446951953614e-18
2019-04-04 11:56:28,3.469446951953614e-18
2019-04-04 11:56:29,3.469446951953614e-18
2019-04-04 11:56:30,3.469446951953614e-18
2019-04-04 11:56:31,3.469446951953614e-18
2019-04-04 11:56:32,-0.00015384615384916346
2019-04-04 11:56:33,-0.00015384615384845222
2019-04-04 11:56:34,-0.00015384615384774272
2019-04-04 11:56:35,-0.00015384615384703149
2019-04-04 11:56:36,-0.00015384615384632025
2019-04-04 11:56:37,3.469446951953614e-18
2019-04-04 11:56:38,3.469446951953614e-18
2019-04-04 11:56:39,3.469446951953614e-18
2019-04-04 11:56:40,3.469446951953614e-18
2019-04-04 11:56:41,3.469446951953614e-18
2019-04-04 11:56:42,3.469446951953614e-18
2019-04-04 11:56:43,3.469446951953614e-18
2019-04-04 11:56:44,3.469446951953614e-18
2019-04-04 11:56:45,3.469446951953614e-18
2019-04-04 11:56:46,3.469446951953614e-18
2019-04-04 11:56:47,3.469446951953614e-18
2019-04-04 11:56:48,3.469446951953614e-18
2019-04-04 11:56:49,3.469446951953614e-18
2019-04-04 11:56:50,3.469446951953614e-18
2019-04-04 11:56:51,3.469446951953614e-18
2019-04-04 11:56:52,3.469446951953614e-18
2019-04-04 11:56:53,3.469446951953614e-18
2019-04-04 11:56:54,3.469446951953614e-18
2019-04-04 11:56:55,3.469446951953614e-18
2019-04-04 11:56:56,3.469446951953614e-18
2019-04-04 11:56:57,3.469446951953614e-18
2019-04-04 11:56:58,3.469446951953614e-18
2019-04-04 11:56:59,3.469446951953614e-18
2019-04-04 11:57:00,3.469446951953614e-18
2019-04-04 11:57:01,3.469446951953614e-18
2019-04-04 11:57:02,3.469446951953614e-18
2019-04-04 11:57:03,3.469446951953614e-18
2019-04-04 11:57:04,3.469446951953614e-18
2019-04-04 11:57:05,3.469446951953614e-18
2019-04-04 11:57:06,3.469446951953614e-18
2019-04-04 11:57:07,3.469446951953614e-18
2019-04-04 11:57:08,3.469446951953614e-18
2019-04-04 11:57:09,3.469446951953614e-18
2019-04-04 11:57:10,3.469446951953614e-18
2019-04-04 11:57:11,3.469446951953614e-18
2019-04-04 11:57:12,3.469446951953614e-18
2019-04-04 11:57:13,3.469446951953614e-18
2019-04-04 11:57:14,3.469446951953614e-18
2019-04-04 11:57:15,3.469446951953614e-18
2019-04-04 11:57:16,3.469446951953614e-18
2019-04-04 11:57:17,3.469446951953614e-18
2019-04-04 11:57:18,3.469446951953614e-18
2019-04-04 11:57:19,3.469446951953614e-18
2019-04-04 11:57:20,3.469446951953614e-18
2019-04-04 11:57:21,3.469446951953614e-18
2019-04-04 11:57:22,3.469446951953614e-18
2019-04-04 11:57:23,3.469446951953614e-18
2019-04-04 11:57:24,3.469446951953614e-18
2019-04-04 11:57:25,3.469446951953614e-18
2019-04-04 11:57:26,3.469446951953614e-18
2019-04-04 11:57:27,3.469446951953614e-18
2019-04-04 11:57:28,3.469446951953614e-18
2019-04-04 11:57:29,3.469446951953614e-18
2019-04-04 11:57:30,3.469446951953614e-18
2019-04-04 11:57:31,3.469446951953614e-18
2019-04-04 11:57:32,3.469446951953614e-18
2019-04-04 11:57:33,3.469446951953614e-18
2019-04-04 11:57:34,3.469446951953614e-18
2019-04-04 11:57:35,3.469446951953614e-18
2019-04-04 11:57:36,3.469446951953614e-18
2019-04-04 11:57:37,3.469446951953614e-18
2019-04-04 11:57:38,3.469446951953614e-18
2019-04-04 11:57:39,3.469446951953614e-18
2019-04-04 11:57:40,3.469446951953614e-18
2019-04-04 11:57:41,3.469446951953614e-18
2019-04-04 11:57:42,3.469446951953614e-18
2019-04-04 11:57:43,3.469446951953614e-18
2019-04-04 11:57:44,3.469446951953614e-18
2019-04-04 11:57:45,3.469446951953614e-18
2019-04-04 11:57:46,3.469446951953614e-18
2019-04-04 11:57:47,3.469446951953614e-18
2019-04-04 11:57:48,3.469446951953614e-18
2019-04-04 11:57:49,3.469446951953614e-18
2019-04-04 11:57:50,3.469446951953614e-18
2019-04-04 11:57:51,3.469446951953614e-18
2019-04-04 11:57:52,3.469446951953614e-18
2019-04-04 11:57:53,3.469446951953614e-18
2019-04-04 11:57:54,3.469446951953614e-18
2019-04-04 11:57:55,3.469446951953614e-18
2019-04-04 11:57:56,3.469446951953614e-18
2019-04-04 11:57:57,3.469446951953614e-18
2019-04-04 11:57:58,3.469446951953614e-18
2019-04-04 11:57:59,3.469446951953614e-18
2019-04-04 11:58:00,3.469446951953614e-18
2019-04-04 11:58:01,3.469446951953614e-18
2019-04-04 11:58:02,3.469446951953614e-18
2019-04-04 11:58:03,3.469446951953614e-18
2019-04-04 11:58:04,3.469446951953614e-18
2019-04-04 11:58:05,3.469446951953614e-18
2019-04-04 11:58:06,3.469446951953614e-18
2019-04-04 11:58:07,3.469446951953614e-18
2019-04-04 11:58:08,3.469446951953614e-18
2019-04-04 11:58:09,3.469446951953614e-18
2019-04-04 11:58:10,3.469446951953614e-18
2019-04-04 11:58:11,3.469446951953614e-18
2019-04-04 11:58:12,3.469446951953614e-18
2019-04-04 11:58:13,3.469446951953614e-18
2019-04-04 11:58:14,3.469446951953614e-18
2019-04-04 11:58:15,3.469446951953614e-18
2019-04-04 11:58:16,3.469446951953614e-18
2019-04-04 11:58:17,3.469446951953614e-18
2019-04-04 11:58:18,3.469446951953614e-18
2019-04-04 11:58:19,3.469446951953614e-18
2019-04-04 11:58:20,3.469446951953614e-18
2019-04-04 11:58:21,3.469446951953614e-18
2019-04-04 11:58:22,3.469446951953614e-18
2019-04-04 11:58:23,3.469446951953614e-18
2019-04-04 11:58:24,3.469446951953614e-18
2019-04-04 11:58:25,3.469446951953614e-18
2019-04-04 11:58:26,3.469446951953614e-18
2019-04-04 11:58:27,3.469446951953614e-18
2019-04-04 11:58:28,3.469446951953614e-18
2019-04-04 11:58:29,3.469446951953614e-18
2019-04-04 11:58:30,3.469446951953614e-18
2019-04-04 11:58:31,3.469446951953614e-18
2019-04-04 11:58:32,3.469446951953614e-18
2019-04-04 11:58:33,3.469446951953614e-18
2019-04-04 11:58:34,3.469446951953614e-18
2019-04-04 11:58:35,3.469446951953614e-18
2019-04-04 11:58:36,3.469446951953614e-18
2019-04-04 11:58:37,3.469446951953614e-18
2019-04-04 11:58:38,3.469446951953614e-18
2019-04-04 11:58:39,3.469446951953614e-18
2019-04-04 11:58:40,3.469446951953614e-18
2019-04-04 11:58:41,3.469446951953614e-18
2019-04-04 11:58:42,3.469446951953614e-18
2019-04-04 11:58:43,3.469446951953614e-18
2019-04-04 11:58:44,3.469446951953614e-18
2019-04-04 11:58:45,3.469446951953614e-18
2019-04-04 11:58:46,3.469446951953614e-18
2019-04-04 11:58:47,3.469446951953614e-18
2019-04-04 11:58:48,3.469446951953614e-18
2019-04-04 11:58:49,3.469446951953614e-18
2019-04-04 11:58:50,3.469446951953614e-18
2019-04-04 11:58:51,3.469446951953614e-18
2019-04-04 11:58:52,3.469446951953614e-18
2019-04-04 11:58:53,3.469446951953614e-18
2019-04-04 11:58:54,3.469446951953614e-18
2019-04-04 11:58:55,3.469446951953614e-18
2019-04-04 11:58:56,3.469446951953614e-18
2019-04-04 11:58:57,3.469446951953614e-18
2019-04-04 11:58:58,3.469446951953614e-18
2019-04-04 11:58:59,3.469446951953614e-18
2019-04-04 11:59:00,3.469446951953614e-18
2019-04-04 11:59:01,3.469446951953614e-18
2019-04-04 11:59:02,3.469446951953614e-18
2019-04-04 11:59:03,3.469446951953614e-18
2019-04-04 11:59:04,3.469446951953614e-18
2019-04-04 11:59:05,3.469446951953614e-18
2019-04-04 11:59:06,3.469446951953614e-18
2019-04-04 11:59:07,3.469446951953614e-18
2019-04-04 11:59:08,3.469446951953614e-18
2019-04-04 11:59:09,3.469446951953614e-18
2019-04-04 11:59:10,3.469446951953614e-18
2019-04-04 11:59:11,3.469446951953614e-18
2019-04-04 11:59:12,3.469446951953614e-18
2019-04-04 11:59:13,3.469446951953614e-18
2019-04-04 11:59:14,3.469446951953614e-18
2019-04-04 11:59:15,3.469446951953614e-18
2019-04-04 11:59:16,3.469446951953614e-18
2019-04-04 11:59:17,3.469446951953614e-18
2019-04-04 11:59:18,3.469446951953614e-18
2019-04-04 11:59:19,3.469446951953614e-18
2019-04-04 11:59:20,3.469446951953614e-18
2019-04-04 11:59:21,3.469446951953614e-18
2019-04-04 11:59:22,3.469446951953614e-18
2019-04-04 11:59:23,3.469446951953614e-18
2019-04-04 11:59:24,3.469446951953614e-18
2019-04-04 11:59:25,3.469446951953614e-18
2019-04-04 11:59:26,3.469446951953614e-18
2019-04-04 11:59:27,3.469446951953614e-18
2019-04-04 11:59:28,3.469446951953614e-18
2019-04-04 11:59:29,3.469446951953614e-18
2019-04-04 11:59:30,3.469446951953614e-18
2019-04-04 11:59:31,3.469446951953614e-18
2019-04-04 11:59:32,-0.00012903225806123325
2019-04-04 11:59:33,-0.0001290322580619445
2019-04-04 11:59:34,-0.000129032258062654
2019-04-04 11:59:35,-0.00012903225806336523
2019-04-04 11:59:36,-0.00012903225806407473
2019-04-04 11:59:37,3.469446951953614e-18
2019-04-04 11:59:38,3.469446951953614e-18
2019-04-04 11:59:39,3.469446951953614e-18
2019-04-04 11:59:40,3.469446951953614e-18
2019-04-04 11:59:41,3.469446951953614e-18
2019-04-04 11:59:42,3.469446951953614e-18
2019-04-04 11:59:43,3.469446951953614e-18
2019-04-04 11:59:44,3.469446951953614e-18
2019-04-04 11:59:45,3.469446951953614e-18
2019-04-04 11:59:46,3.469446951953614e-18
2019-04-04 11:59:47,3.469446951953614e-18
2019-04-04 11:59:48,3.469446951953614e-18
2019-04-04 11:59:49,3.469446951953614e-18
2019-04-04 11:59:50,3.469446951953614e-18
2019-04-04 11:59:51,3.469446951953614e-18
2019-04-04 11:59:52,3.469446951953614e-18
2019-04-04 11:59:53,3.469446951953614e-18
2019-04-04 11:59:54,3.469446951953614e-18
2019-04-04 11:59:55,3.469446951953614e-18
2019-04-04 11:59:56,3.469446951953614e-18
2019-04-04 11:59:57,3.469446951953614e-18
2019-04-04 11:59:58,3.469446951953614e-18
2019-04-04 11:59:59,3.469446951953614e-18
2019-04-04 12:00:00,3.469446951953614e-18
2019-04-04 12:00:01,3.469446951953614e-18
2019-04-04 12:00:02,3.469446951953614e-18
2019-04-04 12:00:03,3.469446951953614e-18
2019-04-04 12:00:04,3.469446951953614e-18
2019-04-04 12:00:05,3.469446951953614e-18
2019-04-04 12:00:06,3.469446951953614e-18
2019-04-04 12:00:07,3.469446951953614e-18
2019-04-04 12:00:08,3.469446951953614e-18
2019-04-04 12:00:09,3.469446951953614e-18
2019-04-04 12:00:10,3.469446951953614e-18
2019-04-04 12:00:11,3.469446951953614e-18
2019-04-04 12:00:12,3.469446951953614e-18
2019-04-04 12:00:13,3.469446951953614e-18
2019-04-04 12:00:14,3.469446951953614e-18
2019-04-04 12:00:15,3.469446951953614e-18
2019-04-04 12:00:16,3.469446951953614e-18
2019-04-04 12:00:17,3.469446951953614e-18
2019-04-04 12:00:18,3.469446951953614e-18
2019-04-04 12:00:19,3.469446951953614e-18
2019-04-04 12:00:20,3.469446951953614e-18
2019-04-04 12:00:21,3.469446951953614e-18
2019-04-04 12:00:22,3.469446951953614e-18
2019-04-04 12:00:23,3.469446951953614e-18
2019-04-04 12:00:24,3.469446951953614e-18
2019-04-04 12:00:25,3.469446951953614e-18
2019-04-04 12:00:26,3.469446951953614e-18
2019-04-04 12:00:27,3.469446951953614e-18
2019-04-04 12:00:28,3.469446951953614e-18
2019-04-04 12:00:29,3.469446951953614e-18
2019-04-04 12:00:30,3.469446951953614e-18
2019-04-04 12:00:31,3.469446951953614e-18
2019-04-04 12:00:32,3.469446951953614e-18
2019-04-04 12:00:33,3.469446951953614e-18
2019-04-04 12:00:34,3.469446951953614e-18
2019-04-04 12:00:35,3.469446951953614e-18
2019-04-04 12:00:36,3.469446951953614e-18
2019-04-04 12:00:37,3.469446951953614e-18
2019-04-04 12:00:38,3.469446951953614e-18
2019-04-04 12:00:39,3.469446951953614e-18
2019-04-04 12:00:40,3.469446951953614e-18
2019-04-04 12:00:41,3.469446951953614e-18
2019-04-04 12:00:42,3.469446951953614e-18
2019-04-04 12:00:43,3.469446951953614e-18
2019-04-04 12:00:44,3.469446951953614e-18
2019-04-04 12:00:45,3.469446951953614e-18
2019-04-04 12:00:46,3.469446951953614e-18
2019-04-04 12:00:47,3.469446951953614e-18
2019-04-04 12:00:48,3.469446951953614e-18
2019-04-04 12:00:49,3.469446951953614e-18
2019-04-04 12:00:50,3.469446951953614e-18
2019-04-04 12:00:51,3.469446951953614e-18
2019-04-04 12:00:52,3.469446951953614e-18
2019-04-04 12:00:53,3.469446951953614e-18
2019-04-04 12:00:54,3.469446951953614e-18
2019-04-04 12:00:55,3.469446951953614e-18
2019-04-04 12:00:56,3.469446951953614e-18
2019-04-04 12:00:57,3.469446951953614e-18
2019-04-04 12:00:58,3.469446951953614e-18
2019-04-04 12:00:59,3.469446951953614e-18
2019-04-04 12:01:00,3.469446951953614e-18
2019-04-04 12:01:01,3.469446951953614e-18
2019-04-04 12:01:02,3.469446951953614e-18
2019-04-04 12:01:03,3.469446951953614e-18
2019-04-04 12:01:04,3.469446951953614e-18
2019-04-04 12:01:05,3.469446951953614e-18
2019-04-04 12:01:06,3.469446951953614e-18
2019-04-04 12:01:07,3.469446951953614e-18
2019-04-04 12:01:08,3.469446951953614e-18
2019-04-04 12:01:09,3.469446951953614e-18
2019-04-04 12:01:10,3.469446951953614e-18
2019-04-04 12:01:11,3.469446951953614e-18
2019-04-04 12:01:12,3.469446951953614e-18
2019-04-04 12:01:13,3.469446951953614e-18
2019-04-04 12:01:14,3.469446951953614e-18
2019-04-04 12:01:15,3.469446951953614e-18
2019-04-04 12:01:16,3.469446951953614e-18
2019-04-04 12:01:17,3.469446951953614e-18
2019-04-04 12:01:18,3.469446951953614e-18
2019-04-04 12:01:19,3.469446951953614e-18
2019-04-04 12:01:20,3.469446951953614e-18
2019-04-04 12:01:21,-0.0004705882352973225
2019-04-04 12:01:22,-0.000470588235296613
2019-04-04 12:01:23,-0.00047058823529590177
2019-04-04 12:01:24,-0.00047058823529519053
2019-04-04 12:01:25,-0.00047058823529448103
2019-04-04 12:01:26,3.469446951953614e-18
2019-04-04 12:01:27,3.469446951953614e-18
2019-04-04 12:01:28,3.469446951953614e-18
2019-04-04 12:01:29,3.469446951953614e-18
2019-04-04 12:01:30,3.469446951953614e-18
2019-04-04 12:01:31,3.469446951953614e-18
2019-04-04 12:01:32,3.469446951953614e-18
2019-04-04 12:01:33,3.469446951953614e-18
2019-04-04 12:01:34,3.469446951953614e-18
2019-04-04 12:01:35,3.469446951953614e-18
2019-04-04 12:01:36,3.469446951953614e-18
2019-04-04 12:01:37,3.469446951953614e-18
2019-04-04 12:01:38,3.469446951953614e-18
2019-04-04 12:01:39,3.469446951953614e-18
2019-04-04 12:01:40,3.469446951953614e-18
2019-04-04 12:01:41,3.469446951953614e-18
2019-04-04 12:01:42,3.469446951953614e-18
2019-04-04 12:01:43,3.469446951953614e-18
2019-04-04 12:01:44,3.469446951953614e-18
2019-04-04 12:01:45,3.469446951953614e-18
2019-04-04 12:01:46,3.469446951953614e-18
2019-04-04 12:01:47,-0.00014814814814495883
2019-04-04 12:01:48,-0.00014814814814566833
2019-04-04 12:01:49,-0.00014814814814637957
2019-04-04 12:01:50,-0.00014814814814708907
2019-04-04 12:01:51,-0.0001481481481478003
2019-04-04 12:01:52,3.469446951953614e-18
2019-04-04 12:01:53,3.469446951953614e-18
2019-04-04 12:01:54,3.469446951953614e-18
2019-04-04 12:01:55,3.469446951953614e-18
2019-04-04 12:01:56,3.469446951953614e-18
2019-04-04 12:01:57,3.469446951953614e-18
2019-04-04 12:01:58,3.469446951953614e-18
2019-04-04 12:01:59,3.469446951953614e-18
2019-04-04 12:02:00,3.469446951953614e-18
2019-04-04 12:02:01,3.469446951953614e-18
2019-04-04 12:02:02,3.469446951953614e-18
2019-04-04 12:02:03,3.469446951953614e-18
2019-04-04 12:02:04,3.469446951953614e-18
2019-04-04 12:02:05,3.469446951953614e-18
2019-04-04 12:02:06,3.469446951953614e-18
2019-04-04 12:02:07,3.469446951953614e-18
2019-04-04 12:02:08,3.469446951953614e-18
2019-04-04 12:02:09,3.469446951953614e-18
2019-04-04 12:02:10,3.469446951953614e-18
2019-04-04 12:02:11,3.469446951953614e-18
2019-04-04 12:02:12,3.469446951953614e-18
2019-04-04 12:02:13,3.469446951953614e-18
2019-04-04 12:02:14,3.469446951953614e-18
2019-04-04 12:02:15,3.469446951953614e-18
2019-04-04 12:02:16,3.469446951953614e-18
2019-04-04 12:02:17,3.469446951953614e-18
2019-04-04 12:02:18,3.469446951953614e-18
2019-04-04 12:02:19,3.469446951953614e-18
2019-04-04 12:02:20,3.469446951953614e-18
2019-04-04 12:02:21,3.469446951953614e-18
2019-04-04 12:02:22,3.469446951953614e-18
2019-04-04 12:02:23,3.469446951953614e-18
2019-04-04 12:02:24,3.469446951953614e-18
2019-04-04 12:02:25,3.469446951953614e-18
2019-04-04 12:02:26,3.469446951953614e-18
2019-04-04 12:02:27,3.469446951953614e-18
2019-04-04 12:02:28,3.469446951953614e-18
2019-04-04 12:02:29,3.469446951953614e-18
2019-04-04 12:02:30,3.469446951953614e-18
2019-04-04 12:02:31,3.469446951953614e-18
2019-04-04 12:02:32,3.469446951953614e-18
2019-04-04 12:02:33,3.469446951953614e-18
2019-04-04 12:02:34,3.469446951953614e-18
2019-04-04 12:02:35,3.469446951953614e-18
2019-04-04 12:02:36,3.469446951953614e-18
2019-04-04 12:02:37,3.469446951953614e-18
2019-04-04 12:02:38,3.469446951953614e-18
2019-04-04 12:02:39,3.469446951953614e-18
2019-04-04 12:02:40,3.469446951953614e-18
2019-04-04 12:02:41,3.469446951953614e-18
2019-04-04 12:02:42,3.469446951953614e-18
2019-04-04 12:02:43,3.469446951953614e-18
2019-04-04 12:02:44,3.469446951953614e-18
2019-04-04 12:02:45,3.469446951953614e-18
2019-04-04 12:02:46,3.469446951953614e-18
2019-04-04 12:02:47,3.469446951953614e-18
2019-04-04 12:02:48,3.469446951953614e-18
2019-04-04 12:02:49,3.469446951953614e-18
2019-04-04 12:02:50,3.469446951953614e-18
2019-04-04 12:02:51,3.469446951953614e-18
2019-04-04 12:02:52,3.469446951953614e-18
2019-04-04 12:02:53,3.469446951953614e-18
2019-04-04 12:02:54,3.469446951953614e-18
2019-04-04 12:02:55,3.469446951953614e-18
2019-04-04 12:02:56,3.469446951953614e-18
2019-04-04 12:02:57,3.469446951953614e-18
2019-04-04 12:02:58,3.469446951953614e-18
2019-04-04 12:02:59,3.469446951953614e-18
2019-04-04 12:03:00,3.469446951953614e-18
2019-04-04 12:03:01,3.469446951953614e-18
2019-04-04 12:03:02,3.469446951953614e-18
2019-04-04 12:03:03,3.469446951953614e-18
2019-04-04 12:03:04,3.469446951953614e-18
2019-04-04 12:03:05,3.469446951953614e-18
2019-04-04 12:03:06,3.469446951953614e-18
2019-04-04 12:03:07,3.469446951953614e-18
2019-04-04 12:03:08,3.469446951953614e-18
2019-04-04 12:03:09,3.469446951953614e-18
2019-04-04 12:03:10,3.469446951953614e-18
2019-04-04 12:03:11,3.469446951953614e-18
2019-04-04 12:03:12,3.469446951953614e-18
2019-04-04 12:03:13,3.469446951953614e-18
2019-04-04 12:03:14,3.469446951953614e-18
2019-04-04 12:03:15,3.469446951953614e-18
2019-04-04 12:03:16,3.469446951953614e-18
2019-04-04 12:03:17,3.469446951953614e-18
2019-04-04 12:03:18,3.469446951953614e-18
2019-04-04 12:03:19,3.469446951953614e-18
2019-04-04 12:03:20,3.469446951953614e-18
2019-04-04 12:03:21,3.469446951953614e-18
2019-04-04 12:03:22,3.469446951953614e-18
2019-04-04 12:03:23,3.469446951953614e-18
2019-04-04 12:03:24,3.469446951953614e-18
2019-04-04 12:03:25,3.469446951953614e-18
2019-04-04 12:03:26,3.469446951953614e-18
2019-04-04 12:03:27,3.469446951953614e-18
2019-04-04 12:03:28,3.469446951953614e-18
2019-04-04 12:03:29,3.469446951953614e-18
2019-04-04 12:03:30,3.469446951953614e-18
2019-04-04 12:03:31,3.469446951953614e-18
2019-04-04 12:03:32,3.469446951953614e-18
2019-04-04 12:03:33,3.469446951953614e-18
2019-04-04 12:03:34,3.469446951953614e-18
2019-04-04 12:03:35,3.469446951953614e-18
2019-04-04 12:03:36,3.469446951953614e-18
2019-04-04 12:03:37,3.469446951953614e-18
2019-04-04 12:03:38,3.469446951953614e-18
2019-04-04 12:03:39,3.469446951953614e-18
2019-04-04 12:03:40,3.469446951953614e-18
2019-04-04 12:03:41,3.469446951953614e-18
2019-04-04 12:03:42,3.469446951953614e-18
2019-04-04 12:03:43,3.469446951953614e-18
2019-04-04 12:03:44,3.469446951953614e-18
2019-04-04 12:03:45,3.469446951953614e-18
2019-04-04 12:03:46,3.469446951953614e-18
2019-04-04 12:03:47,3.469446951953614e-18
2019-04-04 12:03:48,3.469446951953614e-18
2019-04-04 12:03:49,3.469446951953614e-18
2019-04-04 12:03:50,3.469446951953614e-18
2019-04-04 12:03:51,3.469446951953614e-18
2019-04-04 12:03:52,3.469446951953614e-18
2019-04-04 12:03:53,3.469446951953614e-18
2019-04-04 12:03:54,3.469446951953614e-18
2019-04-04 12:03:55,3.469446951953614e-18
2019-04-04 12:03:56,3.469446951953614e-18
2019-04-04 12:03:57,3.469446951953614e-18
2019-04-04 12:03:58,3.469446951953614e-18
2019-04-04 12:03:59,3.469446951953614e-18
2019-04-04 12:04:00,3.469446951953614e-18
2019-04-04 12:04:01,3.469446951953614e-18
2019-04-04 12:04:02,3.469446951953614e-18
2019-04-04 12:04:03,3.469446951953614e-18
2019-04-04 12:04:04,3.469446951953614e-18
2019-04-04 12:04:05,3.469446951953614e-18
2019-04-04 12:04:06,3.469446951953614e-18
2019-04-04 12:04:07,3.469446951953614e-18
2019-04-04 12:04:08,3.469446951953614e-18
2019-04-04 12:04:09,3.469446951953614e-18
2019-04-04 12:04:10,3.469446951953614e-18
2019-04-04 12:04:11,3.469446951953614e-18
2019-04-04 12:04:12,3.469446951953614e-18
2019-04-04 12:04:13,3.469446951953614e-18
2019-04-04 12:04:14,3.469446951953614e-18
2019-04-04 12:04:15,3.469446951953614e-18
2019-04-04 12:04:16,3.469446951953614e-18
2019-04-04 12:04:17,3.469446951953614e-18
2019-04-04 12:04:18,3.469446951953614e-18
2019-04-04 12:04:19,3.469446951953614e-18
2019-04-04 12:04:20,3.469446951953614e-18
2019-04-04 12:04:21,3.469446951953614e-18
2019-04-04 12:04:22,3.469446951953614e-18
2019-04-04 12:04:23,3.469446951953614e-18
2019-04-04 12:04:24,3.469446951953614e-18
2019-04-04 12:04:25,3.469446951953614e-18
2019-04-04 12:04:26,3.469446951953614e-18
2019-04-04 12:04:27,3.469446951953614e-18
2019-04-04 12:04:28,3.469446951953614e-18
2019-04-04 12:04:29,3.469446951953614e-18
2019-04-04 12:04:30,3.469446951953614e-18
2019-04-04 12:04:31,3.469446951953614e-18
2019-04-04 12:04:32,3.469446951953614e-18
2019-04-04 12:04:33,3.469446951953614e-18
2019-04-04 12:04:34,3.469446951953614e-18
2019-04-04 12:04:35,3.469446951953614e-18
2019-04-04 12:04:36,3.469446951953614e-18
2019-04-04 12:04:37,3.469446951953614e-18
2019-04-04 12:04:38,3.469446951953614e-18
2019-04-04 12:04:39,3.469446951953614e-18
2019-04-04 12:04:40,3.469446951953614e-18
2019-04-04 12:04:41,3.469446951953614e-18
2019-04-04 12:04:42,3.469446951953614e-18
2019-04-04 12:04:43,3.469446951953614e-18
2019-04-04 12:04:44,3.469446951953614e-18
2019-04-04 12:04:45,3.469446951953614e-18
2019-04-04 12:04:46,3.469446951953614e-18
2019-04-04 12:04:47,3.469446951953614e-18
2019-04-04 12:04:48,3.469446951953614e-18
2019-04-04 12:04:49,3.469446951953614e-18
2019-04-04 12:04:50,3.469446951953614e-18
2019-04-04 12:04:51,3.469446951953614e-18
2019-04-04 12:04:52,3.469446951953614e-18
2019-04-04 12:04:53,3.469446951953614e-18
2019-04-04 12:04:54,3.469446951953614e-18
2019-04-04 12:04:55,3.469446951953614e-18
2019-04-04 12:04:56,3.469446951953614e-18
2019-04-04 12:04:57,3.469446951953614e-18
2019-04-04 12:04:58,3.469446951953614e-18
2019-04-04 12:04:59,3.469446951953614e-18
2019-04-04 12:05:00,3.469446951953614e-18
2019-04-04 12:05:01,3.469446951953614e-18
2019-04-04 12:05:02,3.469446951953614e-18
2019-04-04 12:05:03,3.469446951953614e-18
2019-04-04 12:05:04,3.469446951953614e-18
2019-04-04 12:05:05,3.469446951953614e-18
2019-04-04 12:05:06,3.469446951953614e-18
2019-04-04 12:05:07,3.469446951953614e-18
2019-04-04 12:05:08,3.469446951953614e-18
2019-04-04 12:05:09,3.469446951953614e-18
2019-04-04 12:05:10,3.469446951953614e-18
2019-04-04 12:05:11,3.469446951953614e-18
2019-04-04 12:05:12,3.469446951953614e-18
2019-04-04 12:05:13,3.469446951953614e-18
2019-04-04 12:05:14,3.469446951953614e-18
2019-04-04 12:05:15,3.469446951953614e-18
2019-04-04 12:05:16,3.469446951953614e-18
2019-04-04 12:05:17,3.469446951953614e-18
2019-04-04 12:05:18,3.469446951953614e-18
2019-04-04 12:05:19,3.469446951953614e-18
2019-04-04 12:05:20,3.469446951953614e-18
2019-04-04 12:05:21,3.469446951953614e-18
2019-04-04 12:05:22,3.469446951953614e-18
2019-04-04 12:05:23,3.469446951953614e-18
2019-04-04 12:05:24,3.469446951953614e-18
2019-04-04 12:05:25,3.469446951953614e-18
2019-04-04 12:05:26,3.469446951953614e-18
2019-04-04 12:05:27,3.469446951953614e-18
2019-04-04 12:05:28,3.469446951953614e-18
2019-04-04 12:05:29,3.469446951953614e-18
2019-04-04 12:05:30,3.469446951953614e-18
2019-04-04 12:05:31,3.469446951953614e-18
2019-04-04 12:05:32,3.469446951953614e-18
2019-04-04 12:05:33,3.469446951953614e-18
2019-04-04 12:05:34,3.469446951953614e-18
2019-04-04 12:05:35,3.469446951953614e-18
2019-04-04 12:05:36,3.469446951953614e-18
2019-04-04 12:05:37,3.469446951953614e-18
2019-04-04 12:05:38,3.469446951953614e-18
2019-04-04 12:05:39,3.469446951953614e-18
2019-04-04 12:05:40,3.469446951953614e-18
2019-04-04 12:05:41,3.469446951953614e-18
2019-04-04 12:05:42,3.469446951953614e-18
2019-04-04 12:05:43,3.469446951953614e-18
2019-04-04 12:05:44,3.469446951953614e-18
2019-04-04 12:05:45,3.469446951953614e-18
2019-04-04 12:05:46,3.469446951953614e-18
2019-04-04 12:05:47,3.469446951953614e-18
2019-04-04 12:05:48,3.469446951953614e-18
2019-04-04 12:05:49,3.469446951953614e-18
2019-04-04 12:05:50,3.469446951953614e-18
2019-04-04 12:05:51,3.469446951953614e-18
2019-04-04 12:05:52,3.469446951953614e-18
2019-04-04 12:05:53,3.469446951953614e-18
2019-04-04 12:05:54,3.469446951953614e-18
2019-04-04 12:05:55,3.469446951953614e-18
2019-04-04 12:05:56,3.469446951953614e-18
2019-04-04 12:05:57,3.469446951953614e-18
2019-04-04 12:05:58,3.469446951953614e-18
2019-04-04 12:05:59,3.469446951953614e-18
2019-04-04 12:06:00,3.469446951953614e-18
2019-04-04 12:06:01,3.469446951953614e-18
2019-04-04 12:06:02,3.469446951953614e-18
2019-04-04 12:06:03,3.469446951953614e-18
2019-04-04 12:06:04,3.469446951953614e-18
2019-04-04 12:06:05,3.469446951953614e-18
2019-04-04 12:06:06,3.469446951953614e-18
2019-04-04 12:06:07,3.469446951953614e-18
2019-04-04 12:06:08,3.469446951953614e-18
2019-04-04 12:06:09,3.469446951953614e-18
2019-04-04 12:06:10,3.469446951953614e-18
2019-04-04 12:06:11,3.469446951953614e-18
2019-04-04 12:06:12,3.469446951953614e-18
2019-04-04 12:06:13,3.469446951953614e-18
2019-04-04 12:06:14,3.469446951953614e-18
2019-04-04 12:06:15,3.469446951953614e-18
2019-04-04 12:06:16,3.469446951953614e-18
2019-04-04 12:06:17,3.469446951953614e-18
2019-04-04 12:06:18,3.469446951953614e-18
2019-04-04 12:06:19,3.469446951953614e-18
2019-04-04 12:06:20,3.469446951953614e-18
2019-04-04 12:06:21,3.469446951953614e-18
2019-04-04 12:06:22,3.469446951953614e-18
2019-04-04 12:06:23,3.469446951953614e-18
2019-04-04 12:06:24,3.469446951953614e-18
2019-04-04 12:06:25,3.469446951953614e-18
2019-04-04 12:06:26,3.469446951953614e-18
2019-04-04 12:06:27,3.469446951953614e-18
2019-04-04 12:06:28,3.469446951953614e-18
2019-04-04 12:06:29,3.469446951953614e-18
2019-04-04 12:06:30,3.469446951953614e-18
2019-04-04 12:06:31,3.469446951953614e-18
2019-04-04 12:06:32,3.469446951953614e-18
2019-04-04 12:06:33,3.469446951953614e-18
2019-04-04 12:06:34,3.469446951953614e-18
2019-04-04 12:06:35,3.469446951953614e-18
2019-04-04 12:06:36,3.469446951953614e-18
2019-04-04 12:06:37,3.469446951953614e-18
2019-04-04 12:06:38,3.469446951953614e-18
2019-04-04 12:06:39,3.469446951953614e-18
2019-04-04 12:06:40,3.469446951953614e-18
2019-04-04 12:06:41,3.469446951953614e-18
2019-04-04 12:06:42,3.469446951953614e-18
2019-04-04 12:06:43,3.469446951953614e-18
2019-04-04 12:06:44,3.469446951953614e-18
2019-04-04 12:06:45,3.469446951953614e-18
2019-04-04 12:06:46,3.469446951953614e-18
2019-04-04 12:06:47,3.469446951953614e-18
2019-04-04 12:06:48,3.469446951953614e-18
2019-04-04 12:06:49,3.469446951953614e-18
2019-04-04 12:06:50,3.469446951953614e-18
2019-04-04 12:06:51,3.469446951953614e-18
2019-04-04 12:06:52,3.469446951953614e-18
2019-04-04 12:06:53,3.469446951953614e-18
2019-04-04 12:06:54,3.469446951953614e-18
2019-04-04 12:06:55,3.469446951953614e-18
2019-04-04 12:06:56,3.469446951953614e-18
2019-04-04 12:06:57,3.469446951953614e-18
2019-04-04 12:06:58,3.469446951953614e-18
2019-04-04 12:06:59,3.469446951953614e-18
2019-04-04 12:07:00,3.469446951953614e-18
2019-04-04 12:07:01,3.469446951953614e-18
2019-04-04 12:07:02,3.469446951953614e-18
2019-04-04 12:07:03,3.469446951953614e-18
2019-04-04 12:07:04,3.469446951953614e-18
2019-04-04 12:07:05,3.469446951953614e-18
2019-04-04 12:07:06,3.469446951953614e-18
2019-04-04 12:07:07,3.469446951953614e-18
2019-04-04 12:07:08,3.469446951953614e-18
2019-04-04 12:07:09,3.469446951953614e-18
2019-04-04 12:07:10,3.469446951953614e-18
2019-04-04 12:07:11,3.469446951953614e-18
2019-04-04 12:07:12,3.469446951953614e-18
2019-04-04 12:07:13,3.469446951953614e-18
2019-04-04 12:07:14,3.469446951953614e-18
2019-04-04 12:07:15,3.469446951953614e-18
2019-04-04 12:07:16,3.469446951953614e-18
2019-04-04 12:07:17,3.469446951953614e-18
2019-04-04 12:07:18,3.469446951953614e-18
2019-04-04 12:07:19,3.469446951953614e-18
2019-04-04 12:07:20,3.469446951953614e-18
2019-04-04 12:07:21,3.469446951953614e-18
2019-04-04 12:07:22,3.469446951953614e-18
2019-04-04 12:07:23,3.469446951953614e-18
2019-04-04 12:07:24,3.469446951953614e-18
2019-04-04 12:07:25,3.469446951953614e-18
2019-04-04 12:07:26,3.469446951953614e-18
2019-04-04 12:07:27,3.469446951953614e-18
2019-04-04 12:07:28,3.469446951953614e-18
2019-04-04 12:07:29,3.469446951953614e-18
2019-04-04 12:07:30,3.469446951953614e-18
2019-04-04 12:07:31,3.469446951953614e-18
2019-04-04 12:07:32,3.469446951953614e-18
2019-04-04 12:07:33,3.469446951953614e-18
2019-04-04 12:07:34,3.469446951953614e-18
2019-04-04 12:07:35,3.469446951953614e-18
2019-04-04 12:07:36,3.469446951953614e-18
2019-04-04 12:07:37,3.469446951953614e-18
2019-04-04 12:07:38,3.469446951953614e-18
2019-04-04 12:07:39,3.469446951953614e-18
2019-04-04 12:07:40,3.469446951953614e-18
2019-04-04 12:07:41,3.469446951953614e-18
2019-04-04 12:07:42,3.469446951953614e-18
2019-04-04 12:07:43,3.469446951953614e-18
2019-04-04 12:07:44,3.469446951953614e-18
2019-04-04 12:07:45,3.469446951953614e-18
2019-04-04 12:07:46,3.469446951953614e-18
2019-04-04 12:07:47,3.469446951953614e-18
2019-04-04 12:07:48,3.469446951953614e-18
2019-04-04 12:07:49,3.469446951953614e-18
2019-04-04 12:07:50,3.469446951953614e-18
2019-04-04 12:07:51,3.469446951953614e-18
2019-04-04 12:07:52,3.469446951953614e-18
2019-04-04 12:07:53,3.469446951953614e-18
2019-04-04 12:07:54,3.469446951953614e-18
2019-04-04 12:07:55,3.469446951953614e-18
2019-04-04 12:07:56,3.469446951953614e-18
2019-04-04 12:07:57,3.469446951953614e-18
2019-04-04 12:07:58,3.469446951953614e-18
2019-04-04 12:07:59,3.469446951953614e-18
2019-04-04 12:08:00,3.469446951953614e-18
2019-04-04 12:08:01,3.469446951953614e-18
2019-04-04 12:08:02,3.469446951953614e-18
2019-04-04 12:08:03,3.469446951953614e-18
2019-04-04 12:08:04,3.469446951953614e-18
2019-04-04 12:08:05,3.469446951953614e-18
2019-04-04 12:08:06,3.469446951953614e-18
2019-04-04 12:08:07,3.469446951953614e-18
2019-04-04 12:08:08,3.469446951953614e-18
2019-04-04 12:08:09,3.469446951953614e-18
2019-04-04 12:08:10,3.469446951953614e-18
2019-04-04 12:08:11,3.469446951953614e-18
2019-04-04 12:08:12,3.469446951953614e-18
2019-04-04 12:08:13,3.469446951953614e-18
2019-04-04 12:08:14,3.469446951953614e-18
2019-04-04 12:08:15,3.469446951953614e-18
2019-04-04 12:08:16,3.469446951953614e-18
2019-04-04 12:08:17,3.469446951953614e-18
2019-04-04 12:08:18,3.469446951953614e-18
2019-04-04 12:08:19,3.469446951953614e-18
2019-04-04 12:08:20,3.469446951953614e-18
2019-04-04 12:08:21,3.469446951953614e-18
2019-04-04 12:08:22,3.469446951953614e-18
2019-04-04 12:08:23,3.469446951953614e-18
2019-04-04 12:08:24,3.469446951953614e-18
2019-04-04 12:08:25,3.469446951953614e-18
2019-04-04 12:08:26,3.469446951953614e-18
2019-04-04 12:08:27,3.469446951953614e-18
2019-04-04 12:08:28,3.469446951953614e-18
2019-04-04 12:08:29,3.469446951953614e-18
2019-04-04 12:08:30,3.469446951953614e-18
2019-04-04 12:08:31,3.469446951953614e-18
2019-04-04 12:08:32,3.469446951953614e-18
2019-04-04 12:08:33,3.469446951953614e-18
2019-04-04 12:08:34,3.469446951953614e-18
2019-04-04 12:08:35,3.469446951953614e-18
2019-04-04 12:08:36,3.469446951953614e-18
2019-04-04 12:08:37,3.469446951953614e-18
2019-04-04 12:08:38,3.469446951953614e-18
2019-04-04 12:08:39,3.469446951953614e-18
2019-04-04 12:08:40,-0.0003448275862098886
2019-04-04 12:08:41,-0.00034482758620917736
2019-04-04 12:08:42,-0.0003448275862084661
2019-04-04 12:08:43,-0.0003448275862077566
2019-04-04 12:08:44,-0.0003448275862070454
2019-04-04 12:08:45,3.469446951953614e-18
2019-04-04 12:08:46,3.469446951953614e-18
2019-04-04 12:08:47,3.469446951953614e-18
2019-04-04 12:08:48,3.469446951953614e-18
2019-04-04 12:08:49,3.469446951953614e-18
2019-04-04 12:08:50,3.469446951953614e-18
2019-04-04 12:08:51,3.469446951953614e-18
2019-04-04 12:08:52,3.469446951953614e-18
2019-04-04 12:08:53,3.469446951953614e-18
2019-04-04 12:08:54,3.469446951953614e-18
2019-04-04 12:08:55,3.469446951953614e-18
2019-04-04 12:08:56,3.469446951953614e-18
2019-04-04 12:08:57,3.469446951953614e-18
2019-04-04 12:08:58,3.469446951953614e-18
2019-04-04 12:08:59,3.469446951953614e-18
2019-04-04 12:09:00,3.469446951953614e-18
2019-04-04 12:09:01,3.469446951953614e-18
2019-04-04 12:09:02,3.469446951953614e-18
2019-04-04 12:09:03,3.469446951953614e-18
2019-04-04 12:09:04,3.469446951953614e-18
2019-04-04 12:09:05,3.469446951953614e-18
2019-04-04 12:09:06,3.469446951953614e-18
2019-04-04 12:09:07,3.469446951953614e-18
2019-04-04 12:09:08,3.469446951953614e-18
2019-04-04 12:09:09,3.469446951953614e-18
2019-04-04 12:09:10,3.469446951953614e-18
2019-04-04 12:09:11,3.469446951953614e-18
2019-04-04 12:09:12,3.469446951953614e-18
2019-04-04 12:09:13,3.469446951953614e-18
2019-04-04 12:09:14,3.469446951953614e-18
2019-04-04 12:09:15,3.469446951953614e-18
2019-04-04 12:09:16,3.469446951953614e-18
2019-04-04 12:09:17,3.469446951953614e-18
2019-04-04 12:09:18,3.469446951953614e-18
2019-04-04 12:09:19,3.469446951953614e-18
2019-04-04 12:09:20,3.469446951953614e-18
2019-04-04 12:09:21,3.469446951953614e-18
2019-04-04 12:09:22,3.469446951953614e-18
2019-04-04 12:09:23,3.469446951953614e-18
2019-04-04 12:09:24,3.469446951953614e-18
2019-04-04 12:09:25,3.469446951953614e-18
2019-04-04 12:09:26,3.469446951953614e-18
2019-04-04 12:09:27,3.469446951953614e-18
2019-04-04 12:09:28,3.469446951953614e-18
2019-04-04 12:09:29,3.469446951953614e-18
2019-04-04 12:09:30,3.469446951953614e-18
2019-04-04 12:09:31,3.469446951953614e-18
2019-04-04 12:09:32,3.469446951953614e-18
2019-04-04 12:09:33,3.469446951953614e-18
2019-04-04 12:09:34,3.469446951953614e-18
2019-04-04 12:09:35,3.469446951953614e-18
2019-04-04 12:09:36,3.469446951953614e-18
2019-04-04 12:09:37,3.469446951953614e-18
2019-04-04 12:09:38,3.469446951953614e-18
2019-04-04 12:09:39,3.469446951953614e-18
2019-04-04 12:09:40,3.469446951953614e-18
2019-04-04 12:09:41,3.469446951953614e-18
2019-04-04 12:09:42,3.469446951953614e-18
2019-04-04 12:09:43,3.469446951953614e-18
2019-04-04 12:09:44,3.469446951953614e-18
2019-04-04 12:09:45,3.469446951953614e-18
2019-04-04 12:09:46,3.469446951953614e-18
2019-04-04 12:09:47,3.469446951953614e-18
2019-04-04 12:09:48,3.469446951953614e-18
2019-04-04 12:09:49,3.469446951953614e-18
2019-04-04 12:09:50,3.469446951953614e-18
2019-04-04 12:09:51,3.469446951953614e-18
2019-04-04 12:09:52,3.469446951953614e-18
2019-04-04 12:09:53,3.469446951953614e-18
2019-04-04 12:09:54,3.469446951953614e-18
2019-04-04 12:09:55,3.469446951953614e-18
2019-04-04 12:09:56,3.469446951953614e-18
2019-04-04 12:09:57,3.469446951953614e-18
2019-04-04 12:09:58,3.469446951953614e-18
2019-04-04 12:09:59,3.469446951953614e-18
2019-04-04 12:10:00,3.469446951953614e-18
2019-04-04 12:10:01,3.469446951953614e-18
2019-04-04 12:10:02,3.469446951953614e-18
2019-04-04 12:10:03,3.469446951953614e-18
2019-04-04 12:10:04,3.469446951953614e-18
2019-04-04 12:10:05,3.469446951953614e-18
2019-04-04 12:10:06,3.469446951953614e-18
2019-04-04 12:10:07,3.469446951953614e-18
2019-04-04 12:10:08,3.469446951953614e-18
2019-04-04 12:10:09,3.469446951953614e-18
2019-04-04 12:10:10,3.469446951953614e-18
2019-04-04 12:10:11,3.469446951953614e-18
2019-04-04 12:10:12,3.469446951953614e-18
2019-04-04 12:10:13,3.469446951953614e-18
2019-04-04 12:10:14,3.469446951953614e-18
2019-04-04 12:10:15,3.469446951953614e-18
2019-04-04 12:10:16,3.469446951953614e-18
2019-04-04 12:10:17,3.469446951953614e-18
2019-04-04 12:10:18,3.469446951953614e-18
2019-04-04 12:10:19,3.469446951953614e-18
2019-04-04 12:10:20,3.469446951953614e-18
2019-04-04 12:10:21,3.469446951953614e-18
2019-04-04 12:10:22,3.469446951953614e-18
2019-04-04 12:10:23,3.469446951953614e-18
2019-04-04 12:10:24,3.469446951953614e-18
2019-04-04 12:10:25,3.469446951953614e-18
2019-04-04 12:10:26,3.469446951953614e-18
2019-04-04 12:10:27,3.469446951953614e-18
2019-04-04 12:10:28,3.469446951953614e-18
2019-04-04 12:10:29,3.469446951953614e-18
2019-04-04 12:10:30,3.469446951953614e-18
2019-04-04 12:10:31,3.469446951953614e-18
2019-04-04 12:10:32,3.469446951953614e-18
2019-04-04 12:10:33,3.469446951953614e-18
2019-04-04 12:10:34,3.469446951953614e-18
2019-04-04 12:10:35,3.469446951953614e-18
2019-04-04 12:10:36,3.469446951953614e-18
2019-04-04 12:10:37,3.469446951953614e-18
2019-04-04 12:10:38,3.469446951953614e-18
2019-04-04 12:10:39,3.469446951953614e-18
2019-04-04 12:10:40,3.469446951953614e-18
2019-04-04 12:10:41,3.469446951953614e-18
2019-04-04 12:10:42,3.469446951953614e-18
2019-04-04 12:10:43,3.469446951953614e-18
2019-04-04 12:10:44,3.469446951953614e-18
2019-04-04 12:10:45,3.469446951953614e-18
2019-04-04 12:10:46,3.469446951953614e-18
2019-04-04 12:10:47,3.469446951953614e-18
2019-04-04 12:10:48,3.469446951953614e-18
2019-04-04 12:10:49,3.469446951953614e-18
2019-04-04 12:10:50,3.469446951953614e-18
2019-04-04 12:10:51,3.469446951953614e-18
2019-04-04 12:10:52,3.469446951953614e-18
2019-04-04 12:10:53,3.469446951953614e-18
2019-04-04 12:10:54,3.469446951953614e-18
2019-04-04 12:10:55,3.469446951953614e-18
2019-04-04 12:10:56,3.469446951953614e-18
2019-04-04 12:10:57,3.469446951953614e-18
2019-04-04 12:10:58,3.469446951953614e-18
2019-04-04 12:10:59,3.469446951953614e-18
2019-04-04 12:11:00,3.469446951953614e-18
2019-04-04 12:11:01,3.469446951953614e-18
2019-04-04 12:11:02,3.469446951953614e-18
2019-04-04 12:11:03,3.469446951953614e-18
2019-04-04 12:11:04,3.469446951953614e-18
2019-04-04 12:11:05,3.469446951953614e-18
2019-04-04 12:11:06,3.469446951953614e-18
2019-04-04 12:11:07,3.469446951953614e-18
2019-04-04 12:11:08,3.469446951953614e-18
2019-04-04 12:11:09,3.469446951953614e-18
2019-04-04 12:11:10,3.469446951953614e-18
2019-04-04 12:11:11,3.469446951953614e-18
2019-04-04 12:11:12,3.469446951953614e-18
2019-04-04 12:11:13,3.469446951953614e-18
2019-04-04 12:11:14,3.469446951953614e-18
2019-04-04 12:11:15,3.469446951953614e-18
2019-04-04 12:11:16,3.469446951953614e-18
2019-04-04 12:11:17,3.469446951953614e-18
2019-04-04 12:11:18,3.469446951953614e-18
2019-04-04 12:11:19,3.469446951953614e-18
2019-04-04 12:11:20,3.469446951953614e-18
2019-04-04 12:11:21,3.469446951953614e-18
2019-04-04 12:11:22,3.469446951953614e-18
2019-04-04 12:11:23,3.469446951953614e-18
2019-04-04 12:11:24,3.469446951953614e-18
2019-04-04 12:11:25,3.469446951953614e-18
2019-04-04 12:11:26,3.469446951953614e-18
2019-04-04 12:11:27,3.469446951953614e-18
2019-04-04 12:11:28,3.469446951953614e-18
2019-04-04 12:11:29,3.469446951953614e-18
2019-04-04 12:11:30,3.469446951953614e-18
2019-04-04 12:11:31,3.469446951953614e-18
2019-04-04 12:11:32,3.469446951953614e-18
2019-04-04 12:11:33,3.469446951953614e-18
2019-04-04 12:11:34,3.469446951953614e-18
2019-04-04 12:11:35,3.469446951953614e-18
2019-04-04 12:11:36,3.469446951953614e-18
2019-04-04 12:11:37,3.469446951953614e-18
2019-04-04 12:11:38,3.469446951953614e-18
2019-04-04 12:11:39,3.469446951953614e-18
2019-04-04 12:11:40,3.469446951953614e-18
2019-04-04 12:11:41,3.469446951953614e-18
2019-04-04 12:11:42,3.469446951953614e-18
2019-04-04 12:11:43,3.469446951953614e-18
2019-04-04 12:11:44,3.469446951953614e-18
2019-04-04 12:11:45,3.469446951953614e-18
2019-04-04 12:11:46,3.469446951953614e-18
2019-04-04 12:11:47,3.469446951953614e-18
2019-04-04 12:11:48,3.469446951953614e-18
2019-04-04 12:11:49,3.469446951953614e-18
2019-04-04 12:11:50,3.469446951953614e-18
2019-04-04 12:11:51,3.469446951953614e-18
2019-04-04 12:11:52,3.469446951953614e-18
2019-04-04 12:11:53,3.469446951953614e-18
2019-04-04 12:11:54,3.469446951953614e-18
2019-04-04 12:11:55,3.469446951953614e-18
2019-04-04 12:11:56,3.469446951953614e-18
2019-04-04 12:11:57,3.469446951953614e-18
2019-04-04 12:11:58,3.469446951953614e-18
2019-04-04 12:11:59,3.469446951953614e-18
2019-04-04 12:12:00,3.469446951953614e-18
2019-04-04 12:12:01,3.469446951953614e-18
2019-04-04 12:12:02,3.469446951953614e-18
2019-04-04 12:12:03,3.469446951953614e-18
2019-04-04 12:12:04,3.469446951953614e-18
2019-04-04 12:12:05,3.469446951953614e-18
2019-04-04 12:12:06,3.469446951953614e-18
2019-04-04 12:12:07,3.469446951953614e-18
2019-04-04 12:12:08,3.469446951953614e-18
2019-04-04 12:12:09,3.469446951953614e-18
2019-04-04 12:12:10,3.469446951953614e-18
2019-04-04 12:12:11,3.469446951953614e-18
2019-04-04 12:12:12,3.469446951953614e-18
2019-04-04 12:12:13,3.469446951953614e-18
2019-04-04 12:12:14,3.469446951953614e-18
2019-04-04 12:12:15,3.469446951953614e-18
2019-04-04 12:12:16,3.469446951953614e-18
2019-04-04 12:12:17,3.469446951953614e-18
2019-04-04 12:12:18,3.469446951953614e-18
2019-04-04 12:12:19,3.469446951953614e-18
2019-04-04 12:12:20,3.469446951953614e-18
2019-04-04 12:12:21,3.469446951953614e-18
2019-04-04 12:12:22,3.469446951953614e-18
2019-04-04 12:12:23,3.469446951953614e-18
2019-04-04 12:12:24,3.469446951953614e-18
2019-04-04 12:12:25,3.469446951953614e-18
2019-04-04 12:12:26,3.469446951953614e-18
2019-04-04 12:12:27,3.469446951953614e-18
2019-04-04 12:12:28,3.469446951953614e-18
2019-04-04 12:12:29,3.469446951953614e-18
2019-04-04 12:12:30,3.469446951953614e-18
2019-04-04 12:12:31,3.469446951953614e-18
2019-04-04 12:12:32,3.469446951953614e-18
2019-04-04 12:12:33,3.469446951953614e-18
2019-04-04 12:12:34,3.469446951953614e-18
2019-04-04 12:12:35,3.469446951953614e-18
2019-04-04 12:12:36,3.469446951953614e-18
2019-04-04 12:12:37,3.469446951953614e-18
2019-04-04 12:12:38,3.469446951953614e-18
2019-04-04 12:12:39,3.469446951953614e-18
2019-04-04 12:12:40,3.469446951953614e-18
2019-04-04 12:12:41,3.469446951953614e-18
2019-04-04 12:12:42,3.469446951953614e-18
2019-04-04 12:12:43,3.469446951953614e-18
2019-04-04 12:12:44,3.469446951953614e-18
2019-04-04 12:12:45,3.469446951953614e-18
2019-04-04 12:12:46,3.469446951953614e-18
2019-04-04 12:12:47,3.469446951953614e-18
2019-04-04 12:12:48,3.469446951953614e-18
2019-04-04 12:12:49,3.469446951953614e-18
2019-04-04 12:12:50,3.469446951953614e-18
2019-04-04 12:12:51,3.469446951953614e-18
2019-04-04 12:12:52,3.469446951953614e-18
2019-04-04 12:12:53,3.469446951953614e-18
2019-04-04 12:12:54,3.469446951953614e-18
2019-04-04 12:12:55,3.469446951953614e-18
2019-04-04 12:12:56,3.469446951953614e-18
2019-04-04 12:12:57,3.469446951953614e-18
2019-04-04 12:12:58,3.469446951953614e-18
2019-04-04 12:12:59,3.469446951953614e-18
2019-04-04 12:13:00,3.469446951953614e-18
2019-04-04 12:13:01,3.469446951953614e-18
2019-04-04 12:13:02,3.469446951953614e-18
2019-04-04 12:13:03,3.469446951953614e-18
2019-04-04 12:13:04,3.469446951953614e-18
2019-04-04 12:13:05,3.469446951953614e-18
2019-04-04 12:13:06,3.469446951953614e-18
2019-04-04 12:13:07,3.469446951953614e-18
2019-04-04 12:13:08,3.469446951953614e-18
2019-04-04 12:13:09,3.469446951953614e-18
2019-04-04 12:13:10,3.469446951953614e-18
2019-04-04 12:13:11,3.469446951953614e-18
2019-04-04 12:13:12,3.469446951953614e-18
2019-04-04 12:13:13,3.469446951953614e-18
2019-04-04 12:13:14,3.469446951953614e-18
2019-04-04 12:13:15,3.469446951953614e-18
2019-04-04 12:13:16,3.469446951953614e-18
2019-04-04 12:13:17,3.469446951953614e-18
2019-04-04 12:13:18,3.469446951953614e-18
2019-04-04 12:13:19,3.469446951953614e-18
2019-04-04 12:13:20,3.469446951953614e-18
2019-04-04 12:13:21,3.469446951953614e-18
2019-04-04 12:13:22,3.469446951953614e-18
2019-04-04 12:13:23,3.469446951953614e-18
2019-04-04 12:13:24,3.469446951953614e-18
2019-04-04 12:13:25,3.469446951953614e-18
2019-04-04 12:13:26,3.469446951953614e-18
2019-04-04 12:13:27,3.469446951953614e-18
2019-04-04 12:13:28,3.469446951953614e-18
2019-04-04 12:13:29,3.469446951953614e-18
2019-04-04 12:13:30,3.469446951953614e-18
2019-04-04 12:13:31,3.469446951953614e-18
2019-04-04 12:13:32,3.469446951953614e-18
2019-04-04 12:13:33,3.469446951953614e-18
2019-04-04 12:13:34,3.469446951953614e-18
2019-04-04 12:13:35,3.469446951953614e-18
2019-04-04 12:13:36,3.469446951953614e-18
2019-04-04 12:13:37,3.469446951953614e-18
2019-04-04 12:13:38,3.469446951953614e-18
2019-04-04 12:13:39,3.469446951953614e-18
2019-04-04 12:13:40,3.469446951953614e-18
2019-04-04 12:13:41,3.469446951953614e-18
2019-04-04 12:13:42,3.469446951953614e-18
2019-04-04 12:13:43,3.469446951953614e-18
2019-04-04 12:13:44,3.469446951953614e-18
2019-04-04 12:13:45,3.469446951953614e-18
2019-04-04 12:13:46,3.469446951953614e-18
2019-04-04 12:13:47,3.469446951953614e-18
2019-04-04 12:13:48,3.469446951953614e-18
2019-04-04 12:13:49,3.469446951953614e-18
2019-04-04 12:13:50,3.469446951953614e-18
2019-04-04 12:13:51,3.469446951953614e-18
2019-04-04 12:13:52,3.469446951953614e-18
2019-04-04 12:13:53,3.469446951953614e-18
2019-04-04 12:13:54,3.469446951953614e-18
2019-04-04 12:13:55,3.469446951953614e-18
2019-04-04 12:13:56,3.469446951953614e-18
2019-04-04 12:13:57,3.469446951953614e-18
2019-04-04 12:13:58,3.469446951953614e-18
2019-04-04 12:13:59,3.469446951953614e-18
2019-04-04 12:14:00,3.469446951953614e-18
2019-04-04 12:14:01,3.469446951953614e-18
2019-04-04 12:14:02,3.469446951953614e-18
2019-04-04 12:14:03,3.469446951953614e-18
2019-04-04 12:14:04,3.469446951953614e-18
2019-04-04 12:14:05,3.469446951953614e-18
2019-04-04 12:14:06,3.469446951953614e-18
2019-04-04 12:14:07,3.469446951953614e-18
2019-04-04 12:14:08,3.469446951953614e-18
2019-04-04 12:14:09,3.469446951953614e-18
2019-04-04 12:14:10,3.469446951953614e-18
2019-04-04 12:14:11,3.469446951953614e-18
2019-04-04 12:14:12,3.469446951953614e-18
2019-04-04 12:14:13,3.469446951953614e-18
2019-04-04 12:14:14,3.469446951953614e-18
2019-04-04 12:14:15,3.469446951953614e-18
2019-04-04 12:14:16,3.469446951953614e-18
2019-04-04 12:14:17,3.469446951953614e-18
2019-04-04 12:14:18,3.469446951953614e-18
2019-04-04 12:14:19,3.469446951953614e-18
2019-04-04 12:14:20,3.469446951953614e-18
2019-04-04 12:14:21,-0.000782608695648895
2019-04-04 12:14:22,-0.0007826086956496062
2019-04-04 12:14:23,-0.0007826086956503157
2019-04-04 12:14:24,-0.000782608695651027
2019-04-04 12:14:25,-0.0007826086956517382
2019-04-04 12:14:26,3.469446951953614e-18
2019-04-04 12:14:27,3.469446951953614e-18
2019-04-04 12:14:28,3.469446951953614e-18
2019-04-04 12:14:29,3.469446951953614e-18
2019-04-04 12:14:30,3.469446951953614e-18
2019-04-04 12:14:31,3.469446951953614e-18
2019-04-04 12:14:32,3.469446951953614e-18
2019-04-04 12:14:33,3.469446951953614e-18
2019-04-04 12:14:34,3.469446951953614e-18
2019-04-04 12:14:35,3.469446951953614e-18
2019-04-04 12:14:36,3.469446951953614e-18
2019-04-04 12:14:37,3.469446951953614e-18
2019-04-04 12:14:38,3.469446951953614e-18
2019-04-04 12:14:39,3.469446951953614e-18
2019-04-04 12:14:40,3.469446951953614e-18
2019-04-04 12:14:41,3.469446951953614e-18
2019-04-04 12:14:42,3.469446951953614e-18
2019-04-04 12:14:43,3.469446951953614e-18
2019-04-04 12:14:44,3.469446951953614e-18
2019-04-04 12:14:45,3.469446951953614e-18
2019-04-04 12:14:46,3.469446951953614e-18
2019-04-04 12:14:47,3.469446951953614e-18
2019-04-04 12:14:48,3.469446951953614e-18
2019-04-04 12:14:49,3.469446951953614e-18
2019-04-04 12:14:50,3.469446951953614e-18
2019-04-04 12:14:51,3.469446951953614e-18
2019-04-04 12:14:52,3.469446951953614e-18
2019-04-04 12:14:53,3.469446951953614e-18
2019-04-04 12:14:54,3.469446951953614e-18
2019-04-04 12:14:55,3.469446951953614e-18
2019-04-04 12:14:56,3.469446951953614e-18
2019-04-04 12:14:57,3.469446951953614e-18
2019-04-04 12:14:58,3.469446951953614e-18
2019-04-04 12:14:59,3.469446951953614e-18
2019-04-04 12:15:00,3.469446951953614e-18
2019-04-04 12:15:01,3.469446951953614e-18
2019-04-04 12:15:02,3.469446951953614e-18
2019-04-04 12:15:03,3.469446951953614e-18
2019-04-04 12:15:04,3.469446951953614e-18
2019-04-04 12:15:05,3.469446951953614e-18
2019-04-04 12:15:06,3.469446951953614e-18
2019-04-04 12:15:07,-0.0006666666666697886
2019-04-04 12:15:08,-0.0006666666666690774
2019-04-04 12:15:09,-0.0006666666666683661
2019-04-04 12:15:10,-0.0006666666666676566
2019-04-04 12:15:11,-0.0006666666666669454
2019-04-04 12:15:12,-0.0001599999999970965
2019-04-04 12:15:13,-0.000159999999997806
2019-04-04 12:15:14,-0.00015999999999851723
2019-04-04 12:15:15,-0.00015999999999922673
2019-04-04 12:15:16,-0.00015999999999993797
2019-04-04 12:15:17,1.734723475976807e-18
2019-04-04 12:15:18,1.734723475976807e-18
2019-04-04 12:15:19,1.734723475976807e-18
2019-04-04 12:15:20,1.734723475976807e-18
2019-04-04 12:15:21,1.734723475976807e-18
2019-04-04 12:15:22,1.734723475976807e-18
2019-04-04 12:15:23,1.734723475976807e-18
2019-04-04 12:15:24,1.734723475976807e-18
2019-04-04 12:15:25,1.734723475976807e-18
2019-04-04 12:15:26,1.734723475976807e-18
2019-04-04 12:15:27,1.734723475976807e-18
2019-04-04 12:15:28,1.734723475976807e-18
2019-04-04 12:15:29,1.734723475976807e-18
2019-04-04 12:15:30,1.734723475976807e-18
2019-04-04 12:15:31,1.734723475976807e-18
2019-04-04 12:15:32,1.734723475976807e-18
2019-04-04 12:15:33,1.734723475976807e-18
2019-04-04 12:15:34,1.734723475976807e-18
2019-04-04 12:15:35,1.734723475976807e-18
2019-04-04 12:15:36,1.734723475976807e-18
2019-04-04 12:15:37,1.734723475976807e-18
2019-04-04 12:15:38,1.734723475976807e-18
2019-04-04 12:15:39,1.734723475976807e-18
2019-04-04 12:15:40,1.734723475976807e-18
2019-04-04 12:15:41,1.734723475976807e-18
2019-04-04 12:15:42,1.734723475976807e-18
2019-04-04 12:15:43,1.734723475976807e-18
2019-04-04 12:15:44,1.734723475976807e-18
2019-04-04 12:15:45,1.734723475976807e-18
2019-04-04 12:15:46,1.734723475976807e-18
2019-04-04 12:15:47,1.734723475976807e-18
2019-04-04 12:15:48,1.734723475976807e-18
2019-04-04 12:15:49,1.734723475976807e-18
2019-04-04 12:15:50,1.734723475976807e-18
2019-04-04 12:15:51,1.734723475976807e-18
2019-04-04 12:15:52,1.734723475976807e-18
2019-04-04 12:15:53,1.734723475976807e-18
2019-04-04 12:15:54,1.734723475976807e-18
2019-04-04 12:15:55,1.734723475976807e-18
2019-04-04 12:15:56,1.734723475976807e-18
2019-04-04 12:15:57,1.734723475976807e-18
2019-04-04 12:15:58,1.734723475976807e-18
2019-04-04 12:15:59,1.734723475976807e-18
2019-04-04 12:16:00,1.734723475976807e-18
2019-04-04 12:16:01,1.734723475976807e-18
2019-04-04 12:16:02,1.734723475976807e-18
2019-04-04 12:16:03,1.734723475976807e-18
2019-04-04 12:16:04,1.734723475976807e-18
2019-04-04 12:16:05,1.734723475976807e-18
2019-04-04 12:16:06,1.734723475976807e-18
2019-04-04 12:16:07,1.734723475976807e-18
2019-04-04 12:16:08,1.734723475976807e-18
2019-04-04 12:16:09,1.734723475976807e-18
2019-04-04 12:16:10,1.734723475976807e-18
2019-04-04 12:16:11,1.734723475976807e-18
2019-04-04 12:16:12,1.734723475976807e-18
2019-04-04 12:16:13,1.734723475976807e-18
2019-04-04 12:16:14,1.734723475976807e-18
2019-04-04 12:16:15,1.734723475976807e-18
2019-04-04 12:16:16,1.734723475976807e-18
2019-04-04 12:16:17,1.734723475976807e-18
2019-04-04 12:16:18,1.734723475976807e-18
2019-04-04 12:16:19,1.734723475976807e-18
2019-04-04 12:16:20,1.734723475976807e-18
2019-04-04 12:16:21,1.734723475976807e-18
2019-04-04 12:16:22,1.734723475976807e-18
2019-04-04 12:16:23,1.734723475976807e-18
2019-04-04 12:16:24,1.734723475976807e-18
2019-04-04 12:16:25,1.734723475976807e-18
2019-04-04 12:16:26,1.734723475976807e-18
2019-04-04 12:16:27,1.734723475976807e-18
2019-04-04 12:16:28,1.734723475976807e-18
2019-04-04 12:16:29,1.734723475976807e-18
2019-04-04 12:16:30,1.734723475976807e-18
2019-04-04 12:16:31,1.734723475976807e-18
2019-04-04 12:16:32,1.734723475976807e-18
2019-04-04 12:16:33,1.734723475976807e-18
2019-04-04 12:16:34,1.734723475976807e-18
2019-04-04 12:16:35,1.734723475976807e-18
2019-04-04 12:16:36,1.734723475976807e-18
2019-04-04 12:16:37,1.734723475976807e-18
2019-04-04 12:16:38,1.734723475976807e-18
2019-04-04 12:16:39,1.734723475976807e-18
2019-04-04 12:16:40,1.734723475976807e-18
2019-04-04 12:16:41,1.734723475976807e-18
2019-04-04 12:16:42,1.734723475976807e-18
2019-04-04 12:16:43,1.734723475976807e-18
2019-04-04 12:16:44,1.734723475976807e-18
2019-04-04 12:16:45,1.734723475976807e-18
2019-04-04 12:16:46,1.734723475976807e-18
2019-04-04 12:16:47,1.734723475976807e-18
2019-04-04 12:16:48,1.734723475976807e-18
2019-04-04 12:16:49,1.734723475976807e-18
2019-04-04 12:16:50,1.734723475976807e-18
2019-04-04 12:16:51,1.734723475976807e-18
2019-04-04 12:16:52,1.734723475976807e-18
2019-04-04 12:16:53,1.734723475976807e-18
2019-04-04 12:16:54,1.734723475976807e-18
2019-04-04 12:16:55,1.734723475976807e-18
2019-04-04 12:16:56,1.734723475976807e-18
2019-04-04 12:16:57,1.734723475976807e-18
2019-04-04 12:16:58,1.734723475976807e-18
2019-04-04 12:16:59,1.734723475976807e-18
2019-04-04 12:17:00,1.734723475976807e-18
2019-04-04 12:17:01,1.734723475976807e-18
2019-04-04 12:17:02,1.734723475976807e-18
2019-04-04 12:17:03,1.734723475976807e-18
2019-04-04 12:17:04,1.734723475976807e-18
2019-04-04 12:17:05,1.734723475976807e-18
2019-04-04 12:17:06,1.734723475976807e-18
2019-04-04 12:17:07,1.734723475976807e-18
2019-04-04 12:17:08,1.734723475976807e-18
2019-04-04 12:17:09,1.734723475976807e-18
2019-04-04 12:17:10,1.734723475976807e-18
2019-04-04 12:17:11,-0.00014814814815113098
2019-04-04 12:17:12,-0.00014814814815041974
2019-04-04 12:17:13,-0.00014814814814971024
2019-04-04 12:17:14,-0.000148148148148999
2019-04-04 12:17:15,-0.0001481481481482895
2019-04-04 12:17:16,1.734723475976807e-18
2019-04-04 12:17:17,1.734723475976807e-18
2019-04-04 12:17:18,1.734723475976807e-18
2019-04-04 12:17:19,1.734723475976807e-18
2019-04-04 12:17:20,1.734723475976807e-18
2019-04-04 12:17:21,1.734723475976807e-18
2019-04-04 12:17:22,1.734723475976807e-18
2019-04-04 12:17:23,1.734723475976807e-18
2019-04-04 12:17:24,1.734723475976807e-18
2019-04-04 12:17:25,1.734723475976807e-18
2019-04-04 12:17:26,1.734723475976807e-18
2019-04-04 12:17:27,1.734723475976807e-18
2019-04-04 12:17:28,1.734723475976807e-18
2019-04-04 12:17:29,1.734723475976807e-18
2019-04-04 12:17:30,1.734723475976807e-18
2019-04-04 12:17:31,1.734723475976807e-18
2019-04-04 12:17:32,1.734723475976807e-18
2019-04-04 12:17:33,1.734723475976807e-18
2019-04-04 12:17:34,1.734723475976807e-18
2019-04-04 12:17:35,1.734723475976807e-18
2019-04-04 12:17:36,1.734723475976807e-18
2019-04-04 12:17:37,1.734723475976807e-18
2019-04-04 12:17:38,1.734723475976807e-18
2019-04-04 12:17:39,1.734723475976807e-18
2019-04-04 12:17:40,1.734723475976807e-18
2019-04-04 12:17:41,1.734723475976807e-18
2019-04-04 12:17:42,1.734723475976807e-18
2019-04-04 12:17:43,1.734723475976807e-18
2019-04-04 12:17:44,1.734723475976807e-18
2019-04-04 12:17:45,1.734723475976807e-18
2019-04-04 12:17:46,1.734723475976807e-18
2019-04-04 12:17:47,1.734723475976807e-18
2019-04-04 12:17:48,1.734723475976807e-18
2019-04-04 12:17:49,1.734723475976807e-18
2019-04-04 12:17:50,1.734723475976807e-18
2019-04-04 12:17:51,1.734723475976807e-18
2019-04-04 12:17:52,1.734723475976807e-18
2019-04-04 12:17:53,1.734723475976807e-18
2019-04-04 12:17:54,1.734723475976807e-18
2019-04-04 12:17:55,1.734723475976807e-18
2019-04-04 12:17:56,1.734723475976807e-18
2019-04-04 12:17:57,1.734723475976807e-18
2019-04-04 12:17:58,1.734723475976807e-18
2019-04-04 12:17:59,1.734723475976807e-18
2019-04-04 12:18:00,1.734723475976807e-18
2019-04-04 12:18:01,1.734723475976807e-18
2019-04-04 12:18:02,1.734723475976807e-18
2019-04-04 12:18:03,1.734723475976807e-18
2019-04-04 12:18:04,1.734723475976807e-18
2019-04-04 12:18:05,1.734723475976807e-18
2019-04-04 12:18:06,1.734723475976807e-18
2019-04-04 12:18:07,1.734723475976807e-18
2019-04-04 12:18:08,1.734723475976807e-18
2019-04-04 12:18:09,1.734723475976807e-18
2019-04-04 12:18:10,1.734723475976807e-18
2019-04-04 12:18:11,1.734723475976807e-18
2019-04-04 12:18:12,1.734723475976807e-18
2019-04-04 12:18:13,1.734723475976807e-18
2019-04-04 12:18:14,1.734723475976807e-18
2019-04-04 12:18:15,1.734723475976807e-18
2019-04-04 12:18:16,1.734723475976807e-18
2019-04-04 12:18:17,1.734723475976807e-18
2019-04-04 12:18:18,1.734723475976807e-18
2019-04-04 12:18:19,1.734723475976807e-18
2019-04-04 12:18:20,1.734723475976807e-18
2019-04-04 12:18:21,1.734723475976807e-18
2019-04-04 12:18:22,1.734723475976807e-18
2019-04-04 12:18:23,1.734723475976807e-18
2019-04-04 12:18:24,1.734723475976807e-18
2019-04-04 12:18:25,-0.0001333333333302742
2019-04-04 12:18:26,-0.0001333333333309837
2019-04-04 12:18:27,-0.00013333333333169495
2019-04-04 12:18:28,-0.00013333333333240618
2019-04-04 12:18:29,-0.00035555555555845213
2019-04-04 12:18:30,-0.0002222222222246252
2019-04-04 12:18:31,-0.00022222222222391397
2019-04-04 12:18:32,-0.00022222222222320273
2019-04-04 12:18:33,-0.00022222222222249323
2019-04-04 12:18:34,1.734723475976807e-18
2019-04-04 12:18:35,-0.00011111111110820651
2019-04-04 12:18:36,-0.00011111111110891601
2019-04-04 12:18:37,-0.00011111111110962725
2019-04-04 12:18:38,-0.00011111111111033675
2019-04-04 12:18:39,-0.00011111111111104799
2019-04-04 12:18:40,1.734723475976807e-18
2019-04-04 12:18:41,1.734723475976807e-18
2019-04-04 12:18:42,1.734723475976807e-18
2019-04-04 12:18:43,1.734723475976807e-18
2019-04-04 12:18:44,1.734723475976807e-18
2019-04-04 12:18:45,1.734723475976807e-18
2019-04-04 12:18:46,1.734723475976807e-18
2019-04-04 12:18:47,1.734723475976807e-18
2019-04-04 12:18:48,1.734723475976807e-18
2019-04-04 12:18:49,1.734723475976807e-18
2019-04-04 12:18:50,1.734723475976807e-18
2019-04-04 12:18:51,1.734723475976807e-18
2019-04-04 12:18:52,1.734723475976807e-18
2019-04-04 12:18:53,1.734723475976807e-18
2019-04-04 12:18:54,1.734723475976807e-18
2019-04-04 12:18:55,1.734723475976807e-18
2019-04-04 12:18:56,1.734723475976807e-18
2019-04-04 12:18:57,1.734723475976807e-18
2019-04-04 12:18:58,1.734723475976807e-18
2019-04-04 12:18:59,1.734723475976807e-18
2019-04-04 12:19:00,1.734723475976807e-18
2019-04-04 12:19:01,1.734723475976807e-18
2019-04-04 12:19:02,1.734723475976807e-18
2019-04-04 12:19:03,1.734723475976807e-18
2019-04-04 12:19:04,1.734723475976807e-18
2019-04-04 12:19:05,1.734723475976807e-18
2019-04-04 12:19:06,-0.0002352941176501453
2019-04-04 12:19:07,-0.00023529411764943407
2019-04-04 12:19:08,-0.00023529411764872457
2019-04-04 12:19:09,-0.00023529411764801333
2019-04-04 12:19:10,-0.0002352941176473021
2019-04-04 12:19:11,1.734723475976807e-18
2019-04-04 12:19:12,1.734723475976807e-18
2019-04-04 12:19:13,1.734723475976807e-18
2019-04-04 12:19:14,1.734723475976807e-18
2019-04-04 12:19:15,1.734723475976807e-18
2019-04-04 12:19:16,1.734723475976807e-18
2019-04-04 12:19:17,1.734723475976807e-18
2019-04-04 12:19:18,1.734723475976807e-18
2019-04-04 12:19:19,1.734723475976807e-18
2019-04-04 12:19:20,1.734723475976807e-18
2019-04-04 12:19:21,1.734723475976807e-18
2019-04-04 12:19:22,1.734723475976807e-18
2019-04-04 12:19:23,1.734723475976807e-18
2019-04-04 12:19:24,1.734723475976807e-18
2019-04-04 12:19:25,1.734723475976807e-18
2019-04-04 12:19:26,1.734723475976807e-18
2019-04-04 12:19:27,1.734723475976807e-18
2019-04-04 12:19:28,1.734723475976807e-18
2019-04-04 12:19:29,1.734723475976807e-18
2019-04-04 12:19:30,1.734723475976807e-18
2019-04-04 12:19:31,1.734723475976807e-18
2019-04-04 12:19:32,1.734723475976807e-18
2019-04-04 12:19:33,1.734723475976807e-18
2019-04-04 12:19:34,1.734723475976807e-18
2019-04-04 12:19:35,1.734723475976807e-18
2019-04-04 12:19:36,1.734723475976807e-18
2019-04-04 12:19:37,1.734723475976807e-18
2019-04-04 12:19:38,1.734723475976807e-18
2019-04-04 12:19:39,1.734723475976807e-18
2019-04-04 12:19:40,1.734723475976807e-18
2019-04-04 12:19:41,1.734723475976807e-18
2019-04-04 12:19:42,1.734723475976807e-18
2019-04-04 12:19:43,1.734723475976807e-18
2019-04-04 12:19:44,1.734723475976807e-18
2019-04-04 12:19:45,1.734723475976807e-18
2019-04-04 12:19:46,1.734723475976807e-18
2019-04-04 12:19:47,1.734723475976807e-18
2019-04-04 12:19:48,1.734723475976807e-18
2019-04-04 12:19:49,1.734723475976807e-18
2019-04-04 12:19:50,1.734723475976807e-18
2019-04-04 12:19:51,1.734723475976807e-18
2019-04-04 12:19:52,1.734723475976807e-18
2019-04-04 12:19:53,1.734723475976807e-18
2019-04-04 12:19:54,1.734723475976807e-18
2019-04-04 12:19:55,1.734723475976807e-18
2019-04-04 12:19:56,1.734723475976807e-18
2019-04-04 12:19:57,1.734723475976807e-18
2019-04-04 12:19:58,1.734723475976807e-18
2019-04-04 12:19:59,1.734723475976807e-18
2019-04-04 12:20:00,1.734723475976807e-18
2019-04-04 12:20:01,1.734723475976807e-18
2019-04-04 12:20:02,1.734723475976807e-18
2019-04-04 12:20:03,1.734723475976807e-18
2019-04-04 12:20:04,1.734723475976807e-18
2019-04-04 12:20:05,1.734723475976807e-18
2019-04-04 12:20:06,1.734723475976807e-18
2019-04-04 12:20:07,1.734723475976807e-18
2019-04-04 12:20:08,1.734723475976807e-18
2019-04-04 12:20:09,1.734723475976807e-18
2019-04-04 12:20:10,1.734723475976807e-18
2019-04-04 12:20:11,1.734723475976807e-18
2019-04-04 12:20:12,1.734723475976807e-18
2019-04-04 12:20:13,1.734723475976807e-18
2019-04-04 12:20:14,1.734723475976807e-18
2019-04-04 12:20:15,1.734723475976807e-18
2019-04-04 12:20:16,1.734723475976807e-18
2019-04-04 12:20:17,1.734723475976807e-18
2019-04-04 12:20:18,1.734723475976807e-18
2019-04-04 12:20:19,1.734723475976807e-18
2019-04-04 12:20:20,1.734723475976807e-18
2019-04-04 12:20:21,1.734723475976807e-18
2019-04-04 12:20:22,1.734723475976807e-18
2019-04-04 12:20:23,1.734723475976807e-18
2019-04-04 12:20:24,1.734723475976807e-18
2019-04-04 12:20:25,1.734723475976807e-18
2019-04-04 12:20:26,1.734723475976807e-18
2019-04-04 12:20:27,1.734723475976807e-18
2019-04-04 12:20:28,1.734723475976807e-18
2019-04-04 12:20:29,1.734723475976807e-18
2019-04-04 12:20:30,1.734723475976807e-18
2019-04-04 12:20:31,1.734723475976807e-18
2019-04-04 12:20:32,1.734723475976807e-18
2019-04-04 12:20:33,1.734723475976807e-18
2019-04-04 12:20:34,1.734723475976807e-18
2019-04-04 12:20:35,1.734723475976807e-18
2019-04-04 12:20:36,1.734723475976807e-18
2019-04-04 12:20:37,1.734723475976807e-18
2019-04-04 12:20:38,1.734723475976807e-18
2019-04-04 12:20:39,1.734723475976807e-18
2019-04-04 12:20:40,1.734723475976807e-18
2019-04-04 12:20:41,1.734723475976807e-18
2019-04-04 12:20:42,1.734723475976807e-18
2019-04-04 12:20:43,1.734723475976807e-18
2019-04-04 12:20:44,1.734723475976807e-18
2019-04-04 12:20:45,1.734723475976807e-18
2019-04-04 12:20:46,1.734723475976807e-18
2019-04-04 12:20:47,1.734723475976807e-18
2019-04-04 12:20:48,1.734723475976807e-18
2019-04-04 12:20:49,1.734723475976807e-18
2019-04-04 12:20:50,1.734723475976807e-18
2019-04-04 12:20:51,1.734723475976807e-18
2019-04-04 12:20:52,1.734723475976807e-18
2019-04-04 12:20:53,1.734723475976807e-18
2019-04-04 12:20:54,1.734723475976807e-18
2019-04-04 12:20:55,1.734723475976807e-18
2019-04-04 12:20:56,1.734723475976807e-18
2019-04-04 12:20:57,1.734723475976807e-18
2019-04-04 12:20:58,1.734723475976807e-18
2019-04-04 12:20:59,1.734723475976807e-18
2019-04-04 12:21:00,1.734723475976807e-18
2019-04-04 12:21:01,1.734723475976807e-18
2019-04-04 12:21:02,1.734723475976807e-18
2019-04-04 12:21:03,1.734723475976807e-18
2019-04-04 12:21:04,1.734723475976807e-18
2019-04-04 12:21:05,1.734723475976807e-18
2019-04-04 12:21:06,1.734723475976807e-18
2019-04-04 12:21:07,1.734723475976807e-18
2019-04-04 12:21:08,1.734723475976807e-18
2019-04-04 12:21:09,1.734723475976807e-18
2019-04-04 12:21:10,1.734723475976807e-18
2019-04-04 12:21:11,1.734723475976807e-18
2019-04-04 12:21:12,1.734723475976807e-18
2019-04-04 12:21:13,1.734723475976807e-18
2019-04-04 12:21:14,1.734723475976807e-18
2019-04-04 12:21:15,1.734723475976807e-18
2019-04-04 12:21:16,1.734723475976807e-18
2019-04-04 12:21:17,1.734723475976807e-18
2019-04-04 12:21:18,1.734723475976807e-18
2019-04-04 12:21:19,1.734723475976807e-18
2019-04-04 12:21:20,1.734723475976807e-18
2019-04-04 12:21:21,1.734723475976807e-18
2019-04-04 12:21:22,1.734723475976807e-18
2019-04-04 12:21:23,1.734723475976807e-18
2019-04-04 12:21:24,1.734723475976807e-18
2019-04-04 12:21:25,1.734723475976807e-18
2019-04-04 12:21:26,1.734723475976807e-18
2019-04-04 12:21:27,1.734723475976807e-18
2019-04-04 12:21:28,1.734723475976807e-18
2019-04-04 12:21:29,1.734723475976807e-18
2019-04-04 12:21:30,1.734723475976807e-18
2019-04-04 12:21:31,1.734723475976807e-18
2019-04-04 12:21:32,1.734723475976807e-18
2019-04-04 12:21:33,1.734723475976807e-18
2019-04-04 12:21:34,1.734723475976807e-18
2019-04-04 12:21:35,1.734723475976807e-18
2019-04-04 12:21:36,1.734723475976807e-18
2019-04-04 12:21:37,1.734723475976807e-18
2019-04-04 12:21:38,1.734723475976807e-18
2019-04-04 12:21:39,1.734723475976807e-18
2019-04-04 12:21:40,1.734723475976807e-18
2019-04-04 12:21:41,1.734723475976807e-18
2019-04-04 12:21:42,1.734723475976807e-18
2019-04-04 12:21:43,1.734723475976807e-18
2019-04-04 12:21:44,1.734723475976807e-18
2019-04-04 12:21:45,1.734723475976807e-18
2019-04-04 12:21:46,1.734723475976807e-18
2019-04-04 12:21:47,1.734723475976807e-18
2019-04-04 12:21:48,1.734723475976807e-18
2019-04-04 12:21:49,1.734723475976807e-18
2019-04-04 12:21:50,1.734723475976807e-18
2019-04-04 12:21:51,1.734723475976807e-18
2019-04-04 12:21:52,1.734723475976807e-18
2019-04-04 12:21:53,1.734723475976807e-18
2019-04-04 12:21:54,1.734723475976807e-18
2019-04-04 12:21:55,1.734723475976807e-18
2019-04-04 12:21:56,1.734723475976807e-18
2019-04-04 12:21:57,1.734723475976807e-18
2019-04-04 12:21:58,1.734723475976807e-18
2019-04-04 12:21:59,1.734723475976807e-18
2019-04-04 12:22:00,1.734723475976807e-18
2019-04-04 12:22:01,1.734723475976807e-18
2019-04-04 12:22:02,1.734723475976807e-18
2019-04-04 12:22:03,1.734723475976807e-18
2019-04-04 12:22:04,1.734723475976807e-18
2019-04-04 12:22:05,1.734723475976807e-18
2019-04-04 12:22:06,1.734723475976807e-18
2019-04-04 12:22:07,1.734723475976807e-18
2019-04-04 12:22:08,1.734723475976807e-18
2019-04-04 12:22:09,1.734723475976807e-18
2019-04-04 12:22:10,1.734723475976807e-18
2019-04-04 12:22:11,1.734723475976807e-18
2019-04-04 12:22:12,1.734723475976807e-18
2019-04-04 12:22:13,1.734723475976807e-18
2019-04-04 12:22:14,1.734723475976807e-18
2019-04-04 12:22:15,1.734723475976807e-18
2019-04-04 12:22:16,1.734723475976807e-18
2019-04-04 12:22:17,1.734723475976807e-18
2019-04-04 12:22:18,-9.09090909060363e-05
2019-04-04 12:22:19,-9.09090909067458e-05
2019-04-04 12:22:20,-9.090909090745704e-05
2019-04-04 12:22:21,-9.090909090816654e-05
2019-04-04 12:22:22,-9.090909090887778e-05
2019-04-04 12:22:23,1.734723475976807e-18
2019-04-04 12:22:24,1.734723475976807e-18
2019-04-04 12:22:25,1.734723475976807e-18
2019-04-04 12:22:26,1.734723475976807e-18
2019-04-04 12:22:27,1.734723475976807e-18
2019-04-04 12:22:28,1.734723475976807e-18
2019-04-04 12:22:29,1.734723475976807e-18
2019-04-04 12:22:30,1.734723475976807e-18
2019-04-04 12:22:31,1.734723475976807e-18
2019-04-04 12:22:32,1.734723475976807e-18
2019-04-04 12:22:33,1.734723475976807e-18
2019-04-04 12:22:34,1.734723475976807e-18
2019-04-04 12:22:35,1.734723475976807e-18
2019-04-04 12:22:36,1.734723475976807e-18
2019-04-04 12:22:37,1.734723475976807e-18
2019-04-04 12:22:38,1.734723475976807e-18
2019-04-04 12:22:39,1.734723475976807e-18
2019-04-04 12:22:40,1.734723475976807e-18
2019-04-04 12:22:41,1.734723475976807e-18
2019-04-04 12:22:42,1.734723475976807e-18
2019-04-04 12:22:43,1.734723475976807e-18
2019-04-04 12:22:44,1.734723475976807e-18
2019-04-04 12:22:45,1.734723475976807e-18
2019-04-04 12:22:46,1.734723475976807e-18
2019-04-04 12:22:47,1.734723475976807e-18
2019-04-04 12:22:48,1.734723475976807e-18
2019-04-04 12:22:49,1.734723475976807e-18
2019-04-04 12:22:50,1.734723475976807e-18
2019-04-04 12:22:51,1.734723475976807e-18
2019-04-04 12:22:52,1.734723475976807e-18
2019-04-04 12:22:53,1.734723475976807e-18
2019-04-04 12:22:54,1.734723475976807e-18
2019-04-04 12:22:55,1.734723475976807e-18
2019-04-04 12:22:56,1.734723475976807e-18
2019-04-04 12:22:57,1.734723475976807e-18
2019-04-04 12:22:58,1.734723475976807e-18
2019-04-04 12:22:59,1.734723475976807e-18
2019-04-04 12:23:00,1.734723475976807e-18
2019-04-04 12:23:01,1.734723475976807e-18
2019-04-04 12:23:02,1.734723475976807e-18
2019-04-04 12:23:03,1.734723475976807e-18
2019-04-04 12:23:04,1.734723475976807e-18
2019-04-04 12:23:05,1.734723475976807e-18
2019-04-04 12:23:06,1.734723475976807e-18
2019-04-04 12:23:07,1.734723475976807e-18
2019-04-04 12:23:08,1.734723475976807e-18
2019-04-04 12:23:09,1.734723475976807e-18
2019-04-04 12:23:10,1.734723475976807e-18
2019-04-04 12:23:11,1.734723475976807e-18
2019-04-04 12:23:12,1.734723475976807e-18
2019-04-04 12:23:13,1.734723475976807e-18
2019-04-04 12:23:14,1.734723475976807e-18
2019-04-04 12:23:15,1.734723475976807e-18
2019-04-04 12:23:16,1.734723475976807e-18
2019-04-04 12:23:17,1.734723475976807e-18
2019-04-04 12:23:18,1.734723475976807e-18
2019-04-04 12:23:19,1.734723475976807e-18
2019-04-04 12:23:20,1.734723475976807e-18
2019-04-04 12:23:21,1.734723475976807e-18
2019-04-04 12:23:22,1.734723475976807e-18
2019-04-04 12:23:23,1.734723475976807e-18
2019-04-04 12:23:24,1.734723475976807e-18
2019-04-04 12:23:25,1.734723475976807e-18
2019-04-04 12:23:26,1.734723475976807e-18
2019-04-04 12:23:27,1.734723475976807e-18
2019-04-04 12:23:28,1.734723475976807e-18
2019-04-04 12:23:29,1.734723475976807e-18
2019-04-04 12:23:30,1.734723475976807e-18
2019-04-04 12:23:31,1.734723475976807e-18
2019-04-04 12:23:32,1.734723475976807e-18
2019-04-04 12:23:33,1.734723475976807e-18
2019-04-04 12:23:34,1.734723475976807e-18
2019-04-04 12:23:35,1.734723475976807e-18
2019-04-04 12:23:36,1.734723475976807e-18
2019-04-04 12:23:37,1.734723475976807e-18
2019-04-04 12:23:38,1.734723475976807e-18
2019-04-04 12:23:39,1.734723475976807e-18
2019-04-04 12:23:40,1.734723475976807e-18
2019-04-04 12:23:41,1.734723475976807e-18
2019-04-04 12:23:42,1.734723475976807e-18
2019-04-04 12:23:43,1.734723475976807e-18
2019-04-04 12:23:44,1.734723475976807e-18
2019-04-04 12:23:45,1.734723475976807e-18
2019-04-04 12:23:46,1.734723475976807e-18
2019-04-04 12:23:47,1.734723475976807e-18
2019-04-04 12:23:48,1.734723475976807e-18
2019-04-04 12:23:49,1.734723475976807e-18
2019-04-04 12:23:50,1.734723475976807e-18
2019-04-04 12:23:51,1.734723475976807e-18
2019-04-04 12:23:52,1.734723475976807e-18
2019-04-04 12:23:53,1.734723475976807e-18
2019-04-04 12:23:54,1.734723475976807e-18
2019-04-04 12:23:55,1.734723475976807e-18
2019-04-04 12:23:56,1.734723475976807e-18
2019-04-04 12:23:57,1.734723475976807e-18
2019-04-04 12:23:58,1.734723475976807e-18
2019-04-04 12:23:59,1.734723475976807e-18
2019-04-04 12:24:00,1.734723475976807e-18
2019-04-04 12:24:01,1.734723475976807e-18
2019-04-04 12:24:02,1.734723475976807e-18
2019-04-04 12:24:03,1.734723475976807e-18
2019-04-04 12:24:04,1.734723475976807e-18
2019-04-04 12:24:05,1.734723475976807e-18
2019-04-04 12:24:06,1.734723475976807e-18
2019-04-04 12:24:07,1.734723475976807e-18
2019-04-04 12:24:08,1.734723475976807e-18
2019-04-04 12:24:09,1.734723475976807e-18
2019-04-04 12:24:10,1.734723475976807e-18
2019-04-04 12:24:11,1.734723475976807e-18
2019-04-04 12:24:12,1.734723475976807e-18
2019-04-04 12:24:13,1.734723475976807e-18
2019-04-04 12:24:14,1.734723475976807e-18
2019-04-04 12:24:15,1.734723475976807e-18
2019-04-04 12:24:16,1.734723475976807e-18
2019-04-04 12:24:17,1.734723475976807e-18
2019-04-04 12:24:18,1.734723475976807e-18
2019-04-04 12:24:19,1.734723475976807e-18
2019-04-04 12:24:20,1.734723475976807e-18
2019-04-04 12:24:21,1.734723475976807e-18
2019-04-04 12:24:22,1.734723475976807e-18
2019-04-04 12:24:23,1.734723475976807e-18
2019-04-04 12:24:24,1.734723475976807e-18
2019-04-04 12:24:25,1.734723475976807e-18
2019-04-04 12:24:26,1.734723475976807e-18
2019-04-04 12:24:27,1.734723475976807e-18
2019-04-04 12:24:28,1.734723475976807e-18
2019-04-04 12:24:29,1.734723475976807e-18
2019-04-04 12:24:30,1.734723475976807e-18
2019-04-04 12:24:31,1.734723475976807e-18
2019-04-04 12:24:32,1.734723475976807e-18
2019-04-04 12:24:33,1.734723475976807e-18
2019-04-04 12:24:34,1.734723475976807e-18
2019-04-04 12:24:35,1.734723475976807e-18
2019-04-04 12:24:36,1.734723475976807e-18
2019-04-04 12:24:37,1.734723475976807e-18
2019-04-04 12:24:38,1.734723475976807e-18
2019-04-04 12:24:39,1.734723475976807e-18
2019-04-04 12:24:40,1.734723475976807e-18
2019-04-04 12:24:41,1.734723475976807e-18
2019-04-04 12:24:42,1.734723475976807e-18
2019-04-04 12:24:43,1.734723475976807e-18
2019-04-04 12:24:44,1.734723475976807e-18
2019-04-04 12:24:45,1.734723475976807e-18
2019-04-04 12:24:46,1.734723475976807e-18
2019-04-04 12:24:47,1.734723475976807e-18
2019-04-04 12:24:48,1.734723475976807e-18
2019-04-04 12:24:49,1.734723475976807e-18
2019-04-04 12:24:50,1.734723475976807e-18
2019-04-04 12:24:51,1.734723475976807e-18
2019-04-04 12:24:52,1.734723475976807e-18
2019-04-04 12:24:53,1.734723475976807e-18
2019-04-04 12:24:54,1.734723475976807e-18
2019-04-04 12:24:55,1.734723475976807e-18
2019-04-04 12:24:56,1.734723475976807e-18
2019-04-04 12:24:57,1.734723475976807e-18
2019-04-04 12:24:58,1.734723475976807e-18
2019-04-04 12:24:59,1.734723475976807e-18
2019-04-04 12:25:00,1.734723475976807e-18
2019-04-04 12:25:01,1.734723475976807e-18
2019-04-04 12:25:02,1.734723475976807e-18
2019-04-04 12:25:03,1.734723475976807e-18
2019-04-04 12:25:04,1.734723475976807e-18
2019-04-04 12:25:05,1.734723475976807e-18
2019-04-04 12:25:06,1.734723475976807e-18
2019-04-04 12:25:07,1.734723475976807e-18
2019-04-04 12:25:08,1.734723475976807e-18
2019-04-04 12:25:09,1.734723475976807e-18
2019-04-04 12:25:10,1.734723475976807e-18
2019-04-04 12:25:11,1.734723475976807e-18
2019-04-04 12:25:12,1.734723475976807e-18
2019-04-04 12:25:13,1.734723475976807e-18
2019-04-04 12:25:14,1.734723475976807e-18
2019-04-04 12:25:15,1.734723475976807e-18
2019-04-04 12:25:16,1.734723475976807e-18
2019-04-04 12:25:17,1.734723475976807e-18
2019-04-04 12:25:18,1.734723475976807e-18
2019-04-04 12:25:19,1.734723475976807e-18
2019-04-04 12:25:20,1.734723475976807e-18
2019-04-04 12:25:21,1.734723475976807e-18
2019-04-04 12:25:22,1.734723475976807e-18
2019-04-04 12:25:23,1.734723475976807e-18
2019-04-04 12:25:24,1.734723475976807e-18
2019-04-04 12:25:25,1.734723475976807e-18
2019-04-04 12:25:26,1.734723475976807e-18
2019-04-04 12:25:27,1.734723475976807e-18
2019-04-04 12:25:28,1.734723475976807e-18
2019-04-04 12:25:29,1.734723475976807e-18
2019-04-04 12:25:30,1.734723475976807e-18
2019-04-04 12:25:31,1.734723475976807e-18
2019-04-04 12:25:32,1.734723475976807e-18
2019-04-04 12:25:33,1.734723475976807e-18
2019-04-04 12:25:34,1.734723475976807e-18
2019-04-04 12:25:35,1.734723475976807e-18
2019-04-04 12:25:36,1.734723475976807e-18
2019-04-04 12:25:37,1.734723475976807e-18
2019-04-04 12:25:38,1.734723475976807e-18
2019-04-04 12:25:39,1.734723475976807e-18
2019-04-04 12:25:40,1.734723475976807e-18
2019-04-04 12:25:41,1.734723475976807e-18
2019-04-04 12:25:42,1.734723475976807e-18
2019-04-04 12:25:43,1.734723475976807e-18
2019-04-04 12:25:44,1.734723475976807e-18
2019-04-04 12:25:45,1.734723475976807e-18
2019-04-04 12:25:46,1.734723475976807e-18
2019-04-04 12:25:47,1.734723475976807e-18
2019-04-04 12:25:48,1.734723475976807e-18
2019-04-04 12:25:49,1.734723475976807e-18
2019-04-04 12:25:50,1.734723475976807e-18
2019-04-04 12:25:51,1.734723475976807e-18
2019-04-04 12:25:52,1.734723475976807e-18
2019-04-04 12:25:53,1.734723475976807e-18
2019-04-04 12:25:54,1.734723475976807e-18
2019-04-04 12:25:55,1.734723475976807e-18
2019-04-04 12:25:56,1.734723475976807e-18
2019-04-04 12:25:57,1.734723475976807e-18
2019-04-04 12:25:58,1.734723475976807e-18
2019-04-04 12:25:59,1.734723475976807e-18
2019-04-04 12:26:00,1.734723475976807e-18
2019-04-04 12:26:01,1.734723475976807e-18
2019-04-04 12:26:02,1.734723475976807e-18
2019-04-04 12:26:03,1.734723475976807e-18
2019-04-04 12:26:04,1.734723475976807e-18
2019-04-04 12:26:05,1.734723475976807e-18
2019-04-04 12:26:06,1.734723475976807e-18
2019-04-04 12:26:07,1.734723475976807e-18
2019-04-04 12:26:08,1.734723475976807e-18
2019-04-04 12:26:09,1.734723475976807e-18
2019-04-04 12:26:10,1.734723475976807e-18
2019-04-04 12:26:11,1.734723475976807e-18
2019-04-04 12:26:12,1.734723475976807e-18
2019-04-04 12:26:13,1.734723475976807e-18
2019-04-04 12:26:14,1.734723475976807e-18
2019-04-04 12:26:15,1.734723475976807e-18
2019-04-04 12:26:16,1.734723475976807e-18
2019-04-04 12:26:17,1.734723475976807e-18
2019-04-04 12:26:18,1.734723475976807e-18
2019-04-04 12:26:19,1.734723475976807e-18
2019-04-04 12:26:20,1.734723475976807e-18
2019-04-04 12:26:21,1.734723475976807e-18
2019-04-04 12:26:22,1.734723475976807e-18
2019-04-04 12:26:23,1.734723475976807e-18
2019-04-04 12:26:24,1.734723475976807e-18
2019-04-04 12:26:25,1.734723475976807e-18
2019-04-04 12:26:26,1.734723475976807e-18
2019-04-04 12:26:27,1.734723475976807e-18
2019-04-04 12:26:28,1.734723475976807e-18
2019-04-04 12:26:29,1.734723475976807e-18
2019-04-04 12:26:30,1.734723475976807e-18
2019-04-04 12:26:31,1.734723475976807e-18
2019-04-04 12:26:32,1.734723475976807e-18
2019-04-04 12:26:33,1.734723475976807e-18
2019-04-04 12:26:34,1.734723475976807e-18
2019-04-04 12:26:35,1.734723475976807e-18
2019-04-04 12:26:36,1.734723475976807e-18
2019-04-04 12:26:37,1.734723475976807e-18
2019-04-04 12:26:38,1.734723475976807e-18
2019-04-04 12:26:39,1.734723475976807e-18
2019-04-04 12:26:40,1.734723475976807e-18
2019-04-04 12:26:41,1.734723475976807e-18
2019-04-04 12:26:42,1.734723475976807e-18
2019-04-04 12:26:43,1.734723475976807e-18
2019-04-04 12:26:44,1.734723475976807e-18
2019-04-04 12:26:45,1.734723475976807e-18
2019-04-04 12:26:46,1.734723475976807e-18
2019-04-04 12:26:47,1.734723475976807e-18
2019-04-04 12:26:48,1.734723475976807e-18
2019-04-04 12:26:49,1.734723475976807e-18
2019-04-04 12:26:50,1.734723475976807e-18
2019-04-04 12:26:51,1.734723475976807e-18
2019-04-04 12:26:52,1.734723475976807e-18
2019-04-04 12:26:53,1.734723475976807e-18
2019-04-04 12:26:54,1.734723475976807e-18
2019-04-04 12:26:55,1.734723475976807e-18
2019-04-04 12:26:56,1.734723475976807e-18
2019-04-04 12:26:57,1.734723475976807e-18
2019-04-04 12:26:58,1.734723475976807e-18
2019-04-04 12:26:59,1.734723475976807e-18
2019-04-04 12:27:00,1.734723475976807e-18
2019-04-04 12:27:01,1.734723475976807e-18
2019-04-04 12:27:02,1.734723475976807e-18
2019-04-04 12:27:03,1.734723475976807e-18
2019-04-04 12:27:04,1.734723475976807e-18
2019-04-04 12:27:05,1.734723475976807e-18
2019-04-04 12:27:06,1.734723475976807e-18
2019-04-04 12:27:07,1.734723475976807e-18
2019-04-04 12:27:08,1.734723475976807e-18
2019-04-04 12:27:09,1.734723475976807e-18
2019-04-04 12:27:10,1.734723475976807e-18
2019-04-04 12:27:11,1.734723475976807e-18
2019-04-04 12:27:12,1.734723475976807e-18
2019-04-04 12:27:13,1.734723475976807e-18
2019-04-04 12:27:14,1.734723475976807e-18
2019-04-04 12:27:15,1.734723475976807e-18
2019-04-04 12:27:16,1.734723475976807e-18
2019-04-04 12:27:17,1.734723475976807e-18
2019-04-04 12:27:18,1.734723475976807e-18
2019-04-04 12:27:19,1.734723475976807e-18
2019-04-04 12:27:20,1.734723475976807e-18
2019-04-04 12:27:21,1.734723475976807e-18
2019-04-04 12:27:22,1.734723475976807e-18
2019-04-04 12:27:23,1.734723475976807e-18
2019-04-04 12:27:24,1.734723475976807e-18
2019-04-04 12:27:25,1.734723475976807e-18
2019-04-04 12:27:26,1.734723475976807e-18
2019-04-04 12:27:27,1.734723475976807e-18
2019-04-04 12:27:28,1.734723475976807e-18
2019-04-04 12:27:29,1.734723475976807e-18
2019-04-04 12:27:30,1.734723475976807e-18
2019-04-04 12:27:31,1.734723475976807e-18
2019-04-04 12:27:32,1.734723475976807e-18
2019-04-04 12:27:33,1.734723475976807e-18
2019-04-04 12:27:34,1.734723475976807e-18
2019-04-04 12:27:35,1.734723475976807e-18
2019-04-04 12:27:36,1.734723475976807e-18
2019-04-04 12:27:37,1.734723475976807e-18
2019-04-04 12:27:38,1.734723475976807e-18
2019-04-04 12:27:39,1.734723475976807e-18
2019-04-04 12:27:40,1.734723475976807e-18
2019-04-04 12:27:41,1.734723475976807e-18
2019-04-04 12:27:42,1.734723475976807e-18
2019-04-04 12:27:43,1.734723475976807e-18
2019-04-04 12:27:44,1.734723475976807e-18
2019-04-04 12:27:45,1.734723475976807e-18
2019-04-04 12:27:46,1.734723475976807e-18
2019-04-04 12:27:47,1.734723475976807e-18
2019-04-04 12:27:48,1.734723475976807e-18
2019-04-04 12:27:49,1.734723475976807e-18
2019-04-04 12:27:50,1.734723475976807e-18
2019-04-04 12:27:51,1.734723475976807e-18
2019-04-04 12:27:52,1.734723475976807e-18
2019-04-04 12:27:53,1.734723475976807e-18
2019-04-04 12:27:54,1.734723475976807e-18
2019-04-04 12:27:55,1.734723475976807e-18
2019-04-04 12:27:56,1.734723475976807e-18
2019-04-04 12:27:57,1.734723475976807e-18
2019-04-04 12:27:58,1.734723475976807e-18
2019-04-04 12:27:59,1.734723475976807e-18
2019-04-04 12:28:00,1.734723475976807e-18
2019-04-04 12:28:01,1.734723475976807e-18
2019-04-04 12:28:02,1.734723475976807e-18
2019-04-04 12:28:03,1.734723475976807e-18
2019-04-04 12:28:04,1.734723475976807e-18
2019-04-04 12:28:05,1.734723475976807e-18
2019-04-04 12:28:06,1.734723475976807e-18
2019-04-04 12:28:07,1.734723475976807e-18
2019-04-04 12:28:08,1.734723475976807e-18
2019-04-04 12:28:09,1.734723475976807e-18
2019-04-04 12:28:10,1.734723475976807e-18
2019-04-04 12:28:11,1.734723475976807e-18
2019-04-04 12:28:12,1.734723475976807e-18
2019-04-04 12:28:13,1.734723475976807e-18
2019-04-04 12:28:14,1.734723475976807e-18
2019-04-04 12:28:15,1.734723475976807e-18
2019-04-04 12:28:16,1.734723475976807e-18
2019-04-04 12:28:17,1.734723475976807e-18
2019-04-04 12:28:18,1.734723475976807e-18
2019-04-04 12:28:19,1.734723475976807e-18
2019-04-04 12:28:20,1.734723475976807e-18
2019-04-04 12:28:21,1.734723475976807e-18
2019-04-04 12:28:22,1.734723475976807e-18
2019-04-04 12:28:23,1.734723475976807e-18
2019-04-04 12:28:24,1.734723475976807e-18
2019-04-04 12:28:25,1.734723475976807e-18
2019-04-04 12:28:26,1.734723475976807e-18
2019-04-04 12:28:27,1.734723475976807e-18
2019-04-04 12:28:28,1.734723475976807e-18
2019-04-04 12:28:29,1.734723475976807e-18
2019-04-04 12:28:30,1.734723475976807e-18
2019-04-04 12:28:31,1.734723475976807e-18
2019-04-04 12:28:32,1.734723475976807e-18
2019-04-04 12:28:33,1.734723475976807e-18
2019-04-04 12:28:34,1.734723475976807e-18
2019-04-04 12:28:35,1.734723475976807e-18
2019-04-04 12:28:36,1.734723475976807e-18
2019-04-04 12:28:37,1.734723475976807e-18
2019-04-04 12:28:38,1.734723475976807e-18
2019-04-04 12:28:39,1.734723475976807e-18
2019-04-04 12:28:40,1.734723475976807e-18
2019-04-04 12:28:41,1.734723475976807e-18
2019-04-04 12:28:42,1.734723475976807e-18
2019-04-04 12:28:43,1.734723475976807e-18
2019-04-04 12:28:44,1.734723475976807e-18
2019-04-04 12:28:45,1.734723475976807e-18
2019-04-04 12:28:46,1.734723475976807e-18
2019-04-04 12:28:47,1.734723475976807e-18
2019-04-04 12:28:48,1.734723475976807e-18
2019-04-04 12:28:49,1.734723475976807e-18
2019-04-04 12:28:50,1.734723475976807e-18
2019-04-04 12:28:51,1.734723475976807e-18
2019-04-04 12:28:52,1.734723475976807e-18
2019-04-04 12:28:53,1.734723475976807e-18
2019-04-04 12:28:54,1.734723475976807e-18
2019-04-04 12:28:55,1.734723475976807e-18
2019-04-04 12:28:56,1.734723475976807e-18
2019-04-04 12:28:57,1.734723475976807e-18
2019-04-04 12:28:58,1.734723475976807e-18
2019-04-04 12:28:59,1.734723475976807e-18
2019-04-04 12:29:00,1.734723475976807e-18
2019-04-04 12:29:01,1.734723475976807e-18
2019-04-04 12:29:02,1.734723475976807e-18
2019-04-04 12:29:03,1.734723475976807e-18
2019-04-04 12:29:04,1.734723475976807e-18
2019-04-04 12:29:05,1.734723475976807e-18
2019-04-04 12:29:06,1.734723475976807e-18
2019-04-04 12:29:07,1.734723475976807e-18
2019-04-04 12:29:08,1.734723475976807e-18
2019-04-04 12:29:09,1.734723475976807e-18
2019-04-04 12:29:10,1.734723475976807e-18
2019-04-04 12:29:11,1.734723475976807e-18
2019-04-04 12:29:12,1.734723475976807e-18
2019-04-04 12:29:13,1.734723475976807e-18
2019-04-04 12:29:14,1.734723475976807e-18
2019-04-04 12:29:15,1.734723475976807e-18
2019-04-04 12:29:16,1.734723475976807e-18
2019-04-04 12:29:17,1.734723475976807e-18
2019-04-04 12:29:18,1.734723475976807e-18
2019-04-04 12:29:19,1.734723475976807e-18
2019-04-04 12:29:20,1.734723475976807e-18
2019-04-04 12:29:21,1.734723475976807e-18
2019-04-04 12:29:22,1.734723475976807e-18
2019-04-04 12:29:23,1.734723475976807e-18
2019-04-04 12:29:24,1.734723475976807e-18
2019-04-04 12:29:25,1.734723475976807e-18
2019-04-04 12:29:26,1.734723475976807e-18
2019-04-04 12:29:27,1.734723475976807e-18
2019-04-04 12:29:28,1.734723475976807e-18
2019-04-04 12:29:29,1.734723475976807e-18
2019-04-04 12:29:30,1.734723475976807e-18
2019-04-04 12:29:31,1.734723475976807e-18
2019-04-04 12:29:32,1.734723475976807e-18
2019-04-04 12:29:33,1.734723475976807e-18
2019-04-04 12:29:34,1.734723475976807e-18
2019-04-04 12:29:35,1.734723475976807e-18
2019-04-04 12:29:36,1.734723475976807e-18
2019-04-04 12:29:37,1.734723475976807e-18
2019-04-04 12:29:38,1.734723475976807e-18
2019-04-04 12:29:39,1.734723475976807e-18
2019-04-04 12:29:40,1.734723475976807e-18
2019-04-04 12:29:41,1.734723475976807e-18
2019-04-04 12:29:42,1.734723475976807e-18
2019-04-04 12:29:43,1.734723475976807e-18
2019-04-04 12:29:44,1.734723475976807e-18
2019-04-04 12:29:45,1.734723475976807e-18
2019-04-04 12:29:46,1.734723475976807e-18
2019-04-04 12:29:47,1.734723475976807e-18
2019-04-04 12:29:48,1.734723475976807e-18
2019-04-04 12:29:49,1.734723475976807e-18
2019-04-04 12:29:50,1.734723475976807e-18
2019-04-04 12:29:51,1.734723475976807e-18
2019-04-04 12:29:52,1.734723475976807e-18
2019-04-04 12:29:53,1.734723475976807e-18
2019-04-04 12:29:54,1.734723475976807e-18
2019-04-04 12:29:55,1.734723475976807e-18
2019-04-04 12:29:56,1.734723475976807e-18
2019-04-04 12:29:57,1.734723475976807e-18
2019-04-04 12:29:58,1.734723475976807e-18
2019-04-04 12:29:59,1.734723475976807e-18
2019-04-04 12:30:00,1.734723475976807e-18
2019-04-04 12:30:01,1.734723475976807e-18
2019-04-04 12:30:02,1.734723475976807e-18
2019-04-04 12:30:03,1.734723475976807e-18
2019-04-04 12:30:04,1.734723475976807e-18
2019-04-04 12:30:05,1.734723475976807e-18
2019-04-04 12:30:06,1.734723475976807e-18
2019-04-04 12:30:07,1.734723475976807e-18
2019-04-04 12:30:08,1.734723475976807e-18
2019-04-04 12:30:09,1.734723475976807e-18
2019-04-04 12:30:10,1.734723475976807e-18
2019-04-04 12:30:11,1.734723475976807e-18
2019-04-04 12:30:12,1.734723475976807e-18
2019-04-04 12:30:13,1.734723475976807e-18
2019-04-04 12:30:14,1.734723475976807e-18
2019-04-04 12:30:15,1.734723475976807e-18
2019-04-04 12:30:16,1.734723475976807e-18
2019-04-04 12:30:17,1.734723475976807e-18
2019-04-04 12:30:18,1.734723475976807e-18
2019-04-04 12:30:19,1.734723475976807e-18
2019-04-04 12:30:20,1.734723475976807e-18
2019-04-04 12:30:21,1.734723475976807e-18
2019-04-04 12:30:22,1.734723475976807e-18
2019-04-04 12:30:23,1.734723475976807e-18
2019-04-04 12:30:24,1.734723475976807e-18
2019-04-04 12:30:25,1.734723475976807e-18
2019-04-04 12:30:26,1.734723475976807e-18
2019-04-04 12:30:27,1.734723475976807e-18
2019-04-04 12:30:28,1.734723475976807e-18
2019-04-04 12:30:29,1.734723475976807e-18
2019-04-04 12:30:30,1.734723475976807e-18
2019-04-04 12:30:31,1.734723475976807e-18
2019-04-04 12:30:32,1.734723475976807e-18
2019-04-04 12:30:33,1.734723475976807e-18
2019-04-04 12:30:34,1.734723475976807e-18
2019-04-04 12:30:35,1.734723475976807e-18
2019-04-04 12:30:36,1.734723475976807e-18
2019-04-04 12:30:37,1.734723475976807e-18
2019-04-04 12:30:38,1.734723475976807e-18
2019-04-04 12:30:39,1.734723475976807e-18
2019-04-04 12:30:40,1.734723475976807e-18
2019-04-04 12:30:41,1.734723475976807e-18
2019-04-04 12:30:42,1.734723475976807e-18
2019-04-04 12:30:43,1.734723475976807e-18
2019-04-04 12:30:44,1.734723475976807e-18
2019-04-04 12:30:45,1.734723475976807e-18
2019-04-04 12:30:46,1.734723475976807e-18
2019-04-04 12:30:47,1.734723475976807e-18
2019-04-04 12:30:48,1.734723475976807e-18
2019-04-04 12:30:49,1.734723475976807e-18
2019-04-04 12:30:50,1.734723475976807e-18
2019-04-04 12:30:51,1.734723475976807e-18
2019-04-04 12:30:52,1.734723475976807e-18
2019-04-04 12:30:53,1.734723475976807e-18
2019-04-04 12:30:54,1.734723475976807e-18
2019-04-04 12:30:55,1.734723475976807e-18
2019-04-04 12:30:56,1.734723475976807e-18
2019-04-04 12:30:57,1.734723475976807e-18
2019-04-04 12:30:58,1.734723475976807e-18
2019-04-04 12:30:59,1.734723475976807e-18
2019-04-04 12:31:00,1.734723475976807e-18
2019-04-04 12:31:01,1.734723475976807e-18
2019-04-04 12:31:02,1.734723475976807e-18
2019-04-04 12:31:03,1.734723475976807e-18
2019-04-04 12:31:04,1.734723475976807e-18
2019-04-04 12:31:05,1.734723475976807e-18
2019-04-04 12:31:06,1.734723475976807e-18
2019-04-04 12:31:07,1.734723475976807e-18
2019-04-04 12:31:08,1.734723475976807e-18
2019-04-04 12:31:09,1.734723475976807e-18
2019-04-04 12:31:10,1.734723475976807e-18
2019-04-04 12:31:11,1.734723475976807e-18
2019-04-04 12:31:12,1.734723475976807e-18
2019-04-04 12:31:13,1.734723475976807e-18
2019-04-04 12:31:14,1.734723475976807e-18
2019-04-04 12:31:15,1.734723475976807e-18
2019-04-04 12:31:16,1.734723475976807e-18
2019-04-04 12:31:17,1.734723475976807e-18
2019-04-04 12:31:18,1.734723475976807e-18
2019-04-04 12:31:19,1.734723475976807e-18
2019-04-04 12:31:20,1.734723475976807e-18
2019-04-04 12:31:21,1.734723475976807e-18
2019-04-04 12:31:22,1.734723475976807e-18
2019-04-04 12:31:23,1.734723475976807e-18
2019-04-04 12:31:24,1.734723475976807e-18
2019-04-04 12:31:25,1.734723475976807e-18
2019-04-04 12:31:26,1.734723475976807e-18
2019-04-04 12:31:27,1.734723475976807e-18
2019-04-04 12:31:28,1.734723475976807e-18
2019-04-04 12:31:29,1.734723475976807e-18
2019-04-04 12:31:30,1.734723475976807e-18
2019-04-04 12:31:31,1.734723475976807e-18
2019-04-04 12:31:32,1.734723475976807e-18
2019-04-04 12:31:33,1.734723475976807e-18
2019-04-04 12:31:34,1.734723475976807e-18
2019-04-04 12:31:35,1.734723475976807e-18
2019-04-04 12:31:36,1.734723475976807e-18
2019-04-04 12:31:37,1.734723475976807e-18
2019-04-04 12:31:38,1.734723475976807e-18
2019-04-04 12:31:39,1.734723475976807e-18
2019-04-04 12:31:40,1.734723475976807e-18
2019-04-04 12:31:41,1.734723475976807e-18
2019-04-04 12:31:42,1.734723475976807e-18
2019-04-04 12:31:43,1.734723475976807e-18
2019-04-04 12:31:44,1.734723475976807e-18
2019-04-04 12:31:45,1.734723475976807e-18
2019-04-04 12:31:46,1.734723475976807e-18
2019-04-04 12:31:47,1.734723475976807e-18
2019-04-04 12:31:48,1.734723475976807e-18
2019-04-04 12:31:49,1.734723475976807e-18
2019-04-04 12:31:50,1.734723475976807e-18
2019-04-04 12:31:51,1.734723475976807e-18
2019-04-04 12:31:52,1.734723475976807e-18
2019-04-04 12:31:53,1.734723475976807e-18
2019-04-04 12:31:54,1.734723475976807e-18
2019-04-04 12:31:55,1.734723475976807e-18
2019-04-04 12:31:56,1.734723475976807e-18
2019-04-04 12:31:57,1.734723475976807e-18
2019-04-04 12:31:58,1.734723475976807e-18
2019-04-04 12:31:59,1.734723475976807e-18
2019-04-04 12:32:00,1.734723475976807e-18
2019-04-04 12:32:01,1.734723475976807e-18
2019-04-04 12:32:02,1.734723475976807e-18
2019-04-04 12:32:03,1.734723475976807e-18
2019-04-04 12:32:04,1.734723475976807e-18
2019-04-04 12:32:05,1.734723475976807e-18
2019-04-04 12:32:06,1.734723475976807e-18
2019-04-04 12:32:07,1.734723475976807e-18
2019-04-04 12:32:08,1.734723475976807e-18
2019-04-04 12:32:09,1.734723475976807e-18
2019-04-04 12:32:10,1.734723475976807e-18
2019-04-04 12:32:11,1.734723475976807e-18
2019-04-04 12:32:12,1.734723475976807e-18
2019-04-04 12:32:13,1.734723475976807e-18
2019-04-04 12:32:14,1.734723475976807e-18
2019-04-04 12:32:15,1.734723475976807e-18
2019-04-04 12:32:16,1.734723475976807e-18
2019-04-04 12:32:17,1.734723475976807e-18
2019-04-04 12:32:18,1.734723475976807e-18
2019-04-04 12:32:19,1.734723475976807e-18
2019-04-04 12:32:20,1.734723475976807e-18
2019-04-04 12:32:21,1.734723475976807e-18
2019-04-04 12:32:22,1.734723475976807e-18
2019-04-04 12:32:23,1.734723475976807e-18
2019-04-04 12:32:24,1.734723475976807e-18
2019-04-04 12:32:25,1.734723475976807e-18
2019-04-04 12:32:26,1.734723475976807e-18
2019-04-04 12:32:27,1.734723475976807e-18
2019-04-04 12:32:28,1.734723475976807e-18
2019-04-04 12:32:29,1.734723475976807e-18
2019-04-04 12:32:30,1.734723475976807e-18
2019-04-04 12:32:31,1.734723475976807e-18
2019-04-04 12:32:32,1.734723475976807e-18
2019-04-04 12:32:33,1.734723475976807e-18
2019-04-04 12:32:34,1.734723475976807e-18
2019-04-04 12:32:35,1.734723475976807e-18
2019-04-04 12:32:36,1.734723475976807e-18
2019-04-04 12:32:37,1.734723475976807e-18
2019-04-04 12:32:38,1.734723475976807e-18
2019-04-04 12:32:39,1.734723475976807e-18
2019-04-04 12:32:40,1.734723475976807e-18
2019-04-04 12:32:41,1.734723475976807e-18
2019-04-04 12:32:42,1.734723475976807e-18
2019-04-04 12:32:43,1.734723475976807e-18
2019-04-04 12:32:44,1.734723475976807e-18
2019-04-04 12:32:45,1.734723475976807e-18
2019-04-04 12:32:46,1.734723475976807e-18
2019-04-04 12:32:47,1.734723475976807e-18
2019-04-04 12:32:48,1.734723475976807e-18
2019-04-04 12:32:49,1.734723475976807e-18
2019-04-04 12:32:50,1.734723475976807e-18
2019-04-04 12:32:51,1.734723475976807e-18
2019-04-04 12:32:52,1.734723475976807e-18
2019-04-04 12:32:53,1.734723475976807e-18
2019-04-04 12:32:54,1.734723475976807e-18
2019-04-04 12:32:55,1.734723475976807e-18
2019-04-04 12:32:56,1.734723475976807e-18
2019-04-04 12:32:57,1.734723475976807e-18
2019-04-04 12:32:58,1.734723475976807e-18
2019-04-04 12:32:59,1.734723475976807e-18
2019-04-04 12:33:00,1.734723475976807e-18
2019-04-04 12:33:01,1.734723475976807e-18
2019-04-04 12:33:02,1.734723475976807e-18
2019-04-04 12:33:03,1.734723475976807e-18
2019-04-04 12:33:04,1.734723475976807e-18
2019-04-04 12:33:05,1.734723475976807e-18
2019-04-04 12:33:06,1.734723475976807e-18
2019-04-04 12:33:07,1.734723475976807e-18
2019-04-04 12:33:08,1.734723475976807e-18
2019-04-04 12:33:09,1.734723475976807e-18
2019-04-04 12:33:10,1.734723475976807e-18
2019-04-04 12:33:11,1.734723475976807e-18
2019-04-04 12:33:12,1.734723475976807e-18
2019-04-04 12:33:13,1.734723475976807e-18
2019-04-04 12:33:14,1.734723475976807e-18
2019-04-04 12:33:15,1.734723475976807e-18
2019-04-04 12:33:16,1.734723475976807e-18
2019-04-04 12:33:17,1.734723475976807e-18
2019-04-04 12:33:18,1.734723475976807e-18
2019-04-04 12:33:19,1.734723475976807e-18
2019-04-04 12:33:20,1.734723475976807e-18
2019-04-04 12:33:21,1.734723475976807e-18
2019-04-04 12:33:22,1.734723475976807e-18
2019-04-04 12:33:23,1.734723475976807e-18
2019-04-04 12:33:24,1.734723475976807e-18
2019-04-04 12:33:25,1.734723475976807e-18
2019-04-04 12:33:26,1.734723475976807e-18
2019-04-04 12:33:27,1.734723475976807e-18
2019-04-04 12:33:28,1.734723475976807e-18
2019-04-04 12:33:29,1.734723475976807e-18
2019-04-04 12:33:30,1.734723475976807e-18
2019-04-04 12:33:31,1.734723475976807e-18
2019-04-04 12:33:32,1.734723475976807e-18
2019-04-04 12:33:33,1.734723475976807e-18
2019-04-04 12:33:34,1.734723475976807e-18
2019-04-04 12:33:35,1.734723475976807e-18
2019-04-04 12:33:36,1.734723475976807e-18
2019-04-04 12:33:37,1.734723475976807e-18
2019-04-04 12:33:38,1.734723475976807e-18
2019-04-04 12:33:39,1.734723475976807e-18
2019-04-04 12:33:40,1.734723475976807e-18
2019-04-04 12:33:41,1.734723475976807e-18
2019-04-04 12:33:42,1.734723475976807e-18
2019-04-04 12:33:43,1.734723475976807e-18
2019-04-04 12:33:44,1.734723475976807e-18
2019-04-04 12:33:45,1.734723475976807e-18
2019-04-04 12:33:46,1.734723475976807e-18
2019-04-04 12:33:47,1.734723475976807e-18
2019-04-04 12:33:48,1.734723475976807e-18
2019-04-04 12:33:49,1.734723475976807e-18
2019-04-04 12:33:50,1.734723475976807e-18
2019-04-04 12:33:51,1.734723475976807e-18
2019-04-04 12:33:52,1.734723475976807e-18
2019-04-04 12:33:53,1.734723475976807e-18
2019-04-04 12:33:54,1.734723475976807e-18
2019-04-04 12:33:55,1.734723475976807e-18
2019-04-04 12:33:56,1.734723475976807e-18
2019-04-04 12:33:57,1.734723475976807e-18
2019-04-04 12:33:58,1.734723475976807e-18
2019-04-04 12:33:59,1.734723475976807e-18
2019-04-04 12:34:00,1.734723475976807e-18
2019-04-04 12:34:01,1.734723475976807e-18
2019-04-04 12:34:02,1.734723475976807e-18
2019-04-04 12:34:03,1.734723475976807e-18
2019-04-04 12:34:04,1.734723475976807e-18
2019-04-04 12:34:05,1.734723475976807e-18
2019-04-04 12:34:06,1.734723475976807e-18
2019-04-04 12:34:07,1.734723475976807e-18
2019-04-04 12:34:08,1.734723475976807e-18
2019-04-04 12:34:09,1.734723475976807e-18
2019-04-04 12:34:10,1.734723475976807e-18
2019-04-04 12:34:11,1.734723475976807e-18
2019-04-04 12:34:12,1.734723475976807e-18
2019-04-04 12:34:13,1.734723475976807e-18
2019-04-04 12:34:14,1.734723475976807e-18
2019-04-04 12:34:15,1.734723475976807e-18
2019-04-04 12:34:16,1.734723475976807e-18
2019-04-04 12:34:17,1.734723475976807e-18
2019-04-04 12:34:18,1.734723475976807e-18
2019-04-04 12:34:19,1.734723475976807e-18
2019-04-04 12:34:20,1.734723475976807e-18
2019-04-04 12:34:21,-0.00013333333333650187
2019-04-04 12:34:22,-0.00013333333333579236
2019-04-04 12:34:23,-0.00013333333333508113
2019-04-04 12:34:24,-0.0001333333333343699
2019-04-04 12:34:25,-0.0001333333333336604
2019-04-04 12:34:26,3.469446951953614e-18
2019-04-04 12:34:27,3.469446951953614e-18
2019-04-04 12:34:28,3.469446951953614e-18
2019-04-04 12:34:29,3.469446951953614e-18
2019-04-04 12:34:30,3.469446951953614e-18
2019-04-04 12:34:31,3.469446951953614e-18
2019-04-04 12:34:32,3.469446951953614e-18
2019-04-04 12:34:33,3.469446951953614e-18
2019-04-04 12:34:34,3.469446951953614e-18
2019-04-04 12:34:35,3.469446951953614e-18
2019-04-04 12:34:36,3.469446951953614e-18
2019-04-04 12:34:37,3.469446951953614e-18
2019-04-04 12:34:38,3.469446951953614e-18
2019-04-04 12:34:39,3.469446951953614e-18
2019-04-04 12:34:40,3.469446951953614e-18
2019-04-04 12:34:41,-0.000187499999996895
2019-04-04 12:34:42,-0.0003749999999973462
2019-04-04 12:34:43,-0.0005624999999977974
2019-04-04 12:34:44,-0.0005624999999985086
2019-04-04 12:34:45,-0.0005624999999992199
2019-04-04 12:34:46,-0.0003749999999994782
2019-04-04 12:34:47,-0.00018749999999973822
2019-04-04 12:34:48,3.469446951953614e-18
2019-04-04 12:34:49,3.469446951953614e-18
2019-04-04 12:34:50,3.469446951953614e-18
2019-04-04 12:34:51,3.469446951953614e-18
2019-04-04 12:34:52,3.469446951953614e-18
2019-04-04 12:34:53,3.469446951953614e-18
2019-04-04 12:34:54,3.469446951953614e-18
2019-04-04 12:34:55,3.469446951953614e-18
2019-04-04 12:34:56,3.469446951953614e-18
2019-04-04 12:34:57,3.469446951953614e-18
2019-04-04 12:34:58,3.469446951953614e-18
2019-04-04 12:34:59,3.469446951953614e-18
2019-04-04 12:35:00,3.469446951953614e-18
2019-04-04 12:35:01,3.469446951953614e-18
2019-04-04 12:35:02,3.469446951953614e-18
2019-04-04 12:35:03,3.469446951953614e-18
2019-04-04 12:35:04,3.469446951953614e-18
2019-04-04 12:35:05,3.469446951953614e-18
2019-04-04 12:35:06,3.469446951953614e-18
2019-04-04 12:35:07,3.469446951953614e-18
2019-04-04 12:35:08,3.469446951953614e-18
2019-04-04 12:35:09,3.469446951953614e-18
2019-04-04 12:35:10,3.469446951953614e-18
2019-04-04 12:35:11,3.469446951953614e-18
2019-04-04 12:35:12,3.469446951953614e-18
2019-04-04 12:35:13,3.469446951953614e-18
2019-04-04 12:35:14,3.469446951953614e-18
2019-04-04 12:35:15,3.469446951953614e-18
2019-04-04 12:35:16,3.469446951953614e-18
2019-04-04 12:35:17,3.469446951953614e-18
2019-04-04 12:35:18,3.469446951953614e-18
2019-04-04 12:35:19,3.469446951953614e-18
2019-04-04 12:35:20,3.469446951953614e-18
2019-04-04 12:35:21,3.469446951953614e-18
2019-04-04 12:35:22,3.469446951953614e-18
2019-04-04 12:35:23,3.469446951953614e-18
2019-04-04 12:35:24,3.469446951953614e-18
2019-04-04 12:35:25,3.469446951953614e-18
2019-04-04 12:35:26,3.469446951953614e-18
2019-04-04 12:35:27,3.469446951953614e-18
2019-04-04 12:35:28,3.469446951953614e-18
2019-04-04 12:35:29,3.469446951953614e-18
2019-04-04 12:35:30,0.009628571428569516
2019-04-04 12:35:31,-0.0005252747252775143
2019-04-04 12:35:32,-0.0005252747252768031
2019-04-04 12:35:33,-0.0005252747252760918
2019-04-04 12:35:34,-0.0005252747252753823
2019-04-04 12:35:35,-0.00015384615384617453
2019-04-04 12:35:36,3.469446951953614e-18
2019-04-04 12:35:37,3.469446951953614e-18
2019-04-04 12:35:38,3.469446951953614e-18
2019-04-04 12:35:39,3.469446951953614e-18
2019-04-04 12:35:40,3.469446951953614e-18
2019-04-04 12:35:41,3.469446951953614e-18
2019-04-04 12:35:42,3.469446951953614e-18
2019-04-04 12:35:43,3.469446951953614e-18
2019-04-04 12:35:44,3.469446951953614e-18
2019-04-04 12:35:45,3.469446951953614e-18
2019-04-04 12:35:46,3.469446951953614e-18
2019-04-04 12:35:47,3.469446951953614e-18
2019-04-04 12:35:48,3.469446951953614e-18
2019-04-04 12:35:49,3.469446951953614e-18
2019-04-04 12:35:50,3.469446951953614e-18
2019-04-04 12:35:51,3.469446951953614e-18
2019-04-04 12:35:52,3.469446951953614e-18
2019-04-04 12:35:53,3.469446951953614e-18
2019-04-04 12:35:54,3.469446951953614e-18
2019-04-04 12:35:55,3.469446951953614e-18
2019-04-04 12:35:56,3.469446951953614e-18
2019-04-04 12:35:57,3.469446951953614e-18
2019-04-04 12:35:58,3.469446951953614e-18
2019-04-04 12:35:59,3.469446951953614e-18
2019-04-04 12:36:00,3.469446951953614e-18
2019-04-04 12:36:01,3.469446951953614e-18
2019-04-04 12:36:02,3.469446951953614e-18
2019-04-04 12:36:03,3.469446951953614e-18
2019-04-04 12:36:04,3.469446951953614e-18
2019-04-04 12:36:05,3.469446951953614e-18
2019-04-04 12:36:06,3.469446951953614e-18
2019-04-04 12:36:07,3.469446951953614e-18
2019-04-04 12:36:08,3.469446951953614e-18
2019-04-04 12:36:09,3.469446951953614e-18
2019-04-04 12:36:10,3.469446951953614e-18
2019-04-04 12:36:11,3.469446951953614e-18
2019-04-04 12:36:12,3.469446951953614e-18
2019-04-04 12:36:13,3.469446951953614e-18
2019-04-04 12:36:14,3.469446951953614e-18
2019-04-04 12:36:15,3.469446951953614e-18
2019-04-04 12:36:16,3.469446951953614e-18
2019-04-04 12:36:17,3.469446951953614e-18
2019-04-04 12:36:18,3.469446951953614e-18
2019-04-04 12:36:19,3.469446951953614e-18
2019-04-04 12:36:20,3.469446951953614e-18
2019-04-04 12:36:21,3.469446951953614e-18
2019-04-04 12:36:22,3.469446951953614e-18
2019-04-04 12:36:23,3.469446951953614e-18
2019-04-04 12:36:24,3.469446951953614e-18
2019-04-04 12:36:25,3.469446951953614e-18
2019-04-04 12:36:26,3.469446951953614e-18
2019-04-04 12:36:27,3.469446951953614e-18
2019-04-04 12:36:28,3.469446951953614e-18
2019-04-04 12:36:29,3.469446951953614e-18
2019-04-04 12:36:30,3.469446951953614e-18
2019-04-04 12:36:31,3.469446951953614e-18
2019-04-04 12:36:32,3.469446951953614e-18
2019-04-04 12:36:33,3.469446951953614e-18
2019-04-04 12:36:34,3.469446951953614e-18
2019-04-04 12:36:35,3.469446951953614e-18
2019-04-04 12:36:36,3.469446951953614e-18
2019-04-04 12:36:37,3.469446951953614e-18
2019-04-04 12:36:38,3.469446951953614e-18
2019-04-04 12:36:39,3.469446951953614e-18
2019-04-04 12:36:40,3.469446951953614e-18
2019-04-04 12:36:41,3.469446951953614e-18
2019-04-04 12:36:42,3.469446951953614e-18
2019-04-04 12:36:43,3.469446951953614e-18
2019-04-04 12:36:44,3.469446951953614e-18
2019-04-04 12:36:45,3.469446951953614e-18
2019-04-04 12:36:46,3.469446951953614e-18
2019-04-04 12:36:47,3.469446951953614e-18
2019-04-04 12:36:48,3.469446951953614e-18
2019-04-04 12:36:49,3.469446951953614e-18
2019-04-04 12:36:50,3.469446951953614e-18
2019-04-04 12:36:51,3.469446951953614e-18
2019-04-04 12:36:52,3.469446951953614e-18
2019-04-04 12:36:53,3.469446951953614e-18
2019-04-04 12:36:54,3.469446951953614e-18
2019-04-04 12:36:55,3.469446951953614e-18
2019-04-04 12:36:56,3.469446951953614e-18
2019-04-04 12:36:57,3.469446951953614e-18
2019-04-04 12:36:58,3.469446951953614e-18
2019-04-04 12:36:59,3.469446951953614e-18
2019-04-04 12:37:00,3.469446951953614e-18
2019-04-04 12:37:01,3.469446951953614e-18
2019-04-04 12:37:02,3.469446951953614e-18
2019-04-04 12:37:03,3.469446951953614e-18
2019-04-04 12:37:04,3.469446951953614e-18
2019-04-04 12:37:05,3.469446951953614e-18
2019-04-04 12:37:06,3.469446951953614e-18
2019-04-04 12:37:07,3.469446951953614e-18
2019-04-04 12:37:08,3.469446951953614e-18
2019-04-04 12:37:09,3.469446951953614e-18
2019-04-04 12:37:10,3.469446951953614e-18
2019-04-04 12:37:11,3.469446951953614e-18
2019-04-04 12:37:12,3.469446951953614e-18
2019-04-04 12:37:13,3.469446951953614e-18
2019-04-04 12:37:14,3.469446951953614e-18
2019-04-04 12:37:15,3.469446951953614e-18
2019-04-04 12:37:16,3.469446951953614e-18
2019-04-04 12:37:17,3.469446951953614e-18
2019-04-04 12:37:18,3.469446951953614e-18
2019-04-04 12:37:19,3.469446951953614e-18
2019-04-04 12:37:20,3.469446951953614e-18
2019-04-04 12:37:21,3.469446951953614e-18
2019-04-04 12:37:22,3.469446951953614e-18
2019-04-04 12:37:23,3.469446951953614e-18
2019-04-04 12:37:24,3.469446951953614e-18
2019-04-04 12:37:25,3.469446951953614e-18
2019-04-04 12:37:26,3.469446951953614e-18
2019-04-04 12:37:27,3.469446951953614e-18
2019-04-04 12:37:28,3.469446951953614e-18
2019-04-04 12:37:29,3.469446951953614e-18
2019-04-04 12:37:30,3.469446951953614e-18
2019-04-04 12:37:31,3.469446951953614e-18
2019-04-04 12:37:32,3.469446951953614e-18
2019-04-04 12:37:33,3.469446951953614e-18
2019-04-04 12:37:34,3.469446951953614e-18
2019-04-04 12:37:35,3.469446951953614e-18
2019-04-04 12:37:36,3.469446951953614e-18
2019-04-04 12:37:37,3.469446951953614e-18
2019-04-04 12:37:38,3.469446951953614e-18
2019-04-04 12:37:39,3.469446951953614e-18
2019-04-04 12:37:40,3.469446951953614e-18
2019-04-04 12:37:41,3.469446951953614e-18
2019-04-04 12:37:42,3.469446951953614e-18
2019-04-04 12:37:43,3.469446951953614e-18
2019-04-04 12:37:44,3.469446951953614e-18
2019-04-04 12:37:45,3.469446951953614e-18
2019-04-04 12:37:46,3.469446951953614e-18
2019-04-04 12:37:47,3.469446951953614e-18
2019-04-04 12:37:48,3.469446951953614e-18
2019-04-04 12:37:49,3.469446951953614e-18
2019-04-04 12:37:50,3.469446951953614e-18
2019-04-04 12:37:51,3.469446951953614e-18
2019-04-04 12:37:52,3.469446951953614e-18
2019-04-04 12:37:53,3.469446951953614e-18
2019-04-04 12:37:54,3.469446951953614e-18
2019-04-04 12:37:55,3.469446951953614e-18
2019-04-04 12:37:56,3.469446951953614e-18
2019-04-04 12:37:57,3.469446951953614e-18
2019-04-04 12:37:58,3.469446951953614e-18
2019-04-04 12:37:59,3.469446951953614e-18
2019-04-04 12:38:00,3.469446951953614e-18
2019-04-04 12:38:01,3.469446951953614e-18
2019-04-04 12:38:02,3.469446951953614e-18
2019-04-04 12:38:03,3.469446951953614e-18
2019-04-04 12:38:04,3.469446951953614e-18
2019-04-04 12:38:05,3.469446951953614e-18
2019-04-04 12:38:06,3.469446951953614e-18
2019-04-04 12:38:07,3.469446951953614e-18
2019-04-04 12:38:08,3.469446951953614e-18
2019-04-04 12:38:09,3.469446951953614e-18
2019-04-04 12:38:10,3.469446951953614e-18
2019-04-04 12:38:11,3.469446951953614e-18
2019-04-04 12:38:12,3.469446951953614e-18
2019-04-04 12:38:13,3.469446951953614e-18
2019-04-04 12:38:14,3.469446951953614e-18
2019-04-04 12:38:15,3.469446951953614e-18
2019-04-04 12:38:16,3.469446951953614e-18
2019-04-04 12:38:17,3.469446951953614e-18
2019-04-04 12:38:18,-0.0002999999999969867
2019-04-04 12:38:19,-0.00029999999999769794
2019-04-04 12:38:20,-0.0002999999999984092
2019-04-04 12:38:21,-0.0002999999999991187
2019-04-04 12:38:22,-0.0002999999999998299
2019-04-04 12:38:23,3.469446951953614e-18
2019-04-04 12:38:24,3.469446951953614e-18
2019-04-04 12:38:25,3.469446951953614e-18
2019-04-04 12:38:26,3.469446951953614e-18
2019-04-04 12:38:27,3.469446951953614e-18
2019-04-04 12:38:28,3.469446951953614e-18
2019-04-04 12:38:29,3.469446951953614e-18
2019-04-04 12:38:30,3.469446951953614e-18
2019-04-04 12:38:31,3.469446951953614e-18
2019-04-04 12:38:32,3.469446951953614e-18
2019-04-04 12:38:33,3.469446951953614e-18
2019-04-04 12:38:34,3.469446951953614e-18
2019-04-04 12:38:35,3.469446951953614e-18
2019-04-04 12:38:36,3.469446951953614e-18
2019-04-04 12:38:37,3.469446951953614e-18
2019-04-04 12:38:38,3.469446951953614e-18
2019-04-04 12:38:39,3.469446951953614e-18
2019-04-04 12:38:40,3.469446951953614e-18
2019-04-04 12:38:41,3.469446951953614e-18
2019-04-04 12:38:42,3.469446951953614e-18
2019-04-04 12:38:43,3.469446951953614e-18
2019-04-04 12:38:44,3.469446951953614e-18
2019-04-04 12:38:45,3.469446951953614e-18
2019-04-04 12:38:46,3.469446951953614e-18
2019-04-04 12:38:47,3.469446951953614e-18
2019-04-04 12:38:48,3.469446951953614e-18
2019-04-04 12:38:49,3.469446951953614e-18
2019-04-04 12:38:50,3.469446951953614e-18
2019-04-04 12:38:51,3.469446951953614e-18
2019-04-04 12:38:52,3.469446951953614e-18
2019-04-04 12:38:53,3.469446951953614e-18
2019-04-04 12:38:54,-0.00011111111111416355
2019-04-04 12:38:55,-0.00011111111111345232
2019-04-04 12:38:56,-0.00011111111111274281
2019-04-04 12:38:57,-0.00011111111111203158
2019-04-04 12:38:58,-0.00011111111111132208
2019-04-04 12:38:59,3.469446951953614e-18
2019-04-04 12:39:00,3.469446951953614e-18
2019-04-04 12:39:01,3.469446951953614e-18
2019-04-04 12:39:02,3.469446951953614e-18
2019-04-04 12:39:03,3.469446951953614e-18
2019-04-04 12:39:04,3.469446951953614e-18
2019-04-04 12:39:05,3.469446951953614e-18
2019-04-04 12:39:06,3.469446951953614e-18
2019-04-04 12:39:07,3.469446951953614e-18
2019-04-04 12:39:08,3.469446951953614e-18
2019-04-04 12:39:09,3.469446951953614e-18
2019-04-04 12:39:10,3.469446951953614e-18
2019-04-04 12:39:11,3.469446951953614e-18
2019-04-04 12:39:12,3.469446951953614e-18
2019-04-04 12:39:13,3.469446951953614e-18
2019-04-04 12:39:14,3.469446951953614e-18
2019-04-04 12:39:15,3.469446951953614e-18
2019-04-04 12:39:16,3.469446951953614e-18
2019-04-04 12:39:17,3.469446951953614e-18
2019-04-04 12:39:18,3.469446951953614e-18
2019-04-04 12:39:19,3.469446951953614e-18
2019-04-04 12:39:20,3.469446951953614e-18
2019-04-04 12:39:21,-0.00019999999999675833
2019-04-04 12:39:22,-0.00019999999999746956
2019-04-04 12:39:23,-0.00019999999999817906
2019-04-04 12:39:24,-0.0001999999999988903
2019-04-04 12:39:25,-0.00042222222222177905
2019-04-04 12:39:26,-0.00022222222222217404
2019-04-04 12:39:27,-0.0012222222222219754
2019-04-04 12:39:28,0.006777777777776434
2019-04-04 12:39:29,-0.0037936507936500354
2019-04-04 12:39:30,-0.0035714285714278596
2019-04-04 12:39:31,-0.0035714285714278596
2019-04-04 12:39:32,-0.0025714285714280583
2019-04-04 12:39:33,-0.0005714285714284555
2019-04-04 12:39:34,1.734723475976807e-18
2019-04-04 12:39:35,1.734723475976807e-18
2019-04-04 12:39:36,1.734723475976807e-18
2019-04-04 12:39:37,1.734723475976807e-18
2019-04-04 12:39:38,1.734723475976807e-18
2019-04-04 12:39:39,1.734723475976807e-18
2019-04-04 12:39:40,1.734723475976807e-18
2019-04-04 12:39:41,1.734723475976807e-18
2019-04-04 12:39:42,1.734723475976807e-18
2019-04-04 12:39:43,1.734723475976807e-18
2019-04-04 12:39:44,1.734723475976807e-18
2019-04-04 12:39:45,1.734723475976807e-18
2019-04-04 12:39:46,1.734723475976807e-18
2019-04-04 12:39:47,1.734723475976807e-18
2019-04-04 12:39:48,1.734723475976807e-18
2019-04-04 12:39:49,1.734723475976807e-18
2019-04-04 12:39:50,1.734723475976807e-18
2019-04-04 12:39:51,1.734723475976807e-18
2019-04-04 12:39:52,1.734723475976807e-18
2019-04-04 12:39:53,1.734723475976807e-18
2019-04-04 12:39:54,1.734723475976807e-18
2019-04-04 12:39:55,1.734723475976807e-18
2019-04-04 12:39:56,1.734723475976807e-18
2019-04-04 12:39:57,1.734723475976807e-18
2019-04-04 12:39:58,1.734723475976807e-18
2019-04-04 12:39:59,1.734723475976807e-18
2019-04-04 12:40:00,1.734723475976807e-18
2019-04-04 12:40:01,1.734723475976807e-18
2019-04-04 12:40:02,1.734723475976807e-18
2019-04-04 12:40:03,1.734723475976807e-18
2019-04-04 12:40:04,1.734723475976807e-18
2019-04-04 12:40:05,1.734723475976807e-18
2019-04-04 12:40:06,1.734723475976807e-18
2019-04-04 12:40:07,1.734723475976807e-18
2019-04-04 12:40:08,1.734723475976807e-18
2019-04-04 12:40:09,1.734723475976807e-18
2019-04-04 12:40:10,1.734723475976807e-18
2019-04-04 12:40:11,1.734723475976807e-18
2019-04-04 12:40:12,1.734723475976807e-18
2019-04-04 12:40:13,1.734723475976807e-18
2019-04-04 12:40:14,1.734723475976807e-18
2019-04-04 12:40:15,1.734723475976807e-18
2019-04-04 12:40:16,1.734723475976807e-18
2019-04-04 12:40:17,1.734723475976807e-18
2019-04-04 12:40:18,1.734723475976807e-18
2019-04-04 12:40:19,1.734723475976807e-18
2019-04-04 12:40:20,1.734723475976807e-18
2019-04-04 12:40:21,1.734723475976807e-18
2019-04-04 12:40:22,1.734723475976807e-18
2019-04-04 12:40:23,1.734723475976807e-18
2019-04-04 12:40:24,1.734723475976807e-18
2019-04-04 12:40:25,1.734723475976807e-18
2019-04-04 12:40:26,1.734723475976807e-18
2019-04-04 12:40:27,1.734723475976807e-18
2019-04-04 12:40:28,1.734723475976807e-18
2019-04-04 12:40:29,1.734723475976807e-18
2019-04-04 12:40:30,1.734723475976807e-18
2019-04-04 12:40:31,1.734723475976807e-18
2019-04-04 12:40:32,1.734723475976807e-18
2019-04-04 12:40:33,1.734723475976807e-18
2019-04-04 12:40:34,1.734723475976807e-18
2019-04-04 12:40:35,1.734723475976807e-18
2019-04-04 12:40:36,1.734723475976807e-18
2019-04-04 12:40:37,1.734723475976807e-18
2019-04-04 12:40:38,1.734723475976807e-18
2019-04-04 12:40:39,1.734723475976807e-18
2019-04-04 12:40:40,1.734723475976807e-18
2019-04-04 12:40:41,1.734723475976807e-18
2019-04-04 12:40:42,1.734723475976807e-18
2019-04-04 12:40:43,-0.00025806451613209595
2019-04-04 12:40:44,-0.00025806451613138645
2019-04-04 12:40:45,-0.0002580645161306752
2019-04-04 12:40:46,-0.000258064516129964
2019-04-04 12:40:47,-0.0002580645161292545
2019-04-04 12:40:48,1.734723475976807e-18
2019-04-04 12:40:49,1.734723475976807e-18
2019-04-04 12:40:50,1.734723475976807e-18
2019-04-04 12:40:51,1.734723475976807e-18
2019-04-04 12:40:52,1.734723475976807e-18
2019-04-04 12:40:53,1.734723475976807e-18
2019-04-04 12:40:54,1.734723475976807e-18
2019-04-04 12:40:55,1.734723475976807e-18
2019-04-04 12:40:56,1.734723475976807e-18
2019-04-04 12:40:57,1.734723475976807e-18
2019-04-04 12:40:58,1.734723475976807e-18
2019-04-04 12:40:59,1.734723475976807e-18
2019-04-04 12:41:00,1.734723475976807e-18
2019-04-04 12:41:01,1.734723475976807e-18
2019-04-04 12:41:02,1.734723475976807e-18
2019-04-04 12:41:03,1.734723475976807e-18
2019-04-04 12:41:04,1.734723475976807e-18
2019-04-04 12:41:05,1.734723475976807e-18
2019-04-04 12:41:06,1.734723475976807e-18
2019-04-04 12:41:07,1.734723475976807e-18
2019-04-04 12:41:08,1.734723475976807e-18
2019-04-04 12:41:09,1.734723475976807e-18
2019-04-04 12:41:10,1.734723475976807e-18
2019-04-04 12:41:11,1.734723475976807e-18
2019-04-04 12:41:12,1.734723475976807e-18
2019-04-04 12:41:13,1.734723475976807e-18
2019-04-04 12:41:14,1.734723475976807e-18
2019-04-04 12:41:15,1.734723475976807e-18
2019-04-04 12:41:16,1.734723475976807e-18
2019-04-04 12:41:17,1.734723475976807e-18
2019-04-04 12:41:18,1.734723475976807e-18
2019-04-04 12:41:19,1.734723475976807e-18
2019-04-04 12:41:20,1.734723475976807e-18
2019-04-04 12:41:21,1.734723475976807e-18
2019-04-04 12:41:22,1.734723475976807e-18
2019-04-04 12:41:23,1.734723475976807e-18
2019-04-04 12:41:24,1.734723475976807e-18
2019-04-04 12:41:25,1.734723475976807e-18
2019-04-04 12:41:26,1.734723475976807e-18
2019-04-04 12:41:27,1.734723475976807e-18
2019-04-04 12:41:28,1.734723475976807e-18
2019-04-04 12:41:29,1.734723475976807e-18
2019-04-04 12:41:30,1.734723475976807e-18
2019-04-04 12:41:31,1.734723475976807e-18
2019-04-04 12:41:32,1.734723475976807e-18
2019-04-04 12:41:33,1.734723475976807e-18
2019-04-04 12:41:34,1.734723475976807e-18
2019-04-04 12:41:35,1.734723475976807e-18
2019-04-04 12:41:36,1.734723475976807e-18
2019-04-04 12:41:37,1.734723475976807e-18
2019-04-04 12:41:38,1.734723475976807e-18
2019-04-04 12:41:39,1.734723475976807e-18
2019-04-04 12:41:40,1.734723475976807e-18
2019-04-04 12:41:41,1.734723475976807e-18
2019-04-04 12:41:42,1.734723475976807e-18
2019-04-04 12:41:43,1.734723475976807e-18
2019-04-04 12:41:44,1.734723475976807e-18
2019-04-04 12:41:45,1.734723475976807e-18
2019-04-04 12:41:46,1.734723475976807e-18
2019-04-04 12:41:47,1.734723475976807e-18
2019-04-04 12:41:48,1.734723475976807e-18
2019-04-04 12:41:49,1.734723475976807e-18
2019-04-04 12:41:50,1.734723475976807e-18
2019-04-04 12:41:51,-0.00021052631578625212
2019-04-04 12:41:52,-0.00021052631578696336
2019-04-04 12:41:53,-0.00021052631578767286
2019-04-04 12:41:54,-0.0002105263157883841
2019-04-04 12:41:55,-0.00021052631578909534
2019-04-04 12:41:56,0.0
2019-04-04 12:41:57,0.0
2019-04-04 12:41:58,0.0
2019-04-04 12:41:59,0.0
2019-04-04 12:42:00,0.0
2019-04-04 12:42:01,0.0
2019-04-04 12:42:02,0.0
2019-04-04 12:42:03,0.0
2019-04-04 12:42:04,0.0
2019-04-04 12:42:05,0.0
2019-04-04 12:42:06,0.0
2019-04-04 12:42:07,0.0
2019-04-04 12:42:08,0.0
2019-04-04 12:42:09,0.0
2019-04-04 12:42:10,0.0
2019-04-04 12:42:11,0.0
2019-04-04 12:42:12,0.0
2019-04-04 12:42:13,0.0
2019-04-04 12:42:14,0.0
2019-04-04 12:42:15,0.0
2019-04-04 12:42:16,0.0
2019-04-04 12:42:17,0.0
2019-04-04 12:42:18,0.0
2019-04-04 12:42:19,0.0
2019-04-04 12:42:20,0.0
2019-04-04 12:42:21,0.0
2019-04-04 12:42:22,0.0
2019-04-04 12:42:23,0.0
2019-04-04 12:42:24,0.0
2019-04-04 12:42:25,0.0
2019-04-04 12:42:26,0.0
2019-04-04 12:42:27,0.0
2019-04-04 12:42:28,0.0
2019-04-04 12:42:29,0.0
2019-04-04 12:42:30,0.0
2019-04-04 12:42:31,0.0
2019-04-04 12:42:32,0.0
2019-04-04 12:42:33,0.0
2019-04-04 12:42:34,0.0
2019-04-04 12:42:35,0.0
2019-04-04 12:42:36,0.0
2019-04-04 12:42:37,0.0
2019-04-04 12:42:38,0.0
2019-04-04 12:42:39,0.0
2019-04-04 12:42:40,0.0
2019-04-04 12:42:41,0.0
2019-04-04 12:42:42,0.0
2019-04-04 12:42:43,0.0
2019-04-04 12:42:44,0.0
2019-04-04 12:42:45,0.0
2019-04-04 12:42:46,0.0
2019-04-04 12:42:47,0.0
2019-04-04 12:42:48,0.0
2019-04-04 12:42:49,0.0
2019-04-04 12:42:50,0.0
2019-04-04 12:42:51,0.0
2019-04-04 12:42:52,0.0
2019-04-04 12:42:53,0.0
2019-04-04 12:42:54,0.0
2019-04-04 12:42:55,0.0
2019-04-04 12:42:56,0.0
2019-04-04 12:42:57,0.0
2019-04-04 12:42:58,0.0
2019-04-04 12:42:59,0.0
2019-04-04 12:43:00,0.0
2019-04-04 12:43:01,0.0
2019-04-04 12:43:02,0.0
2019-04-04 12:43:03,0.0
2019-04-04 12:43:04,0.0
2019-04-04 12:43:05,0.0
2019-04-04 12:43:06,0.0
2019-04-04 12:43:07,0.0
2019-04-04 12:43:08,0.0
2019-04-04 12:43:09,0.0
2019-04-04 12:43:10,0.0
2019-04-04 12:43:11,0.0
2019-04-04 12:43:12,0.0
2019-04-04 12:43:13,0.0
2019-04-04 12:43:14,0.0
2019-04-04 12:43:15,0.0
2019-04-04 12:43:16,0.0
2019-04-04 12:43:17,0.0
2019-04-04 12:43:18,0.0
2019-04-04 12:43:19,0.0
2019-04-04 12:43:20,0.0
2019-04-04 12:43:21,0.0
2019-04-04 12:43:22,0.0
2019-04-04 12:43:23,0.0
2019-04-04 12:43:24,0.0
2019-04-04 12:43:25,0.0
2019-04-04 12:43:26,0.0
2019-04-04 12:43:27,0.0
2019-04-04 12:43:28,0.0
2019-04-04 12:43:29,0.0
2019-04-04 12:43:30,0.0
2019-04-04 12:43:31,0.0
2019-04-04 12:43:32,0.0
2019-04-04 12:43:33,0.0
2019-04-04 12:43:34,0.0
2019-04-04 12:43:35,0.0
2019-04-04 12:43:36,0.0
2019-04-04 12:43:37,0.0
2019-04-04 12:43:38,0.0
2019-04-04 12:43:39,0.0
2019-04-04 12:43:40,0.0
2019-04-04 12:43:41,0.0
2019-04-04 12:43:42,0.0
2019-04-04 12:43:43,0.0
2019-04-04 12:43:44,0.0
2019-04-04 12:43:45,0.0
2019-04-04 12:43:46,0.0
2019-04-04 12:43:47,0.0
2019-04-04 12:43:48,0.0
2019-04-04 12:43:49,0.0
2019-04-04 12:43:50,0.0
2019-04-04 12:43:51,0.0
2019-04-04 12:43:52,0.0
2019-04-04 12:43:53,0.0
2019-04-04 12:43:54,0.0
2019-04-04 12:43:55,0.0
2019-04-04 12:43:56,0.0
2019-04-04 12:43:57,0.0
2019-04-04 12:43:58,0.0
2019-04-04 12:43:59,0.0
2019-04-04 12:44:00,0.0
2019-04-04 12:44:01,0.0
2019-04-04 12:44:02,0.0
2019-04-04 12:44:03,0.0
2019-04-04 12:44:04,0.0
2019-04-04 12:44:05,0.0
2019-04-04 12:44:06,0.0
2019-04-04 12:44:07,0.0
2019-04-04 12:44:08,0.0
2019-04-04 12:44:09,0.0
2019-04-04 12:44:10,0.0
2019-04-04 12:44:11,0.0
2019-04-04 12:44:12,0.0
2019-04-04 12:44:13,0.0
2019-04-04 12:44:14,0.0
2019-04-04 12:44:15,0.0
2019-04-04 12:44:16,0.0
2019-04-04 12:44:17,0.0
2019-04-04 12:44:18,0.0
2019-04-04 12:44:19,0.0
2019-04-04 12:44:20,0.0
2019-04-04 12:44:21,0.0
2019-04-04 12:44:22,0.0
2019-04-04 12:44:23,0.0
2019-04-04 12:44:24,0.0
2019-04-04 12:44:25,0.0
2019-04-04 12:44:26,0.0
2019-04-04 12:44:27,0.0
2019-04-04 12:44:28,0.0
2019-04-04 12:44:29,0.0
2019-04-04 12:44:30,0.0
2019-04-04 12:44:31,0.0
2019-04-04 12:44:32,0.0
2019-04-04 12:44:33,0.0
2019-04-04 12:44:34,0.0
2019-04-04 12:44:35,0.0
2019-04-04 12:44:36,0.0
2019-04-04 12:44:37,0.0
2019-04-04 12:44:38,0.0
2019-04-04 12:44:39,0.0
2019-04-04 12:44:40,0.0
2019-04-04 12:44:41,0.0
2019-04-04 12:44:42,0.0
2019-04-04 12:44:43,0.0
2019-04-04 12:44:44,0.0
2019-04-04 12:44:45,0.0
2019-04-04 12:44:46,0.0
2019-04-04 12:44:47,0.0
2019-04-04 12:44:48,0.0
2019-04-04 12:44:49,0.0
2019-04-04 12:44:50,0.0
2019-04-04 12:44:51,0.0
2019-04-04 12:44:52,0.0
2019-04-04 12:44:53,0.0
2019-04-04 12:44:54,0.0
2019-04-04 12:44:55,0.0
2019-04-04 12:44:56,0.0
2019-04-04 12:44:57,0.0
2019-04-04 12:44:58,0.0
2019-04-04 12:44:59,0.0
2019-04-04 12:45:00,0.0
2019-04-04 12:45:01,0.0
2019-04-04 12:45:02,0.0
2019-04-04 12:45:03,0.0
2019-04-04 12:45:04,0.0
2019-04-04 12:45:05,0.0
2019-04-04 12:45:06,0.0
2019-04-04 12:45:07,0.0
2019-04-04 12:45:08,0.0
2019-04-04 12:45:09,0.0
2019-04-04 12:45:10,0.0
2019-04-04 12:45:11,0.0
2019-04-04 12:45:12,0.0
2019-04-04 12:45:13,0.0
2019-04-04 12:45:14,0.0
2019-04-04 12:45:15,0.0
2019-04-04 12:45:16,0.0
2019-04-04 12:45:17,0.0
2019-04-04 12:45:18,0.0
2019-04-04 12:45:19,0.0
2019-04-04 12:45:20,0.0
2019-04-04 12:45:21,0.0
2019-04-04 12:45:22,0.0
2019-04-04 12:45:23,0.0
2019-04-04 12:45:24,0.0
2019-04-04 12:45:25,0.0
2019-04-04 12:45:26,0.0
2019-04-04 12:45:27,0.0
2019-04-04 12:45:28,0.0
2019-04-04 12:45:29,0.0
2019-04-04 12:45:30,-0.00027272727273035084
2019-04-04 12:45:31,-0.00027272727272964134
2019-04-04 12:45:32,-0.0002727272727289301
2019-04-04 12:45:33,-0.00027272727272821887
2019-04-04 12:45:34,-0.00027272727272750937
2019-04-04 12:45:35,0.0
2019-04-04 12:45:36,0.0
2019-04-04 12:45:37,0.0
2019-04-04 12:45:38,0.0
2019-04-04 12:45:39,0.0
2019-04-04 12:45:40,0.0
2019-04-04 12:45:41,0.0
2019-04-04 12:45:42,0.0
2019-04-04 12:45:43,0.0
2019-04-04 12:45:44,0.0
2019-04-04 12:45:45,0.0
2019-04-04 12:45:46,0.0
2019-04-04 12:45:47,0.0
2019-04-04 12:45:48,0.0
2019-04-04 12:45:49,0.0
2019-04-04 12:45:50,0.0
2019-04-04 12:45:51,0.0
2019-04-04 12:45:52,0.0
2019-04-04 12:45:53,0.0
2019-04-04 12:45:54,0.0
2019-04-04 12:45:55,0.0
2019-04-04 12:45:56,0.0
2019-04-04 12:45:57,0.0
2019-04-04 12:45:58,0.0
2019-04-04 12:45:59,0.0
2019-04-04 12:46:00,0.0
2019-04-04 12:46:01,0.0
2019-04-04 12:46:02,0.0
2019-04-04 12:46:03,0.0
2019-04-04 12:46:04,0.0
2019-04-04 12:46:05,0.0
2019-04-04 12:46:06,0.0
2019-04-04 12:46:07,0.0
2019-04-04 12:46:08,0.0
2019-04-04 12:46:09,0.0
2019-04-04 12:46:10,0.0
2019-04-04 12:46:11,0.0
2019-04-04 12:46:12,0.0
2019-04-04 12:46:13,0.0
2019-04-04 12:46:14,0.0
2019-04-04 12:46:15,0.0
2019-04-04 12:46:16,0.0
2019-04-04 12:46:17,0.0
2019-04-04 12:46:18,0.0
2019-04-04 12:46:19,0.0
2019-04-04 12:46:20,0.0
2019-04-04 12:46:21,0.0
2019-04-04 12:46:22,0.0
2019-04-04 12:46:23,0.0
2019-04-04 12:46:24,0.0
2019-04-04 12:46:25,0.0
2019-04-04 12:46:26,0.0
2019-04-04 12:46:27,0.0
2019-04-04 12:46:28,0.0
2019-04-04 12:46:29,0.0
2019-04-04 12:46:30,0.0
2019-04-04 12:46:31,0.0
2019-04-04 12:46:32,0.0
2019-04-04 12:46:33,0.0
2019-04-04 12:46:34,0.0
2019-04-04 12:46:35,0.0
2019-04-04 12:46:36,0.0
2019-04-04 12:46:37,0.0
2019-04-04 12:46:38,0.0
2019-04-04 12:46:39,0.0
2019-04-04 12:46:40,0.0
2019-04-04 12:46:41,0.0
2019-04-04 12:46:42,0.0
2019-04-04 12:46:43,0.0
2019-04-04 12:46:44,0.0
2019-04-04 12:46:45,0.0
2019-04-04 12:46:46,0.0
2019-04-04 12:46:47,0.0
2019-04-04 12:46:48,0.0
2019-04-04 12:46:49,0.0
2019-04-04 12:46:50,0.0
2019-04-04 12:46:51,0.0
2019-04-04 12:46:52,0.0
2019-04-04 12:46:53,0.0
2019-04-04 12:46:54,0.0
2019-04-04 12:46:55,0.0
2019-04-04 12:46:56,0.0
2019-04-04 12:46:57,0.0
2019-04-04 12:46:58,0.0
2019-04-04 12:46:59,0.0
2019-04-04 12:47:00,0.0
2019-04-04 12:47:01,0.0
2019-04-04 12:47:02,0.0
2019-04-04 12:47:03,0.0
2019-04-04 12:47:04,0.0
2019-04-04 12:47:05,0.0
2019-04-04 12:47:06,0.0
2019-04-04 12:47:07,0.0
2019-04-04 12:47:08,0.0
2019-04-04 12:47:09,0.0
2019-04-04 12:47:10,0.0
2019-04-04 12:47:11,0.0
2019-04-04 12:47:12,0.0
2019-04-04 12:47:13,0.0
2019-04-04 12:47:14,0.0
2019-04-04 12:47:15,0.0
2019-04-04 12:47:16,0.0
2019-04-04 12:47:17,0.0
2019-04-04 12:47:18,0.0
2019-04-04 12:47:19,0.0
2019-04-04 12:47:20,0.0
2019-04-04 12:47:21,0.0
2019-04-04 12:47:22,0.0
2019-04-04 12:47:23,0.0
2019-04-04 12:47:24,0.0
2019-04-04 12:47:25,0.0
2019-04-04 12:47:26,0.0
2019-04-04 12:47:27,0.0
2019-04-04 12:47:28,0.0
2019-04-04 12:47:29,0.0
2019-04-04 12:47:30,0.0
2019-04-04 12:47:31,0.0
2019-04-04 12:47:32,0.0
2019-04-04 12:47:33,0.0
2019-04-04 12:47:34,0.0
2019-04-04 12:47:35,0.0
2019-04-04 12:47:36,0.0
2019-04-04 12:47:37,0.0
2019-04-04 12:47:38,0.0
2019-04-04 12:47:39,0.0
2019-04-04 12:47:40,0.0
2019-04-04 12:47:41,0.0
2019-04-04 12:47:42,0.0
2019-04-04 12:47:43,0.0
2019-04-04 12:47:44,0.0
2019-04-04 12:47:45,0.0
2019-04-04 12:47:46,0.0
2019-04-04 12:47:47,0.0
2019-04-04 12:47:48,0.0
2019-04-04 12:47:49,0.0
2019-04-04 12:47:50,0.0
2019-04-04 12:47:51,0.0
2019-04-04 12:47:52,0.0
2019-04-04 12:47:53,0.0
2019-04-04 12:47:54,0.0
2019-04-04 12:47:55,0.0
2019-04-04 12:47:56,0.0
2019-04-04 12:47:57,0.0
2019-04-04 12:47:58,0.0
2019-04-04 12:47:59,0.0
2019-04-04 12:48:00,0.0
2019-04-04 12:48:01,0.0
2019-04-04 12:48:02,0.0
2019-04-04 12:48:03,0.0
2019-04-04 12:48:04,0.0
2019-04-04 12:48:05,0.0
2019-04-04 12:48:06,0.0
2019-04-04 12:48:07,0.0
2019-04-04 12:48:08,0.0
2019-04-04 12:48:09,0.0
2019-04-04 12:48:10,0.0
2019-04-04 12:48:11,0.0
2019-04-04 12:48:12,0.0
2019-04-04 12:48:13,0.0
2019-04-04 12:48:14,0.0
2019-04-04 12:48:15,0.0
2019-04-04 12:48:16,0.0
2019-04-04 12:48:17,0.0
2019-04-04 12:48:18,0.0
2019-04-04 12:48:19,0.0
2019-04-04 12:48:20,0.0
2019-04-04 12:48:21,0.0
2019-04-04 12:48:22,0.0
2019-04-04 12:48:23,0.0
2019-04-04 12:48:24,0.0
2019-04-04 12:48:25,0.0
2019-04-04 12:48:26,0.0
2019-04-04 12:48:27,0.0
2019-04-04 12:48:28,0.0
2019-04-04 12:48:29,0.0
2019-04-04 12:48:30,0.0
2019-04-04 12:48:31,0.0
2019-04-04 12:48:32,0.0
2019-04-04 12:48:33,0.0
2019-04-04 12:48:34,0.0
2019-04-04 12:48:35,0.0
2019-04-04 12:48:36,0.0
2019-04-04 12:48:37,0.0
2019-04-04 12:48:38,0.0
2019-04-04 12:48:39,0.0
2019-04-04 12:48:40,0.0
2019-04-04 12:48:41,0.0
2019-04-04 12:48:42,0.0
2019-04-04 12:48:43,0.0
2019-04-04 12:48:44,0.0
2019-04-04 12:48:45,0.0
2019-04-04 12:48:46,0.0
2019-04-04 12:48:47,0.0
2019-04-04 12:48:48,0.0
2019-04-04 12:48:49,0.0
2019-04-04 12:48:50,0.0
2019-04-04 12:48:51,0.0
2019-04-04 12:48:52,0.0
2019-04-04 12:48:53,0.0
2019-04-04 12:48:54,0.0
2019-04-04 12:48:55,0.0
2019-04-04 12:48:56,0.0
2019-04-04 12:48:57,0.0
2019-04-04 12:48:58,0.0
2019-04-04 12:48:59,0.0
2019-04-04 12:49:00,0.0
2019-04-04 12:49:01,0.0
2019-04-04 12:49:02,0.0
2019-04-04 12:49:03,0.0
2019-04-04 12:49:04,0.0
2019-04-04 12:49:05,0.0
2019-04-04 12:49:06,0.0
2019-04-04 12:49:07,0.0
2019-04-04 12:49:08,0.0
2019-04-04 12:49:09,0.0
2019-04-04 12:49:10,0.0
2019-04-04 12:49:11,0.0
2019-04-04 12:49:12,0.0
2019-04-04 12:49:13,0.0
2019-04-04 12:49:14,0.0
2019-04-04 12:49:15,0.0
2019-04-04 12:49:16,0.0
2019-04-04 12:49:17,0.0
2019-04-04 12:49:18,0.0
2019-04-04 12:49:19,0.0
2019-04-04 12:49:20,0.0
2019-04-04 12:49:21,0.0
2019-04-04 12:49:22,-0.0004761904761872854
2019-04-04 12:49:23,-0.0004761904761879966
2019-04-04 12:49:24,-0.0004761904761887061
2019-04-04 12:49:25,-0.00047619047618941736
2019-04-04 12:49:26,-0.00047619047619012686
2019-04-04 12:49:27,0.0
2019-04-04 12:49:28,0.0
2019-04-04 12:49:29,0.0
2019-04-04 12:49:30,0.0
2019-04-04 12:49:31,0.0
2019-04-04 12:49:32,0.0
2019-04-04 12:49:33,0.0
2019-04-04 12:49:34,0.0
2019-04-04 12:49:35,0.0
2019-04-04 12:49:36,0.0
2019-04-04 12:49:37,0.0
2019-04-04 12:49:38,0.0
2019-04-04 12:49:39,0.0
2019-04-04 12:49:40,0.0
2019-04-04 12:49:41,0.0
2019-04-04 12:49:42,0.0
2019-04-04 12:49:43,0.0
2019-04-04 12:49:44,0.0
2019-04-04 12:49:45,0.0
2019-04-04 12:49:46,0.0
2019-04-04 12:49:47,0.0
2019-04-04 12:49:48,0.0
2019-04-04 12:49:49,0.0
2019-04-04 12:49:50,0.0
2019-04-04 12:49:51,0.0
2019-04-04 12:49:52,0.0
2019-04-04 12:49:53,0.0
2019-04-04 12:49:54,0.0
2019-04-04 12:49:55,0.0
2019-04-04 12:49:56,0.0
2019-04-04 12:49:57,0.0
2019-04-04 12:49:58,0.0
2019-04-04 12:49:59,0.0
2019-04-04 12:50:00,0.0
2019-04-04 12:50:01,0.0
2019-04-04 12:50:02,0.0
2019-04-04 12:50:03,0.0
2019-04-04 12:50:04,0.0
2019-04-04 12:50:05,0.0
2019-04-04 12:50:06,0.0
2019-04-04 12:50:07,0.0
2019-04-04 12:50:08,0.0
2019-04-04 12:50:09,0.0
2019-04-04 12:50:10,0.0
2019-04-04 12:50:11,0.0
2019-04-04 12:50:12,0.0
2019-04-04 12:50:13,0.0
2019-04-04 12:50:14,0.0
2019-04-04 12:50:15,0.0
2019-04-04 12:50:16,0.0
2019-04-04 12:50:17,0.0
2019-04-04 12:50:18,0.0
2019-04-04 12:50:19,0.0
2019-04-04 12:50:20,0.0
2019-04-04 12:50:21,0.0
2019-04-04 12:50:22,0.0
2019-04-04 12:50:23,0.0
2019-04-04 12:50:24,0.0
2019-04-04 12:50:25,0.0
2019-04-04 12:50:26,0.0
2019-04-04 12:50:27,0.0
2019-04-04 12:50:28,0.0
2019-04-04 12:50:29,0.0
2019-04-04 12:50:30,0.0
2019-04-04 12:50:31,0.0
2019-04-04 12:50:32,0.0
2019-04-04 12:50:33,0.0
2019-04-04 12:50:34,0.0
2019-04-04 12:50:35,0.0
2019-04-04 12:50:36,0.0
2019-04-04 12:50:37,0.0
2019-04-04 12:50:38,0.0
2019-04-04 12:50:39,0.0
2019-04-04 12:50:40,0.0
2019-04-04 12:50:41,0.0
2019-04-04 12:50:42,0.0
2019-04-04 12:50:43,0.0
2019-04-04 12:50:44,0.0
2019-04-04 12:50:45,0.0
2019-04-04 12:50:46,0.0
2019-04-04 12:50:47,0.0
2019-04-04 12:50:48,0.0
2019-04-04 12:50:49,0.0
2019-04-04 12:50:50,0.0
2019-04-04 12:50:51,0.0
2019-04-04 12:50:52,0.0
2019-04-04 12:50:53,0.0
2019-04-04 12:50:54,0.0
2019-04-04 12:50:55,0.0
2019-04-04 12:50:56,0.0
2019-04-04 12:50:57,0.0
2019-04-04 12:50:58,0.0
2019-04-04 12:50:59,0.0
2019-04-04 12:51:00,0.0
2019-04-04 12:51:01,0.0
2019-04-04 12:51:02,0.0
2019-04-04 12:51:03,0.0
2019-04-04 12:51:04,0.0
2019-04-04 12:51:05,0.0
2019-04-04 12:51:06,0.0
2019-04-04 12:51:07,0.0
2019-04-04 12:51:08,0.0
2019-04-04 12:51:09,0.0
2019-04-04 12:51:10,0.0
2019-04-04 12:51:11,0.0
2019-04-04 12:51:12,0.0
2019-04-04 12:51:13,0.0
2019-04-04 12:51:14,0.0
2019-04-04 12:51:15,0.0
2019-04-04 12:51:16,0.0
2019-04-04 12:51:17,0.0
2019-04-04 12:51:18,0.0
2019-04-04 12:51:19,0.0
2019-04-04 12:51:20,0.0
2019-04-04 12:51:21,0.0
2019-04-04 12:51:22,0.0
2019-04-04 12:51:23,0.0
2019-04-04 12:51:24,0.0
2019-04-04 12:51:25,0.0
2019-04-04 12:51:26,0.0
2019-04-04 12:51:27,0.0
2019-04-04 12:51:28,0.0
2019-04-04 12:51:29,0.0
2019-04-04 12:51:30,0.0
2019-04-04 12:51:31,0.0
2019-04-04 12:51:32,0.0
2019-04-04 12:51:33,0.0
2019-04-04 12:51:34,0.0
2019-04-04 12:51:35,0.0
2019-04-04 12:51:36,0.0
2019-04-04 12:51:37,0.0
2019-04-04 12:51:38,0.0
2019-04-04 12:51:39,0.0
2019-04-04 12:51:40,0.0
2019-04-04 12:51:41,0.0
2019-04-04 12:51:42,0.0
2019-04-04 12:51:43,0.0
2019-04-04 12:51:44,0.0
2019-04-04 12:51:45,0.0
2019-04-04 12:51:46,0.0
2019-04-04 12:51:47,0.0
2019-04-04 12:51:48,0.0
2019-04-04 12:51:49,0.0
2019-04-04 12:51:50,0.0
2019-04-04 12:51:51,0.0
2019-04-04 12:51:52,0.0
2019-04-04 12:51:53,0.0
2019-04-04 12:51:54,0.0
2019-04-04 12:51:55,0.0
2019-04-04 12:51:56,0.0
2019-04-04 12:51:57,0.0
2019-04-04 12:51:58,0.0
2019-04-04 12:51:59,0.0
2019-04-04 12:52:00,0.0
2019-04-04 12:52:01,0.0
2019-04-04 12:52:02,0.0
2019-04-04 12:52:03,0.0
2019-04-04 12:52:04,0.0
2019-04-04 12:52:05,0.0
2019-04-04 12:52:06,0.0
2019-04-04 12:52:07,0.0
2019-04-04 12:52:08,0.0
2019-04-04 12:52:09,0.0
2019-04-04 12:52:10,0.0
2019-04-04 12:52:11,0.0
2019-04-04 12:52:12,0.0
2019-04-04 12:52:13,0.0
2019-04-04 12:52:14,0.0
2019-04-04 12:52:15,0.0
2019-04-04 12:52:16,0.0
2019-04-04 12:52:17,0.0
2019-04-04 12:52:18,0.0
2019-04-04 12:52:19,0.0
2019-04-04 12:52:20,0.0
2019-04-04 12:52:21,0.0
2019-04-04 12:52:22,0.0
2019-04-04 12:52:23,0.0
2019-04-04 12:52:24,0.0
2019-04-04 12:52:25,0.0
2019-04-04 12:52:26,0.0
2019-04-04 12:52:27,0.0
2019-04-04 12:52:28,0.0
2019-04-04 12:52:29,0.0
2019-04-04 12:52:30,0.0
2019-04-04 12:52:31,0.0
2019-04-04 12:52:32,0.0
2019-04-04 12:52:33,0.0
2019-04-04 12:52:34,0.0
2019-04-04 12:52:35,0.0
2019-04-04 12:52:36,0.0
2019-04-04 12:52:37,0.0
2019-04-04 12:52:38,0.0
2019-04-04 12:52:39,0.0
2019-04-04 12:52:40,0.0
2019-04-04 12:52:41,0.0
2019-04-04 12:52:42,0.0
2019-04-04 12:52:43,0.0
2019-04-04 12:52:44,0.0
2019-04-04 12:52:45,0.0
2019-04-04 12:52:46,0.0
2019-04-04 12:52:47,0.0
2019-04-04 12:52:48,0.0
2019-04-04 12:52:49,0.0
2019-04-04 12:52:50,0.0
2019-04-04 12:52:51,0.0
2019-04-04 12:52:52,0.0
2019-04-04 12:52:53,0.0
2019-04-04 12:52:54,0.0
2019-04-04 12:52:55,0.0
2019-04-04 12:52:56,0.0
2019-04-04 12:52:57,0.0
2019-04-04 12:52:58,0.0
2019-04-04 12:52:59,0.0
2019-04-04 12:53:00,0.0
2019-04-04 12:53:01,0.0
2019-04-04 12:53:02,0.0
2019-04-04 12:53:03,0.0
2019-04-04 12:53:04,0.0
2019-04-04 12:53:05,0.0
2019-04-04 12:53:06,0.0
2019-04-04 12:53:07,0.0
2019-04-04 12:53:08,0.0
2019-04-04 12:53:09,0.0
2019-04-04 12:53:10,0.0
2019-04-04 12:53:11,0.0
2019-04-04 12:53:12,0.0
2019-04-04 12:53:13,0.0
2019-04-04 12:53:14,0.0
2019-04-04 12:53:15,0.0
2019-04-04 12:53:16,0.0
2019-04-04 12:53:17,0.0
2019-04-04 12:53:18,0.0
2019-04-04 12:53:19,0.0
2019-04-04 12:53:20,0.0
2019-04-04 12:53:21,0.0
2019-04-04 12:53:22,0.0
2019-04-04 12:53:23,0.0
2019-04-04 12:53:24,0.0
2019-04-04 12:53:25,0.0
2019-04-04 12:53:26,0.0
2019-04-04 12:53:27,0.0
2019-04-04 12:53:28,0.0
2019-04-04 12:53:29,0.0
2019-04-04 12:53:30,0.0
2019-04-04 12:53:31,0.0
2019-04-04 12:53:32,0.0
2019-04-04 12:53:33,0.0
2019-04-04 12:53:34,0.0
2019-04-04 12:53:35,0.0
2019-04-04 12:53:36,0.0
2019-04-04 12:53:37,0.0
2019-04-04 12:53:38,0.0
2019-04-04 12:53:39,0.0
2019-04-04 12:53:40,0.0
2019-04-04 12:53:41,0.0
2019-04-04 12:53:42,0.0
2019-04-04 12:53:43,0.0
2019-04-04 12:53:44,0.0
2019-04-04 12:53:45,0.0
2019-04-04 12:53:46,0.0
2019-04-04 12:53:47,0.0
2019-04-04 12:53:48,0.0
2019-04-04 12:53:49,0.0
2019-04-04 12:53:50,0.0
2019-04-04 12:53:51,0.0
2019-04-04 12:53:52,0.0
2019-04-04 12:53:53,0.0
2019-04-04 12:53:54,0.0
2019-04-04 12:53:55,0.0
2019-04-04 12:53:56,0.0
2019-04-04 12:53:57,0.0
2019-04-04 12:53:58,0.0
2019-04-04 12:53:59,0.0
2019-04-04 12:54:00,0.0
2019-04-04 12:54:01,0.0
2019-04-04 12:54:02,0.0
2019-04-04 12:54:03,0.0
2019-04-04 12:54:04,0.0
2019-04-04 12:54:05,0.0
2019-04-04 12:54:06,0.0
2019-04-04 12:54:07,0.0
2019-04-04 12:54:08,0.0
2019-04-04 12:54:09,0.0
2019-04-04 12:54:10,0.0
2019-04-04 12:54:11,0.0
2019-04-04 12:54:12,0.0
2019-04-04 12:54:13,0.0
2019-04-04 12:54:14,0.0
2019-04-04 12:54:15,0.0
2019-04-04 12:54:16,0.0
2019-04-04 12:54:17,0.0
2019-04-04 12:54:18,0.0
2019-04-04 12:54:19,0.0
2019-04-04 12:54:20,0.0
2019-04-04 12:54:21,0.0
2019-04-04 12:54:22,0.0
2019-04-04 12:54:23,0.0
2019-04-04 12:54:24,-0.0001025641025674158
2019-04-04 12:54:25,-0.0001025641025667063
2019-04-04 12:54:26,-0.00010256410256599506
2019-04-04 12:54:27,-0.00010256410256528556
2019-04-04 12:54:28,-0.00010256410256457432
2019-04-04 12:54:29,0.0
2019-04-04 12:54:30,0.0
2019-04-04 12:54:31,0.0
2019-04-04 12:54:32,0.0
2019-04-04 12:54:33,0.0
2019-04-04 12:54:34,0.0
2019-04-04 12:54:35,0.0
2019-04-04 12:54:36,0.0
2019-04-04 12:54:37,0.0
2019-04-04 12:54:38,0.0
2019-04-04 12:54:39,0.0
2019-04-04 12:54:40,0.0
2019-04-04 12:54:41,0.0
2019-04-04 12:54:42,0.0
2019-04-04 12:54:43,0.0
2019-04-04 12:54:44,0.0
2019-04-04 12:54:45,0.0
2019-04-04 12:54:46,0.0
2019-04-04 12:54:47,0.0
2019-04-04 12:54:48,0.0
2019-04-04 12:54:49,0.0
2019-04-04 12:54:50,0.0
2019-04-04 12:54:51,0.0
2019-04-04 12:54:52,0.0
2019-04-04 12:54:53,0.0
2019-04-04 12:54:54,0.0
2019-04-04 12:54:55,0.0
2019-04-04 12:54:56,0.0
2019-04-04 12:54:57,0.0
2019-04-04 12:54:58,0.0
2019-04-04 12:54:59,0.0
2019-04-04 12:55:00,0.0
2019-04-04 12:55:01,0.0
2019-04-04 12:55:02,0.0
2019-04-04 12:55:03,0.0
2019-04-04 12:55:04,0.0
2019-04-04 12:55:05,0.0
2019-04-04 12:55:06,0.0
2019-04-04 12:55:07,0.0
2019-04-04 12:55:08,0.0
2019-04-04 12:55:09,0.0
2019-04-04 12:55:10,0.0
2019-04-04 12:55:11,0.0
2019-04-04 12:55:12,0.0
2019-04-04 12:55:13,0.0
2019-04-04 12:55:14,0.0
2019-04-04 12:55:15,0.0
2019-04-04 12:55:16,0.0
2019-04-04 12:55:17,0.0
2019-04-04 12:55:18,0.0
2019-04-04 12:55:19,0.0
2019-04-04 12:55:20,0.0
2019-04-04 12:55:21,0.0
2019-04-04 12:55:22,0.0
2019-04-04 12:55:23,0.0
2019-04-04 12:55:24,0.0
2019-04-04 12:55:25,0.0
2019-04-04 12:55:26,0.0
2019-04-04 12:55:27,0.0
2019-04-04 12:55:28,0.0
2019-04-04 12:55:29,0.0
2019-04-04 12:55:30,0.0
2019-04-04 12:55:31,0.0
2019-04-04 12:55:32,0.0
2019-04-04 12:55:33,0.0
2019-04-04 12:55:34,0.0
2019-04-04 12:55:35,0.0
2019-04-04 12:55:36,0.0
2019-04-04 12:55:37,0.0
2019-04-04 12:55:38,0.0
2019-04-04 12:55:39,0.0
2019-04-04 12:55:40,0.0
2019-04-04 12:55:41,0.0
2019-04-04 12:55:42,0.0
2019-04-04 12:55:43,0.0
2019-04-04 12:55:44,0.0
2019-04-04 12:55:45,0.0
2019-04-04 12:55:46,0.0
2019-04-04 12:55:47,0.0
2019-04-04 12:55:48,0.0
2019-04-04 12:55:49,0.0
2019-04-04 12:55:50,0.0
2019-04-04 12:55:51,0.0
2019-04-04 12:55:52,0.0
2019-04-04 12:55:53,0.0
2019-04-04 12:55:54,0.0
2019-04-04 12:55:55,0.0
2019-04-04 12:55:56,0.0
2019-04-04 12:55:57,0.0
2019-04-04 12:55:58,0.0
2019-04-04 12:55:59,0.0
2019-04-04 12:56:00,0.0
2019-04-04 12:56:01,0.0
2019-04-04 12:56:02,0.0
2019-04-04 12:56:03,0.0
2019-04-04 12:56:04,0.0
2019-04-04 12:56:05,0.0
2019-04-04 12:56:06,0.0
2019-04-04 12:56:07,0.0
2019-04-04 12:56:08,0.0
2019-04-04 12:56:09,0.0
2019-04-04 12:56:10,0.0
2019-04-04 12:56:11,0.0
2019-04-04 12:56:12,0.0
2019-04-04 12:56:13,0.0
2019-04-04 12:56:14,0.0
2019-04-04 12:56:15,0.0
2019-04-04 12:56:16,0.0
2019-04-04 12:56:17,0.0
2019-04-04 12:56:18,0.0
2019-04-04 12:56:19,0.0
2019-04-04 12:56:20,0.0
2019-04-04 12:56:21,0.0
2019-04-04 12:56:22,0.0
2019-04-04 12:56:23,0.0
2019-04-04 12:56:24,0.0
2019-04-04 12:56:25,0.0
2019-04-04 12:56:26,0.0
2019-04-04 12:56:27,0.0
2019-04-04 12:56:28,0.0
2019-04-04 12:56:29,0.0
2019-04-04 12:56:30,0.0
2019-04-04 12:56:31,0.0
2019-04-04 12:56:32,0.0
2019-04-04 12:56:33,0.0
2019-04-04 12:56:34,0.0
2019-04-04 12:56:35,0.0
2019-04-04 12:56:36,0.0
2019-04-04 12:56:37,0.0
2019-04-04 12:56:38,0.0
2019-04-04 12:56:39,0.0
2019-04-04 12:56:40,0.0
2019-04-04 12:56:41,0.0
2019-04-04 12:56:42,0.0
2019-04-04 12:56:43,0.0
2019-04-04 12:56:44,0.0
2019-04-04 12:56:45,0.0
2019-04-04 12:56:46,0.0
2019-04-04 12:56:47,0.0
2019-04-04 12:56:48,0.0
2019-04-04 12:56:49,0.0
2019-04-04 12:56:50,0.0
2019-04-04 12:56:51,0.0
2019-04-04 12:56:52,0.0
2019-04-04 12:56:53,0.0
2019-04-04 12:56:54,0.0
2019-04-04 12:56:55,0.0
2019-04-04 12:56:56,0.0
2019-04-04 12:56:57,0.0
2019-04-04 12:56:58,0.0
2019-04-04 12:56:59,0.0
2019-04-04 12:57:00,0.0
2019-04-04 12:57:01,0.0
2019-04-04 12:57:02,0.0
2019-04-04 12:57:03,0.0
2019-04-04 12:57:04,0.0
2019-04-04 12:57:05,0.0
2019-04-04 12:57:06,0.0
2019-04-04 12:57:07,0.0
2019-04-04 12:57:08,0.0
2019-04-04 12:57:09,0.0
2019-04-04 12:57:10,0.0
2019-04-04 12:57:11,0.0
2019-04-04 12:57:12,0.0
2019-04-04 12:57:13,0.0
2019-04-04 12:57:14,0.0
2019-04-04 12:57:15,0.0
2019-04-04 12:57:16,0.0
2019-04-04 12:57:17,0.0
2019-04-04 12:57:18,0.0
2019-04-04 12:57:19,0.0
2019-04-04 12:57:20,0.0
2019-04-04 12:57:21,0.0
2019-04-04 12:57:22,0.0
2019-04-04 12:57:23,0.0
2019-04-04 12:57:24,0.0
2019-04-04 12:57:25,0.0
2019-04-04 12:57:26,0.0
2019-04-04 12:57:27,0.0
2019-04-04 12:57:28,0.0
2019-04-04 12:57:29,0.0
2019-04-04 12:57:30,0.0
2019-04-04 12:57:31,0.0
2019-04-04 12:57:32,0.0
2019-04-04 12:57:33,0.0
2019-04-04 12:57:34,0.0
2019-04-04 12:57:35,0.0
2019-04-04 12:57:36,0.0
2019-04-04 12:57:37,0.0
2019-04-04 12:57:38,0.0
2019-04-04 12:57:39,0.0
2019-04-04 12:57:40,0.0
2019-04-04 12:57:41,0.0
2019-04-04 12:57:42,0.0
2019-04-04 12:57:43,0.0
2019-04-04 12:57:44,0.0
2019-04-04 12:57:45,0.0
2019-04-04 12:57:46,0.0
2019-04-04 12:57:47,0.0
2019-04-04 12:57:48,0.0
2019-04-04 12:57:49,0.0
2019-04-04 12:57:50,0.0
2019-04-04 12:57:51,0.0
2019-04-04 12:57:52,0.0
2019-04-04 12:57:53,0.0
2019-04-04 12:57:54,0.0
2019-04-04 12:57:55,0.0
2019-04-04 12:57:56,0.0
2019-04-04 12:57:57,0.0
2019-04-04 12:57:58,0.0
2019-04-04 12:57:59,0.0
2019-04-04 12:58:00,0.0
2019-04-04 12:58:01,0.0
2019-04-04 12:58:02,0.0
2019-04-04 12:58:03,0.0
2019-04-04 12:58:04,0.0
2019-04-04 12:58:05,0.0
2019-04-04 12:58:06,0.0
2019-04-04 12:58:07,0.0
2019-04-04 12:58:08,0.0
2019-04-04 12:58:09,0.0
2019-04-04 12:58:10,0.0
2019-04-04 12:58:11,0.0
2019-04-04 12:58:12,0.0
2019-04-04 12:58:13,0.0
2019-04-04 12:58:14,0.0
2019-04-04 12:58:15,0.0
2019-04-04 12:58:16,0.0
2019-04-04 12:58:17,0.0
2019-04-04 12:58:18,0.0
2019-04-04 12:58:19,0.0
2019-04-04 12:58:20,0.0
2019-04-04 12:58:21,0.0
2019-04-04 12:58:22,0.0
2019-04-04 12:58:23,0.0
2019-04-04 12:58:24,0.0
2019-04-04 12:58:25,0.0
2019-04-04 12:58:26,0.0
2019-04-04 12:58:27,0.0
2019-04-04 12:58:28,0.0
2019-04-04 12:58:29,0.0
2019-04-04 12:58:30,0.0
2019-04-04 12:58:31,0.0
2019-04-04 12:58:32,0.0
2019-04-04 12:58:33,0.0
2019-04-04 12:58:34,0.0
2019-04-04 12:58:35,0.0
2019-04-04 12:58:36,0.0
2019-04-04 12:58:37,0.0
2019-04-04 12:58:38,0.0
2019-04-04 12:58:39,0.0
2019-04-04 12:58:40,0.0
2019-04-04 12:58:41,0.0
2019-04-04 12:58:42,0.0
2019-04-04 12:58:43,0.0
2019-04-04 12:58:44,0.0
2019-04-04 12:58:45,0.0
2019-04-04 12:58:46,0.0
2019-04-04 12:58:47,0.0
2019-04-04 12:58:48,0.0
2019-04-04 12:58:49,0.0
2019-04-04 12:58:50,0.0
2019-04-04 12:58:51,0.0
2019-04-04 12:58:52,0.0
2019-04-04 12:58:53,0.0
2019-04-04 12:58:54,0.0
2019-04-04 12:58:55,0.0
2019-04-04 12:58:56,0.0
2019-04-04 12:58:57,0.0
2019-04-04 12:58:58,0.0
2019-04-04 12:58:59,0.0
2019-04-04 12:59:00,0.0
2019-04-04 12:59:01,0.0
2019-04-04 12:59:02,0.0
2019-04-04 12:59:03,0.0
2019-04-04 12:59:04,0.0
2019-04-04 12:59:05,0.0
2019-04-04 12:59:06,0.0
2019-04-04 12:59:07,0.0
2019-04-04 12:59:08,0.0
2019-04-04 12:59:09,0.0
2019-04-04 12:59:10,0.0
2019-04-04 12:59:11,0.0
2019-04-04 12:59:12,0.0
2019-04-04 12:59:13,0.0
2019-04-04 12:59:14,0.0
2019-04-04 12:59:15,0.0
2019-04-04 12:59:16,0.0
2019-04-04 12:59:17,0.0
2019-04-04 12:59:18,0.0
2019-04-04 12:59:19,0.0
2019-04-04 12:59:20,0.0
2019-04-04 12:59:21,0.0
2019-04-04 12:59:22,0.0
2019-04-04 12:59:23,0.0
2019-04-04 12:59:24,0.0
2019-04-04 12:59:25,0.0
2019-04-04 12:59:26,0.0
2019-04-04 12:59:27,0.0
2019-04-04 12:59:28,0.0
2019-04-04 12:59:29,0.0
2019-04-04 12:59:30,0.0
2019-04-04 12:59:31,0.0
2019-04-04 12:59:32,0.0
2019-04-04 12:59:33,0.0
2019-04-04 12:59:34,0.0
2019-04-04 12:59:35,0.0
2019-04-04 12:59:36,0.0
2019-04-04 12:59:37,0.0
2019-04-04 12:59:38,0.0
2019-04-04 12:59:39,0.0
2019-04-04 12:59:40,0.0
2019-04-04 12:59:41,0.0
2019-04-04 12:59:42,0.0
2019-04-04 12:59:43,0.0
2019-04-04 12:59:44,0.0
2019-04-04 12:59:45,0.0
2019-04-04 12:59:46,0.0
2019-04-04 12:59:47,0.0
2019-04-04 12:59:48,0.0
2019-04-04 12:59:49,0.0
2019-04-04 12:59:50,0.0
2019-04-04 12:59:51,0.0
2019-04-04 12:59:52,0.0
2019-04-04 12:59:53,0.0
2019-04-04 12:59:54,0.0
2019-04-04 12:59:55,0.0
2019-04-04 12:59:56,0.0
2019-04-04 12:59:57,0.0
2019-04-04 12:59:58,0.0
2019-04-04 12:59:59,0.0
2019-04-04 13:00:00,0.0
2019-04-04 13:00:01,0.0
2019-04-04 13:00:02,0.0
2019-04-04 13:00:03,0.0
2019-04-04 13:00:04,0.0
2019-04-04 13:00:05,0.0
2019-04-04 13:00:06,0.0
2019-04-04 13:00:07,0.0
2019-04-04 13:00:08,0.0
2019-04-04 13:00:09,0.0
2019-04-04 13:00:10,0.0
2019-04-04 13:00:11,0.0
2019-04-04 13:00:12,0.0
2019-04-04 13:00:13,0.0
2019-04-04 13:00:14,0.0
2019-04-04 13:00:15,0.0
2019-04-04 13:00:16,0.0
2019-04-04 13:00:17,0.0
2019-04-04 13:00:18,0.0
2019-04-04 13:00:19,0.0
2019-04-04 13:00:20,0.0
2019-04-04 13:00:21,0.0
2019-04-04 13:00:22,0.0
2019-04-04 13:00:23,0.0
2019-04-04 13:00:24,0.0
2019-04-04 13:00:25,0.0
2019-04-04 13:00:26,0.0
2019-04-04 13:00:27,0.0
2019-04-04 13:00:28,0.0
2019-04-04 13:00:29,0.0
2019-04-04 13:00:30,0.0
2019-04-04 13:00:31,0.0
2019-04-04 13:00:32,0.0
2019-04-04 13:00:33,0.0
2019-04-04 13:00:34,0.0
2019-04-04 13:00:35,0.0
2019-04-04 13:00:36,0.0
2019-04-04 13:00:37,0.0
2019-04-04 13:00:38,0.0
2019-04-04 13:00:39,0.0
2019-04-04 13:00:40,0.0
2019-04-04 13:00:41,0.0
2019-04-04 13:00:42,0.0
2019-04-04 13:00:43,0.0
2019-04-04 13:00:44,0.0
2019-04-04 13:00:45,0.0
2019-04-04 13:00:46,0.0
2019-04-04 13:00:47,0.0
2019-04-04 13:00:48,0.0
2019-04-04 13:00:49,0.0
2019-04-04 13:00:50,0.0
2019-04-04 13:00:51,0.0
2019-04-04 13:00:52,0.0
2019-04-04 13:00:53,0.0
2019-04-04 13:00:54,0.0
2019-04-04 13:00:55,0.0
2019-04-04 13:00:56,0.0
2019-04-04 13:00:57,0.0
2019-04-04 13:00:58,0.0
2019-04-04 13:00:59,0.0
2019-04-04 13:01:00,0.0
2019-04-04 13:01:01,0.0
2019-04-04 13:01:02,0.0
2019-04-04 13:01:03,0.0
2019-04-04 13:01:04,0.0
2019-04-04 13:01:05,0.0
2019-04-04 13:01:06,0.0
2019-04-04 13:01:07,0.0
2019-04-04 13:01:08,0.0
2019-04-04 13:01:09,0.0
2019-04-04 13:01:10,0.0
2019-04-04 13:01:11,0.0
2019-04-04 13:01:12,0.0
2019-04-04 13:01:13,0.0
2019-04-04 13:01:14,0.0
2019-04-04 13:01:15,0.0
2019-04-04 13:01:16,0.0
2019-04-04 13:01:17,0.0
2019-04-04 13:01:18,0.0
2019-04-04 13:01:19,0.0
2019-04-04 13:01:20,0.0
2019-04-04 13:01:21,0.0
2019-04-04 13:01:22,0.0
2019-04-04 13:01:23,0.0
2019-04-04 13:01:24,0.0
2019-04-04 13:01:25,0.0
2019-04-04 13:01:26,0.0
2019-04-04 13:01:27,0.0
2019-04-04 13:01:28,0.0
2019-04-04 13:01:29,0.0
2019-04-04 13:01:30,0.0
2019-04-04 13:01:31,0.0
2019-04-04 13:01:32,0.0
2019-04-04 13:01:33,0.0
2019-04-04 13:01:34,0.0
2019-04-04 13:01:35,0.0
2019-04-04 13:01:36,0.0
2019-04-04 13:01:37,0.0
2019-04-04 13:01:38,0.0
2019-04-04 13:01:39,0.0
2019-04-04 13:01:40,0.0
2019-04-04 13:01:41,0.0
2019-04-04 13:01:42,0.0
2019-04-04 13:01:43,0.0
2019-04-04 13:01:44,0.0
2019-04-04 13:01:45,0.0
2019-04-04 13:01:46,0.0
2019-04-04 13:01:47,0.0
2019-04-04 13:01:48,0.0
2019-04-04 13:01:49,0.0
2019-04-04 13:01:50,0.0
2019-04-04 13:01:51,0.0
2019-04-04 13:01:52,0.0
2019-04-04 13:01:53,0.0
2019-04-04 13:01:54,0.0
2019-04-04 13:01:55,0.0
2019-04-04 13:01:56,0.0
2019-04-04 13:01:57,0.0
2019-04-04 13:01:58,0.0
2019-04-04 13:01:59,0.0
2019-04-04 13:02:00,0.0
2019-04-04 13:02:01,0.0
2019-04-04 13:02:02,0.0
2019-04-04 13:02:03,0.0
2019-04-04 13:02:04,0.0
2019-04-04 13:02:05,0.0
2019-04-04 13:02:06,0.0
2019-04-04 13:02:07,0.0
2019-04-04 13:02:08,0.0
2019-04-04 13:02:09,0.0
2019-04-04 13:02:10,0.0
2019-04-04 13:02:11,0.0
2019-04-04 13:02:12,0.0
2019-04-04 13:02:13,0.0
2019-04-04 13:02:14,0.0
2019-04-04 13:02:15,0.0
2019-04-04 13:02:16,0.0
2019-04-04 13:02:17,0.0
2019-04-04 13:02:18,0.0
2019-04-04 13:02:19,0.0
2019-04-04 13:02:20,0.0
2019-04-04 13:02:21,0.0
2019-04-04 13:02:22,0.0
2019-04-04 13:02:23,0.0
2019-04-04 13:02:24,0.0
2019-04-04 13:02:25,0.0
2019-04-04 13:02:26,0.0
2019-04-04 13:02:27,0.0
2019-04-04 13:02:28,0.0
2019-04-04 13:02:29,0.0
2019-04-04 13:02:30,0.0
2019-04-04 13:02:31,0.0
2019-04-04 13:02:32,0.0
2019-04-04 13:02:33,0.0
2019-04-04 13:02:34,0.0
2019-04-04 13:02:35,0.0
2019-04-04 13:02:36,0.0
2019-04-04 13:02:37,0.0
2019-04-04 13:02:38,0.0
2019-04-04 13:02:39,0.0
2019-04-04 13:02:40,0.0
2019-04-04 13:02:41,0.0
2019-04-04 13:02:42,0.0
2019-04-04 13:02:43,0.0
2019-04-04 13:02:44,0.0
2019-04-04 13:02:45,0.0
2019-04-04 13:02:46,0.0
2019-04-04 13:02:47,0.0
2019-04-04 13:02:48,0.0
2019-04-04 13:02:49,0.0
2019-04-04 13:02:50,0.0
2019-04-04 13:02:51,0.0
2019-04-04 13:02:52,0.0
2019-04-04 13:02:53,0.0
2019-04-04 13:02:54,0.0
2019-04-04 13:02:55,0.0
2019-04-04 13:02:56,0.0
2019-04-04 13:02:57,0.0
2019-04-04 13:02:58,0.0
2019-04-04 13:02:59,0.0
2019-04-04 13:03:00,0.0
2019-04-04 13:03:01,0.0
2019-04-04 13:03:02,0.0
2019-04-04 13:03:03,0.0
2019-04-04 13:03:04,0.0
2019-04-04 13:03:05,0.0
2019-04-04 13:03:06,0.0
2019-04-04 13:03:07,0.0
2019-04-04 13:03:08,0.0
2019-04-04 13:03:09,0.0
2019-04-04 13:03:10,0.0
2019-04-04 13:03:11,0.0
2019-04-04 13:03:12,0.0
2019-04-04 13:03:13,0.0
2019-04-04 13:03:14,0.0
2019-04-04 13:03:15,0.0
2019-04-04 13:03:16,0.0
2019-04-04 13:03:17,0.0
2019-04-04 13:03:18,0.0
2019-04-04 13:03:19,0.0
2019-04-04 13:03:20,0.0
2019-04-04 13:03:21,0.0
2019-04-04 13:03:22,0.0
2019-04-04 13:03:23,0.0
2019-04-04 13:03:24,0.0
2019-04-04 13:03:25,0.0
2019-04-04 13:03:26,0.0
2019-04-04 13:03:27,0.0
2019-04-04 13:03:28,0.0
2019-04-04 13:03:29,0.0
2019-04-04 13:03:30,0.0
2019-04-04 13:03:31,0.0
2019-04-04 13:03:32,0.0
2019-04-04 13:03:33,0.0
2019-04-04 13:03:34,0.0
2019-04-04 13:03:35,0.0
2019-04-04 13:03:36,0.0
2019-04-04 13:03:37,0.0
2019-04-04 13:03:38,0.0
2019-04-04 13:03:39,0.0
2019-04-04 13:03:40,0.0
2019-04-04 13:03:41,0.0
2019-04-04 13:03:42,0.0
2019-04-04 13:03:43,0.0
2019-04-04 13:03:44,0.0
2019-04-04 13:03:45,0.0
2019-04-04 13:03:46,0.0
2019-04-04 13:03:47,0.0
2019-04-04 13:03:48,0.0
2019-04-04 13:03:49,0.0
2019-04-04 13:03:50,0.0
2019-04-04 13:03:51,0.0
2019-04-04 13:03:52,0.0
2019-04-04 13:03:53,0.0
2019-04-04 13:03:54,0.0
2019-04-04 13:03:55,0.0
2019-04-04 13:03:56,0.0
2019-04-04 13:03:57,0.0
2019-04-04 13:03:58,0.0
2019-04-04 13:03:59,0.0
2019-04-04 13:04:00,0.0
2019-04-04 13:04:01,0.0
2019-04-04 13:04:02,0.0
2019-04-04 13:04:03,0.0
2019-04-04 13:04:04,0.0
2019-04-04 13:04:05,0.0
2019-04-04 13:04:06,0.0
2019-04-04 13:04:07,0.0
2019-04-04 13:04:08,0.0
2019-04-04 13:04:09,0.0
2019-04-04 13:04:10,0.0
2019-04-04 13:04:11,0.0
2019-04-04 13:04:12,0.0
2019-04-04 13:04:13,0.0
2019-04-04 13:04:14,0.0
2019-04-04 13:04:15,0.0
2019-04-04 13:04:16,0.0
2019-04-04 13:04:17,0.0
2019-04-04 13:04:18,0.0
2019-04-04 13:04:19,0.0
2019-04-04 13:04:20,0.0
2019-04-04 13:04:21,0.0
2019-04-04 13:04:22,0.0
2019-04-04 13:04:23,0.0
2019-04-04 13:04:24,0.0
2019-04-04 13:04:25,0.0
2019-04-04 13:04:26,0.0
2019-04-04 13:04:27,0.0
2019-04-04 13:04:28,0.0
2019-04-04 13:04:29,0.0
2019-04-04 13:04:30,0.0
2019-04-04 13:04:31,0.0
2019-04-04 13:04:32,0.0
2019-04-04 13:04:33,0.0
2019-04-04 13:04:34,0.0
2019-04-04 13:04:35,0.0
2019-04-04 13:04:36,0.0
2019-04-04 13:04:37,0.0
2019-04-04 13:04:38,0.0
2019-04-04 13:04:39,0.0
2019-04-04 13:04:40,0.0
2019-04-04 13:04:41,0.0
2019-04-04 13:04:42,0.0
2019-04-04 13:04:43,0.0
2019-04-04 13:04:44,0.0
2019-04-04 13:04:45,0.0
2019-04-04 13:04:46,0.0
2019-04-04 13:04:47,0.0
2019-04-04 13:04:48,0.0
2019-04-04 13:04:49,0.0
2019-04-04 13:04:50,0.0
2019-04-04 13:04:51,0.0
2019-04-04 13:04:52,0.0
2019-04-04 13:04:53,0.0
2019-04-04 13:04:54,0.0
2019-04-04 13:04:55,0.0
2019-04-04 13:04:56,0.0
2019-04-04 13:04:57,0.0
2019-04-04 13:04:58,0.0
2019-04-04 13:04:59,0.0
2019-04-04 13:05:00,0.0
2019-04-04 13:05:01,0.0
2019-04-04 13:05:02,0.0
2019-04-04 13:05:03,0.0
2019-04-04 13:05:04,0.0
2019-04-04 13:05:05,0.0
2019-04-04 13:05:06,0.0
2019-04-04 13:05:07,0.0
2019-04-04 13:05:08,0.0
2019-04-04 13:05:09,0.0
2019-04-04 13:05:10,0.0
2019-04-04 13:05:11,0.0
2019-04-04 13:05:12,0.0
2019-04-04 13:05:13,0.0
2019-04-04 13:05:14,0.0
2019-04-04 13:05:15,0.0
2019-04-04 13:05:16,-0.00029411764705558965
2019-04-04 13:05:17,-0.00029411764705629916
2019-04-04 13:05:18,-0.0002941176470570104
2019-04-04 13:05:19,-0.0002941176470577199
2019-04-04 13:05:20,-0.00029411764705843113
2019-04-04 13:05:21,0.0
2019-04-04 13:05:22,0.0
2019-04-04 13:05:23,0.0
2019-04-04 13:05:24,0.0
2019-04-04 13:05:25,0.0
2019-04-04 13:05:26,0.0
2019-04-04 13:05:27,0.0
2019-04-04 13:05:28,0.0
2019-04-04 13:05:29,0.0
2019-04-04 13:05:30,0.0
2019-04-04 13:05:31,0.0
2019-04-04 13:05:32,0.0
2019-04-04 13:05:33,0.0
2019-04-04 13:05:34,0.0
2019-04-04 13:05:35,0.0
2019-04-04 13:05:36,0.0
2019-04-04 13:05:37,0.0
2019-04-04 13:05:38,0.0
2019-04-04 13:05:39,0.0
2019-04-04 13:05:40,0.0
2019-04-04 13:05:41,0.0
2019-04-04 13:05:42,0.0
2019-04-04 13:05:43,0.0
2019-04-04 13:05:44,0.0
2019-04-04 13:05:45,0.0
2019-04-04 13:05:46,0.0
2019-04-04 13:05:47,0.0
2019-04-04 13:05:48,0.0
2019-04-04 13:05:49,0.0
2019-04-04 13:05:50,0.0
2019-04-04 13:05:51,0.0
2019-04-04 13:05:52,0.0
2019-04-04 13:05:53,0.0
2019-04-04 13:05:54,0.0
2019-04-04 13:05:55,0.0
2019-04-04 13:05:56,0.0
2019-04-04 13:05:57,0.0
2019-04-04 13:05:58,0.0
2019-04-04 13:05:59,0.0
2019-04-04 13:06:00,0.0
2019-04-04 13:06:01,0.0
2019-04-04 13:06:02,0.0
2019-04-04 13:06:03,0.0
2019-04-04 13:06:04,0.0
2019-04-04 13:06:05,0.0
2019-04-04 13:06:06,0.0
2019-04-04 13:06:07,0.0
2019-04-04 13:06:08,0.0
2019-04-04 13:06:09,0.0
2019-04-04 13:06:10,0.0
2019-04-04 13:06:11,0.0
2019-04-04 13:06:12,0.0
2019-04-04 13:06:13,0.0
2019-04-04 13:06:14,0.0
2019-04-04 13:06:15,0.0
2019-04-04 13:06:16,0.0
2019-04-04 13:06:17,0.0
2019-04-04 13:06:18,0.0
2019-04-04 13:06:19,0.0
2019-04-04 13:06:20,0.0
2019-04-04 13:06:21,0.0
2019-04-04 13:06:22,0.0
2019-04-04 13:06:23,0.0
2019-04-04 13:06:24,0.0
2019-04-04 13:06:25,0.0
2019-04-04 13:06:26,0.0
2019-04-04 13:06:27,0.0
2019-04-04 13:06:28,0.0
2019-04-04 13:06:29,0.0
2019-04-04 13:06:30,0.0
2019-04-04 13:06:31,0.0
2019-04-04 13:06:32,0.0
2019-04-04 13:06:33,0.0
2019-04-04 13:06:34,0.0
2019-04-04 13:06:35,0.0
2019-04-04 13:06:36,0.0
2019-04-04 13:06:37,0.0
2019-04-04 13:06:38,0.0
2019-04-04 13:06:39,0.0
2019-04-04 13:06:40,0.0
2019-04-04 13:06:41,0.0
2019-04-04 13:06:42,0.0
2019-04-04 13:06:43,0.0
2019-04-04 13:06:44,0.0
2019-04-04 13:06:45,0.0
2019-04-04 13:06:46,0.0
2019-04-04 13:06:47,0.0
2019-04-04 13:06:48,0.0
2019-04-04 13:06:49,0.0
2019-04-04 13:06:50,0.0
2019-04-04 13:06:51,0.0
2019-04-04 13:06:52,0.0
2019-04-04 13:06:53,0.0
2019-04-04 13:06:54,0.0
2019-04-04 13:06:55,0.0
2019-04-04 13:06:56,0.0
2019-04-04 13:06:57,0.0
2019-04-04 13:06:58,0.0
2019-04-04 13:06:59,0.0
2019-04-04 13:07:00,0.0
2019-04-04 13:07:01,0.0
2019-04-04 13:07:02,0.0
2019-04-04 13:07:03,0.0
2019-04-04 13:07:04,0.0
2019-04-04 13:07:05,0.0
2019-04-04 13:07:06,0.0
2019-04-04 13:07:07,0.0
2019-04-04 13:07:08,0.0
2019-04-04 13:07:09,0.0
2019-04-04 13:07:10,0.0
2019-04-04 13:07:11,0.0
2019-04-04 13:07:12,0.0
2019-04-04 13:07:13,0.0
2019-04-04 13:07:14,0.0
2019-04-04 13:07:15,0.0
2019-04-04 13:07:16,0.0
2019-04-04 13:07:17,0.0
2019-04-04 13:07:18,0.0
2019-04-04 13:07:19,0.0
2019-04-04 13:07:20,0.0
2019-04-04 13:07:21,0.0
2019-04-04 13:07:22,0.0
2019-04-04 13:07:23,0.0
2019-04-04 13:07:24,0.0
2019-04-04 13:07:25,0.0
2019-04-04 13:07:26,0.0
2019-04-04 13:07:27,0.0
2019-04-04 13:07:28,0.0
2019-04-04 13:07:29,0.0
2019-04-04 13:07:30,0.0
2019-04-04 13:07:31,0.0
2019-04-04 13:07:32,0.0
2019-04-04 13:07:33,0.0
2019-04-04 13:07:34,0.0
2019-04-04 13:07:35,0.0
2019-04-04 13:07:36,0.0
2019-04-04 13:07:37,0.0
2019-04-04 13:07:38,0.0
2019-04-04 13:07:39,0.0
2019-04-04 13:07:40,0.0
2019-04-04 13:07:41,0.0
2019-04-04 13:07:42,0.0
2019-04-04 13:07:43,0.0
2019-04-04 13:07:44,0.0
2019-04-04 13:07:45,0.0
2019-04-04 13:07:46,0.0
2019-04-04 13:07:47,0.0
2019-04-04 13:07:48,0.0
2019-04-04 13:07:49,0.0
2019-04-04 13:07:50,0.0
2019-04-04 13:07:51,0.0
2019-04-04 13:07:52,0.0
2019-04-04 13:07:53,0.0
2019-04-04 13:07:54,0.0
2019-04-04 13:07:55,0.0
2019-04-04 13:07:56,0.0
2019-04-04 13:07:57,0.0
2019-04-04 13:07:58,0.0
2019-04-04 13:07:59,0.0
2019-04-04 13:08:00,0.0
2019-04-04 13:08:01,0.0
2019-04-04 13:08:02,0.0
2019-04-04 13:08:03,0.0
2019-04-04 13:08:04,0.0
2019-04-04 13:08:05,0.0
2019-04-04 13:08:06,0.0
2019-04-04 13:08:07,0.0
2019-04-04 13:08:08,0.0
2019-04-04 13:08:09,0.0
2019-04-04 13:08:10,0.0
2019-04-04 13:08:11,0.0
2019-04-04 13:08:12,0.0
2019-04-04 13:08:13,0.0
2019-04-04 13:08:14,0.0
2019-04-04 13:08:15,0.0
2019-04-04 13:08:16,0.0
2019-04-04 13:08:17,0.0
2019-04-04 13:08:18,0.0
2019-04-04 13:08:19,0.0
2019-04-04 13:08:20,0.0
2019-04-04 13:08:21,0.0
2019-04-04 13:08:22,0.0
2019-04-04 13:08:23,0.0
2019-04-04 13:08:24,0.0
2019-04-04 13:08:25,0.0
2019-04-04 13:08:26,0.0
2019-04-04 13:08:27,0.0
2019-04-04 13:08:28,0.0
2019-04-04 13:08:29,0.0
2019-04-04 13:08:30,0.0
2019-04-04 13:08:31,0.0
2019-04-04 13:08:32,0.0
2019-04-04 13:08:33,0.0
2019-04-04 13:08:34,0.0
2019-04-04 13:08:35,0.0
2019-04-04 13:08:36,0.0
2019-04-04 13:08:37,0.0
2019-04-04 13:08:38,0.0
2019-04-04 13:08:39,0.0
2019-04-04 13:08:40,0.0
2019-04-04 13:08:41,0.0
2019-04-04 13:08:42,0.0
2019-04-04 13:08:43,0.0
2019-04-04 13:08:44,0.0
2019-04-04 13:08:45,0.0
2019-04-04 13:08:46,0.0
2019-04-04 13:08:47,0.0
2019-04-04 13:08:48,0.0
2019-04-04 13:08:49,0.0
2019-04-04 13:08:50,0.0
2019-04-04 13:08:51,0.0
2019-04-04 13:08:52,0.0
2019-04-04 13:08:53,0.0
2019-04-04 13:08:54,0.0
2019-04-04 13:08:55,0.0
2019-04-04 13:08:56,0.0
2019-04-04 13:08:57,0.0
2019-04-04 13:08:58,0.0
2019-04-04 13:08:59,0.0
2019-04-04 13:09:00,0.0
2019-04-04 13:09:01,0.0
2019-04-04 13:09:02,0.0
2019-04-04 13:09:03,0.0
2019-04-04 13:09:04,0.0
2019-04-04 13:09:05,0.0
2019-04-04 13:09:06,0.0
2019-04-04 13:09:07,0.0
2019-04-04 13:09:08,0.0
2019-04-04 13:09:09,0.0
2019-04-04 13:09:10,0.0
2019-04-04 13:09:11,0.0
2019-04-04 13:09:12,0.0
2019-04-04 13:09:13,0.0
2019-04-04 13:09:14,0.0
2019-04-04 13:09:15,0.0
2019-04-04 13:09:16,0.0
2019-04-04 13:09:17,0.0
2019-04-04 13:09:18,0.0
2019-04-04 13:09:19,0.0
2019-04-04 13:09:20,0.0
2019-04-04 13:09:21,0.0
2019-04-04 13:09:22,0.0
2019-04-04 13:09:23,0.0
2019-04-04 13:09:24,0.0
2019-04-04 13:09:25,0.0
2019-04-04 13:09:26,0.0
2019-04-04 13:09:27,0.0
2019-04-04 13:09:28,0.0
2019-04-04 13:09:29,0.0
2019-04-04 13:09:30,0.0
2019-04-04 13:09:31,0.0
2019-04-04 13:09:32,0.0
2019-04-04 13:09:33,0.0
2019-04-04 13:09:34,0.0
2019-04-04 13:09:35,0.0
2019-04-04 13:09:36,0.0
2019-04-04 13:09:37,0.0
2019-04-04 13:09:38,0.0
2019-04-04 13:09:39,0.0
2019-04-04 13:09:40,0.0
2019-04-04 13:09:41,0.0
2019-04-04 13:09:42,0.0
2019-04-04 13:09:43,0.0
2019-04-04 13:09:44,0.0
2019-04-04 13:09:45,0.0
2019-04-04 13:09:46,0.0
2019-04-04 13:09:47,0.0
2019-04-04 13:09:48,0.0
2019-04-04 13:09:49,0.0
2019-04-04 13:09:50,0.0
2019-04-04 13:09:51,0.0
2019-04-04 13:09:52,0.0
2019-04-04 13:09:53,0.0
2019-04-04 13:09:54,0.0
2019-04-04 13:09:55,0.0
2019-04-04 13:09:56,0.0
2019-04-04 13:09:57,0.0
2019-04-04 13:09:58,0.0
2019-04-04 13:09:59,0.0
2019-04-04 13:10:00,0.0
2019-04-04 13:10:01,0.0
2019-04-04 13:10:02,0.0
2019-04-04 13:10:03,0.0
2019-04-04 13:10:04,0.0
2019-04-04 13:10:05,0.0
2019-04-04 13:10:06,0.0
2019-04-04 13:10:07,0.0
2019-04-04 13:10:08,0.0
2019-04-04 13:10:09,0.0
2019-04-04 13:10:10,0.0
2019-04-04 13:10:11,0.0
2019-04-04 13:10:12,0.0
2019-04-04 13:10:13,0.0
2019-04-04 13:10:14,0.0
2019-04-04 13:10:15,0.0
2019-04-04 13:10:16,0.0
2019-04-04 13:10:17,0.0
2019-04-04 13:10:18,0.0
2019-04-04 13:10:19,0.0
2019-04-04 13:10:20,0.0
2019-04-04 13:10:21,0.0
2019-04-04 13:10:22,0.0
2019-04-04 13:10:23,0.0
2019-04-04 13:10:24,0.0
2019-04-04 13:10:25,0.0
2019-04-04 13:10:26,0.0
2019-04-04 13:10:27,0.0
2019-04-04 13:10:28,0.0
2019-04-04 13:10:29,0.0
2019-04-04 13:10:30,0.0
2019-04-04 13:10:31,0.0
2019-04-04 13:10:32,0.0
2019-04-04 13:10:33,0.0
2019-04-04 13:10:34,0.0
2019-04-04 13:10:35,0.0
2019-04-04 13:10:36,0.0
2019-04-04 13:10:37,0.0
2019-04-04 13:10:38,0.0
2019-04-04 13:10:39,0.0
2019-04-04 13:10:40,0.0
2019-04-04 13:10:41,0.0
2019-04-04 13:10:42,0.0
2019-04-04 13:10:43,0.0
2019-04-04 13:10:44,0.0
2019-04-04 13:10:45,0.0
2019-04-04 13:10:46,0.0
2019-04-04 13:10:47,0.0
2019-04-04 13:10:48,0.0
2019-04-04 13:10:49,0.0
2019-04-04 13:10:50,0.0
2019-04-04 13:10:51,0.0
2019-04-04 13:10:52,0.0
2019-04-04 13:10:53,0.0
2019-04-04 13:10:54,0.0
2019-04-04 13:10:55,0.0
2019-04-04 13:10:56,0.0
2019-04-04 13:10:57,0.0
2019-04-04 13:10:58,0.0
2019-04-04 13:10:59,0.0
2019-04-04 13:11:00,0.0
2019-04-04 13:11:01,0.0
2019-04-04 13:11:02,0.0
2019-04-04 13:11:03,0.0
2019-04-04 13:11:04,0.0
2019-04-04 13:11:05,0.0
2019-04-04 13:11:06,0.0
2019-04-04 13:11:07,0.0
2019-04-04 13:11:08,0.0
2019-04-04 13:11:09,0.0
2019-04-04 13:11:10,0.0
2019-04-04 13:11:11,0.0
2019-04-04 13:11:12,0.0
2019-04-04 13:11:13,0.0
2019-04-04 13:11:14,0.0
2019-04-04 13:11:15,0.0
2019-04-04 13:11:16,0.0
2019-04-04 13:11:17,0.0
2019-04-04 13:11:18,0.0
2019-04-04 13:11:19,0.0
2019-04-04 13:11:20,0.0
2019-04-04 13:11:21,0.0
2019-04-04 13:11:22,0.0
2019-04-04 13:11:23,0.0
2019-04-04 13:11:24,0.0
2019-04-04 13:11:25,0.0
2019-04-04 13:11:26,0.0
2019-04-04 13:11:27,0.0
2019-04-04 13:11:28,0.0
2019-04-04 13:11:29,0.0
2019-04-04 13:11:30,0.0
2019-04-04 13:11:31,0.0
2019-04-04 13:11:32,0.0
2019-04-04 13:11:33,0.0
2019-04-04 13:11:34,0.0
2019-04-04 13:11:35,0.0
2019-04-04 13:11:36,0.0
2019-04-04 13:11:37,0.0
2019-04-04 13:11:38,0.0
2019-04-04 13:11:39,0.0
2019-04-04 13:11:40,0.0
2019-04-04 13:11:41,0.0
2019-04-04 13:11:42,0.0
2019-04-04 13:11:43,0.0
2019-04-04 13:11:44,0.0
2019-04-04 13:11:45,0.0
2019-04-04 13:11:46,0.0
2019-04-04 13:11:47,0.0
2019-04-04 13:11:48,0.0
2019-04-04 13:11:49,0.0
2019-04-04 13:11:50,0.0
2019-04-04 13:11:51,0.0
2019-04-04 13:11:52,0.0
2019-04-04 13:11:53,0.0
2019-04-04 13:11:54,0.0
2019-04-04 13:11:55,0.0
2019-04-04 13:11:56,0.0
2019-04-04 13:11:57,0.0
2019-04-04 13:11:58,0.0
2019-04-04 13:11:59,0.0
2019-04-04 13:12:00,0.0
2019-04-04 13:12:01,0.0
2019-04-04 13:12:02,0.0
2019-04-04 13:12:03,0.0
2019-04-04 13:12:04,0.0
2019-04-04 13:12:05,0.0
2019-04-04 13:12:06,0.0
2019-04-04 13:12:07,0.0
2019-04-04 13:12:08,0.0
2019-04-04 13:12:09,0.0
2019-04-04 13:12:10,0.0
2019-04-04 13:12:11,0.0
2019-04-04 13:12:12,0.0
2019-04-04 13:12:13,0.0
2019-04-04 13:12:14,0.0
2019-04-04 13:12:15,0.0
2019-04-04 13:12:16,0.0
2019-04-04 13:12:17,0.0
2019-04-04 13:12:18,0.0
2019-04-04 13:12:19,0.0
2019-04-04 13:12:20,0.0
2019-04-04 13:12:21,0.0
2019-04-04 13:12:22,0.0
2019-04-04 13:12:23,0.0
2019-04-04 13:12:24,0.0
2019-04-04 13:12:25,0.0
2019-04-04 13:12:26,0.0
2019-04-04 13:12:27,0.0
2019-04-04 13:12:28,0.0
2019-04-04 13:12:29,0.0
2019-04-04 13:12:30,0.0
2019-04-04 13:12:31,0.0
2019-04-04 13:12:32,0.0
2019-04-04 13:12:33,0.0
2019-04-04 13:12:34,0.0
2019-04-04 13:12:35,0.0
2019-04-04 13:12:36,0.0
2019-04-04 13:12:37,0.0
2019-04-04 13:12:38,0.0
2019-04-04 13:12:39,0.0
2019-04-04 13:12:40,0.0
2019-04-04 13:12:41,0.0
2019-04-04 13:12:42,0.0
2019-04-04 13:12:43,0.0
2019-04-04 13:12:44,0.0
2019-04-04 13:12:45,0.0
2019-04-04 13:12:46,0.0
2019-04-04 13:12:47,0.0
2019-04-04 13:12:48,0.0
2019-04-04 13:12:49,0.0
2019-04-04 13:12:50,0.0
2019-04-04 13:12:51,0.0
2019-04-04 13:12:52,0.0
2019-04-04 13:12:53,0.0
2019-04-04 13:12:54,0.0
2019-04-04 13:12:55,0.0
2019-04-04 13:12:56,0.0
2019-04-04 13:12:57,0.0
2019-04-04 13:12:58,0.0
2019-04-04 13:12:59,0.0
2019-04-04 13:13:00,0.0
2019-04-04 13:13:01,0.0
2019-04-04 13:13:02,0.0
2019-04-04 13:13:03,0.0
2019-04-04 13:13:04,0.0
2019-04-04 13:13:05,0.0
2019-04-04 13:13:06,0.0
2019-04-04 13:13:07,0.0
2019-04-04 13:13:08,0.0
2019-04-04 13:13:09,0.0
2019-04-04 13:13:10,0.0
2019-04-04 13:13:11,0.0
2019-04-04 13:13:12,0.0
2019-04-04 13:13:13,0.0
2019-04-04 13:13:14,0.0
2019-04-04 13:13:15,0.0
2019-04-04 13:13:16,0.0
2019-04-04 13:13:17,0.0
2019-04-04 13:13:18,0.0
2019-04-04 13:13:19,0.0
2019-04-04 13:13:20,0.0
2019-04-04 13:13:21,0.0
2019-04-04 13:13:22,0.0
2019-04-04 13:13:23,0.0
2019-04-04 13:13:24,0.0
2019-04-04 13:13:25,0.0
2019-04-04 13:13:26,0.0
2019-04-04 13:13:27,0.0
2019-04-04 13:13:28,0.0
2019-04-04 13:13:29,0.0
2019-04-04 13:13:30,0.0
2019-04-04 13:13:31,0.0
2019-04-04 13:13:32,0.0
2019-04-04 13:13:33,0.0
2019-04-04 13:13:34,0.0
2019-04-04 13:13:35,0.0
2019-04-04 13:13:36,0.0
2019-04-04 13:13:37,0.0
2019-04-04 13:13:38,0.0
2019-04-04 13:13:39,0.0
2019-04-04 13:13:40,0.0
2019-04-04 13:13:41,0.0
2019-04-04 13:13:42,0.0
2019-04-04 13:13:43,0.0
2019-04-04 13:13:44,0.0
2019-04-04 13:13:45,0.0
2019-04-04 13:13:46,0.0
2019-04-04 13:13:47,0.0
2019-04-04 13:13:48,0.0
2019-04-04 13:13:49,0.0
2019-04-04 13:13:50,0.0
2019-04-04 13:13:51,0.0
2019-04-04 13:13:52,0.0
2019-04-04 13:13:53,0.0
2019-04-04 13:13:54,0.0
2019-04-04 13:13:55,0.0
2019-04-04 13:13:56,0.0
2019-04-04 13:13:57,0.0
2019-04-04 13:13:58,0.0
2019-04-04 13:13:59,0.0
2019-04-04 13:14:00,0.0
2019-04-04 13:14:01,0.0
2019-04-04 13:14:02,0.0
2019-04-04 13:14:03,0.0
2019-04-04 13:14:04,0.0
2019-04-04 13:14:05,0.0
2019-04-04 13:14:06,0.0
2019-04-04 13:14:07,0.0
2019-04-04 13:14:08,0.0
2019-04-04 13:14:09,0.0
2019-04-04 13:14:10,0.0
2019-04-04 13:14:11,0.0
2019-04-04 13:14:12,0.0
2019-04-04 13:14:13,0.0
2019-04-04 13:14:14,0.0
2019-04-04 13:14:15,0.0
2019-04-04 13:14:16,0.0
2019-04-04 13:14:17,0.0
2019-04-04 13:14:18,0.0
2019-04-04 13:14:19,0.0
2019-04-04 13:14:20,0.0
2019-04-04 13:14:21,0.0
2019-04-04 13:14:22,0.0
2019-04-04 13:14:23,0.0
2019-04-04 13:14:24,0.0
2019-04-04 13:14:25,0.0
2019-04-04 13:14:26,0.0
2019-04-04 13:14:27,0.0
2019-04-04 13:14:28,0.0
2019-04-04 13:14:29,0.0
2019-04-04 13:14:30,0.0
2019-04-04 13:14:31,0.0
2019-04-04 13:14:32,0.0
2019-04-04 13:14:33,0.0
2019-04-04 13:14:34,0.0
2019-04-04 13:14:35,0.0
2019-04-04 13:14:36,0.0
2019-04-04 13:14:37,0.0
2019-04-04 13:14:38,0.0
2019-04-04 13:14:39,0.0
2019-04-04 13:14:40,0.0
2019-04-04 13:14:41,0.0
2019-04-04 13:14:42,0.0
2019-04-04 13:14:43,0.0
2019-04-04 13:14:44,0.0
2019-04-04 13:14:45,0.0
2019-04-04 13:14:46,0.0
2019-04-04 13:14:47,0.0
2019-04-04 13:14:48,0.0
2019-04-04 13:14:49,0.0
2019-04-04 13:14:50,0.0
2019-04-04 13:14:51,0.0
2019-04-04 13:14:52,0.0
2019-04-04 13:14:53,0.0
2019-04-04 13:14:54,0.0
2019-04-04 13:14:55,0.0
2019-04-04 13:14:56,0.0
2019-04-04 13:14:57,0.0
2019-04-04 13:14:58,0.0
2019-04-04 13:14:59,0.0
2019-04-04 13:15:00,0.0
2019-04-04 13:15:01,0.0
2019-04-04 13:15:02,0.0
2019-04-04 13:15:03,0.0
2019-04-04 13:15:04,0.0
2019-04-04 13:15:05,0.0
2019-04-04 13:15:06,0.0
2019-04-04 13:15:07,0.0
2019-04-04 13:15:08,0.0
2019-04-04 13:15:09,0.0
2019-04-04 13:15:10,0.0
2019-04-04 13:15:11,0.0
2019-04-04 13:15:12,0.0
2019-04-04 13:15:13,0.0
2019-04-04 13:15:14,0.0
2019-04-04 13:15:15,0.0
2019-04-04 13:15:16,0.0
2019-04-04 13:15:17,0.0
2019-04-04 13:15:18,0.0
2019-04-04 13:15:19,0.0
2019-04-04 13:15:20,0.0
2019-04-04 13:15:21,0.0
2019-04-04 13:15:22,0.0
2019-04-04 13:15:23,0.0
2019-04-04 13:15:24,0.0
2019-04-04 13:15:25,0.0
2019-04-04 13:15:26,0.0
2019-04-04 13:15:27,0.0
2019-04-04 13:15:28,0.0
2019-04-04 13:15:29,0.0
2019-04-04 13:15:30,0.0
2019-04-04 13:15:31,0.0
2019-04-04 13:15:32,0.0
2019-04-04 13:15:33,0.0
2019-04-04 13:15:34,0.0
2019-04-04 13:15:35,0.0
2019-04-04 13:15:36,0.0
2019-04-04 13:15:37,0.0
2019-04-04 13:15:38,0.0
2019-04-04 13:15:39,0.0
2019-04-04 13:15:40,0.0
2019-04-04 13:15:41,0.0
2019-04-04 13:15:42,0.0
2019-04-04 13:15:43,0.0
2019-04-04 13:15:44,0.0
2019-04-04 13:15:45,0.0
2019-04-04 13:15:46,0.0
2019-04-04 13:15:47,0.0
2019-04-04 13:15:48,0.0
2019-04-04 13:15:49,0.0
2019-04-04 13:15:50,0.0
2019-04-04 13:15:51,0.0
2019-04-04 13:15:52,0.0
2019-04-04 13:15:53,0.0
2019-04-04 13:15:54,0.0
2019-04-04 13:15:55,0.0
2019-04-04 13:15:56,0.0
2019-04-04 13:15:57,0.0
2019-04-04 13:15:58,0.0
2019-04-04 13:15:59,0.0
2019-04-04 13:16:00,0.0
2019-04-04 13:16:01,0.0
2019-04-04 13:16:02,0.0
2019-04-04 13:16:03,0.0
2019-04-04 13:16:04,0.0
2019-04-04 13:16:05,0.0
2019-04-04 13:16:06,0.0
2019-04-04 13:16:07,0.0
2019-04-04 13:16:08,0.0
2019-04-04 13:16:09,0.0
2019-04-04 13:16:10,0.0
2019-04-04 13:16:11,0.0
2019-04-04 13:16:12,0.0
2019-04-04 13:16:13,0.0
2019-04-04 13:16:14,0.0
2019-04-04 13:16:15,0.0
2019-04-04 13:16:16,0.0
2019-04-04 13:16:17,0.0
2019-04-04 13:16:18,0.0
2019-04-04 13:16:19,0.0
2019-04-04 13:16:20,0.0
2019-04-04 13:16:21,0.0
2019-04-04 13:16:22,0.0
2019-04-04 13:16:23,0.0
2019-04-04 13:16:24,0.0
2019-04-04 13:16:25,0.0
2019-04-04 13:16:26,0.0
2019-04-04 13:16:27,0.0
2019-04-04 13:16:28,0.0
2019-04-04 13:16:29,0.0
2019-04-04 13:16:30,0.0
2019-04-04 13:16:31,0.0
2019-04-04 13:16:32,0.0
2019-04-04 13:16:33,0.0
2019-04-04 13:16:34,0.0
2019-04-04 13:16:35,0.0
2019-04-04 13:16:36,0.0
2019-04-04 13:16:37,0.0
2019-04-04 13:16:38,0.0
2019-04-04 13:16:39,0.0
2019-04-04 13:16:40,0.0
2019-04-04 13:16:41,0.0
2019-04-04 13:16:42,0.0
2019-04-04 13:16:43,0.0
2019-04-04 13:16:44,0.0
2019-04-04 13:16:45,0.0
2019-04-04 13:16:46,0.0
2019-04-04 13:16:47,0.0
2019-04-04 13:16:48,0.0
2019-04-04 13:16:49,0.0
2019-04-04 13:16:50,0.0
2019-04-04 13:16:51,0.0
2019-04-04 13:16:52,0.0
2019-04-04 13:16:53,0.0
2019-04-04 13:16:54,0.0
2019-04-04 13:16:55,0.0
2019-04-04 13:16:56,0.0
2019-04-04 13:16:57,0.0
2019-04-04 13:16:58,0.0
2019-04-04 13:16:59,0.0
2019-04-04 13:17:00,0.0
2019-04-04 13:17:01,0.0
2019-04-04 13:17:02,0.0
2019-04-04 13:17:03,0.0
2019-04-04 13:17:04,0.0
2019-04-04 13:17:05,0.0
2019-04-04 13:17:06,0.0
2019-04-04 13:17:07,0.0
2019-04-04 13:17:08,0.0
2019-04-04 13:17:09,0.0
2019-04-04 13:17:10,0.0
2019-04-04 13:17:11,0.0
2019-04-04 13:17:12,0.0
2019-04-04 13:17:13,0.0
2019-04-04 13:17:14,0.0
2019-04-04 13:17:15,0.0
2019-04-04 13:17:16,0.0
2019-04-04 13:17:17,0.0
2019-04-04 13:17:18,0.0
2019-04-04 13:17:19,0.0
2019-04-04 13:17:20,0.0
2019-04-04 13:17:21,0.0
2019-04-04 13:17:22,0.0
2019-04-04 13:17:23,0.0
2019-04-04 13:17:24,0.0
2019-04-04 13:17:25,0.0
2019-04-04 13:17:26,0.0
2019-04-04 13:17:27,0.0
2019-04-04 13:17:28,0.0
2019-04-04 13:17:29,0.0
2019-04-04 13:17:30,0.0
2019-04-04 13:17:31,0.0
2019-04-04 13:17:32,0.0
2019-04-04 13:17:33,0.0
2019-04-04 13:17:34,0.0
2019-04-04 13:17:35,0.0
2019-04-04 13:17:36,0.0
2019-04-04 13:17:37,0.0
2019-04-04 13:17:38,0.0
2019-04-04 13:17:39,0.0
2019-04-04 13:17:40,0.0
2019-04-04 13:17:41,0.0
2019-04-04 13:17:42,0.0
2019-04-04 13:17:43,0.0
2019-04-04 13:17:44,0.0
2019-04-04 13:17:45,0.0
2019-04-04 13:17:46,0.0
2019-04-04 13:17:47,0.0
2019-04-04 13:17:48,0.0
2019-04-04 13:17:49,0.0
2019-04-04 13:17:50,0.0
2019-04-04 13:17:51,0.0
2019-04-04 13:17:52,0.0
2019-04-04 13:17:53,0.0
2019-04-04 13:17:54,0.0
2019-04-04 13:17:55,0.0
2019-04-04 13:17:56,0.0
2019-04-04 13:17:57,0.0
2019-04-04 13:17:58,0.0
2019-04-04 13:17:59,0.0
2019-04-04 13:18:00,0.0
2019-04-04 13:18:01,0.0
2019-04-04 13:18:02,0.0
2019-04-04 13:18:03,0.0
2019-04-04 13:18:04,0.0
2019-04-04 13:18:05,0.0
2019-04-04 13:18:06,0.0
2019-04-04 13:18:07,0.0
2019-04-04 13:18:08,0.0
2019-04-04 13:18:09,0.0
2019-04-04 13:18:10,0.0
2019-04-04 13:18:11,0.0
2019-04-04 13:18:12,0.0
2019-04-04 13:18:13,0.0
2019-04-04 13:18:14,0.0
2019-04-04 13:18:15,0.0
2019-04-04 13:18:16,0.0
2019-04-04 13:18:17,0.0
2019-04-04 13:18:18,0.0
2019-04-04 13:18:19,0.0
2019-04-04 13:18:20,0.0
2019-04-04 13:18:21,0.0
2019-04-04 13:18:22,0.0
2019-04-04 13:18:23,0.0
2019-04-04 13:18:24,0.0
2019-04-04 13:18:25,0.0
2019-04-04 13:18:26,0.0
2019-04-04 13:18:27,0.0
2019-04-04 13:18:28,0.0
2019-04-04 13:18:29,0.0
2019-04-04 13:18:30,0.0
2019-04-04 13:18:31,0.0
2019-04-04 13:18:32,0.0
2019-04-04 13:18:33,0.0
2019-04-04 13:18:34,0.0
2019-04-04 13:18:35,0.0
2019-04-04 13:18:36,0.0
2019-04-04 13:18:37,0.0
2019-04-04 13:18:38,0.0
2019-04-04 13:18:39,0.0
2019-04-04 13:18:40,0.0
2019-04-04 13:18:41,0.0
2019-04-04 13:18:42,0.0
2019-04-04 13:18:43,0.0
2019-04-04 13:18:44,0.0
2019-04-04 13:18:45,0.0
2019-04-04 13:18:46,0.0
2019-04-04 13:18:47,0.0
2019-04-04 13:18:48,0.0
2019-04-04 13:18:49,0.0
2019-04-04 13:18:50,0.0
2019-04-04 13:18:51,0.0
2019-04-04 13:18:52,0.0
2019-04-04 13:18:53,0.0
2019-04-04 13:18:54,0.0
2019-04-04 13:18:55,0.0
2019-04-04 13:18:56,0.0
2019-04-04 13:18:57,0.0
2019-04-04 13:18:58,0.0
2019-04-04 13:18:59,0.0
2019-04-04 13:19:00,0.0
2019-04-04 13:19:01,0.0
2019-04-04 13:19:02,0.0
2019-04-04 13:19:03,0.0
2019-04-04 13:19:04,0.0
2019-04-04 13:19:05,0.0
2019-04-04 13:19:06,0.0
2019-04-04 13:19:07,0.0
2019-04-04 13:19:08,0.0
2019-04-04 13:19:09,0.0
2019-04-04 13:19:10,0.0
2019-04-04 13:19:11,0.0
2019-04-04 13:19:12,0.0
2019-04-04 13:19:13,0.0
2019-04-04 13:19:14,0.0
2019-04-04 13:19:15,0.0
2019-04-04 13:19:16,0.0
2019-04-04 13:19:17,0.0
2019-04-04 13:19:18,0.0
2019-04-04 13:19:19,0.0
2019-04-04 13:19:20,0.0
2019-04-04 13:19:21,0.0
2019-04-04 13:19:22,0.0
2019-04-04 13:19:23,0.0
2019-04-04 13:19:24,0.0
2019-04-04 13:19:25,0.0
2019-04-04 13:19:26,0.0
2019-04-04 13:19:27,0.0
2019-04-04 13:19:28,0.0
2019-04-04 13:19:29,0.0
2019-04-04 13:19:30,0.0
2019-04-04 13:19:31,0.0
2019-04-04 13:19:32,0.0
2019-04-04 13:19:33,0.0
2019-04-04 13:19:34,0.0
2019-04-04 13:19:35,0.0
2019-04-04 13:19:36,0.0
2019-04-04 13:19:37,0.0
2019-04-04 13:19:38,0.0
2019-04-04 13:19:39,0.0
2019-04-04 13:19:40,0.0
2019-04-04 13:19:41,0.0
2019-04-04 13:19:42,0.0
2019-04-04 13:19:43,0.0
2019-04-04 13:19:44,0.0
2019-04-04 13:19:45,0.0
2019-04-04 13:19:46,0.0
2019-04-04 13:19:47,0.0
2019-04-04 13:19:48,0.0
2019-04-04 13:19:49,0.0
2019-04-04 13:19:50,0.0
2019-04-04 13:19:51,0.0
2019-04-04 13:19:52,0.0
2019-04-04 13:19:53,0.0
2019-04-04 13:19:54,0.0
2019-04-04 13:19:55,0.0
2019-04-04 13:19:56,0.0
2019-04-04 13:19:57,0.0
2019-04-04 13:19:58,0.0
2019-04-04 13:19:59,0.0
2019-04-04 13:20:00,-0.0001290322580678148
2019-04-04 13:20:01,-0.00012903225806710356
2019-04-04 13:20:02,-0.00012903225806639232
2019-04-04 13:20:03,-0.00012903225806568282
2019-04-04 13:20:04,-0.00012903225806497158
2019-04-04 13:20:05,0.0
2019-04-04 13:20:06,0.0
2019-04-04 13:20:07,0.0
2019-04-04 13:20:08,0.0
2019-04-04 13:20:09,0.0
2019-04-04 13:20:10,0.0
2019-04-04 13:20:11,0.0
2019-04-04 13:20:12,0.0
2019-04-04 13:20:13,0.0
2019-04-04 13:20:14,0.0
2019-04-04 13:20:15,0.0
2019-04-04 13:20:16,0.0
2019-04-04 13:20:17,0.0
2019-04-04 13:20:18,0.0
2019-04-04 13:20:19,0.0
2019-04-04 13:20:20,0.0
2019-04-04 13:20:21,0.0
2019-04-04 13:20:22,0.0
2019-04-04 13:20:23,0.0
2019-04-04 13:20:24,0.0
2019-04-04 13:20:25,0.0
2019-04-04 13:20:26,0.0
2019-04-04 13:20:27,0.0
2019-04-04 13:20:28,0.0
2019-04-04 13:20:29,0.0
2019-04-04 13:20:30,0.0
2019-04-04 13:20:31,0.0
2019-04-04 13:20:32,0.0
2019-04-04 13:20:33,0.0
2019-04-04 13:20:34,0.0
2019-04-04 13:20:35,-0.0001538461538432255
2019-04-04 13:20:36,-0.00015384615384393674
2019-04-04 13:20:37,-0.00015384615384464798
2019-04-04 13:20:38,-0.00015384615384535748
2019-04-04 13:20:39,-0.00015384615384606871
2019-04-04 13:20:40,0.0
2019-04-04 13:20:41,0.0
2019-04-04 13:20:42,0.0
2019-04-04 13:20:43,0.0
2019-04-04 13:20:44,0.0
2019-04-04 13:20:45,0.0
2019-04-04 13:20:46,0.0
2019-04-04 13:20:47,0.0
2019-04-04 13:20:48,0.0
2019-04-04 13:20:49,0.0
2019-04-04 13:20:50,0.0
2019-04-04 13:20:51,0.0
2019-04-04 13:20:52,0.0
2019-04-04 13:20:53,0.0
2019-04-04 13:20:54,0.0
2019-04-04 13:20:55,0.0
2019-04-04 13:20:56,0.0
2019-04-04 13:20:57,0.0
2019-04-04 13:20:58,0.0
2019-04-04 13:20:59,0.0
2019-04-04 13:21:00,0.0
2019-04-04 13:21:01,0.0
2019-04-04 13:21:02,0.0
2019-04-04 13:21:03,0.0
2019-04-04 13:21:04,0.0
2019-04-04 13:21:05,0.0
2019-04-04 13:21:06,0.0
2019-04-04 13:21:07,0.0
2019-04-04 13:21:08,0.0
2019-04-04 13:21:09,0.0
2019-04-04 13:21:10,0.0
2019-04-04 13:21:11,-0.00014814814815132873
2019-04-04 13:21:12,-0.00014814814815061923
2019-04-04 13:21:13,-0.000148148148149908
2019-04-04 13:21:14,-0.0001481481481491985
2019-04-04 13:21:15,-0.00014814814814848726
2019-04-04 13:21:16,0.0
2019-04-04 13:21:17,0.0
2019-04-04 13:21:18,0.0
2019-04-04 13:21:19,0.0
2019-04-04 13:21:20,0.0
2019-04-04 13:21:21,0.0
2019-04-04 13:21:22,0.0
2019-04-04 13:21:23,0.0
2019-04-04 13:21:24,0.0
2019-04-04 13:21:25,0.0
2019-04-04 13:21:26,0.0
2019-04-04 13:21:27,0.0
2019-04-04 13:21:28,0.0
2019-04-04 13:21:29,0.0
2019-04-04 13:21:30,0.0
2019-04-04 13:21:31,0.0
2019-04-04 13:21:32,0.0
2019-04-04 13:21:33,0.0
2019-04-04 13:21:34,0.0
2019-04-04 13:21:35,0.0
2019-04-04 13:21:36,0.0
2019-04-04 13:21:37,0.0
2019-04-04 13:21:38,0.0
2019-04-04 13:21:39,0.0
2019-04-04 13:21:40,0.0
2019-04-04 13:21:41,0.0
2019-04-04 13:21:42,0.0
2019-04-04 13:21:43,0.0
2019-04-04 13:21:44,0.0
2019-04-04 13:21:45,0.0
2019-04-04 13:21:46,0.0
2019-04-04 13:21:47,0.0
2019-04-04 13:21:48,0.0
2019-04-04 13:21:49,0.0
2019-04-04 13:21:50,0.0
2019-04-04 13:21:51,0.0
2019-04-04 13:21:52,0.0
2019-04-04 13:21:53,0.0
2019-04-04 13:21:54,0.0
2019-04-04 13:21:55,0.0
2019-04-04 13:21:56,0.0
2019-04-04 13:21:57,0.0
2019-04-04 13:21:58,0.0
2019-04-04 13:21:59,0.0
2019-04-04 13:22:00,0.0
2019-04-04 13:22:01,0.0
2019-04-04 13:22:02,0.0
2019-04-04 13:22:03,0.0
2019-04-04 13:22:04,0.0
2019-04-04 13:22:05,0.0
2019-04-04 13:22:06,0.0
2019-04-04 13:22:07,0.0
2019-04-04 13:22:08,0.0
2019-04-04 13:22:09,0.0
2019-04-04 13:22:10,0.0
2019-04-04 13:22:11,0.0
2019-04-04 13:22:12,0.0
2019-04-04 13:22:13,0.0
2019-04-04 13:22:14,0.0
2019-04-04 13:22:15,0.0
2019-04-04 13:22:16,0.0
2019-04-04 13:22:17,0.0
2019-04-04 13:22:18,0.0
2019-04-04 13:22:19,0.0
2019-04-04 13:22:20,0.0
2019-04-04 13:22:21,0.0
2019-04-04 13:22:22,0.0
2019-04-04 13:22:23,0.0
2019-04-04 13:22:24,0.0
2019-04-04 13:22:25,0.0
2019-04-04 13:22:26,0.0
2019-04-04 13:22:27,0.0
2019-04-04 13:22:28,0.0
2019-04-04 13:22:29,0.0
2019-04-04 13:22:30,0.0
2019-04-04 13:22:31,0.0
2019-04-04 13:22:32,0.0
2019-04-04 13:22:33,0.0
2019-04-04 13:22:34,0.0
2019-04-04 13:22:35,0.0
2019-04-04 13:22:36,0.0
2019-04-04 13:22:37,0.0
2019-04-04 13:22:38,0.0
2019-04-04 13:22:39,0.0
2019-04-04 13:22:40,0.0
2019-04-04 13:22:41,0.0
2019-04-04 13:22:42,0.0
2019-04-04 13:22:43,0.0
2019-04-04 13:22:44,0.0
2019-04-04 13:22:45,0.0
2019-04-04 13:22:46,0.0
2019-04-04 13:22:47,0.0
2019-04-04 13:22:48,0.0
2019-04-04 13:22:49,0.0
2019-04-04 13:22:50,0.0
2019-04-04 13:22:51,0.0
2019-04-04 13:22:52,0.0
2019-04-04 13:22:53,0.0
2019-04-04 13:22:54,0.0
2019-04-04 13:22:55,0.0
2019-04-04 13:22:56,0.0
2019-04-04 13:22:57,0.0
2019-04-04 13:22:58,0.0
2019-04-04 13:22:59,0.0
2019-04-04 13:23:00,0.0
2019-04-04 13:23:01,0.0
2019-04-04 13:23:02,0.0
2019-04-04 13:23:03,0.0
2019-04-04 13:23:04,0.0
2019-04-04 13:23:05,0.0
2019-04-04 13:23:06,0.0
2019-04-04 13:23:07,0.0
2019-04-04 13:23:08,0.0
2019-04-04 13:23:09,0.0
2019-04-04 13:23:10,0.0
2019-04-04 13:23:11,0.0
2019-04-04 13:23:12,0.0
2019-04-04 13:23:13,0.0
2019-04-04 13:23:14,0.0
2019-04-04 13:23:15,0.0
2019-04-04 13:23:16,0.0
2019-04-04 13:23:17,0.0
2019-04-04 13:23:18,0.0
2019-04-04 13:23:19,0.0
2019-04-04 13:23:20,0.0
2019-04-04 13:23:21,0.0
2019-04-04 13:23:22,0.0
2019-04-04 13:23:23,0.0
2019-04-04 13:23:24,0.0
2019-04-04 13:23:25,0.0
2019-04-04 13:23:26,0.0
2019-04-04 13:23:27,0.0
2019-04-04 13:23:28,0.0
2019-04-04 13:23:29,0.0
2019-04-04 13:23:30,0.0
2019-04-04 13:23:31,0.0
2019-04-04 13:23:32,0.0
2019-04-04 13:23:33,0.0
2019-04-04 13:23:34,0.0
2019-04-04 13:23:35,0.0
2019-04-04 13:23:36,0.0
2019-04-04 13:23:37,0.0
2019-04-04 13:23:38,0.0
2019-04-04 13:23:39,0.0
2019-04-04 13:23:40,0.0
2019-04-04 13:23:41,0.0
2019-04-04 13:23:42,0.0
2019-04-04 13:23:43,0.0
2019-04-04 13:23:44,0.0
2019-04-04 13:23:45,0.0
2019-04-04 13:23:46,0.0
2019-04-04 13:23:47,0.0
2019-04-04 13:23:48,0.0
2019-04-04 13:23:49,0.0
2019-04-04 13:23:50,0.0
2019-04-04 13:23:51,0.0
2019-04-04 13:23:52,0.0
2019-04-04 13:23:53,0.0
2019-04-04 13:23:54,0.0
2019-04-04 13:23:55,0.0
2019-04-04 13:23:56,0.0
2019-04-04 13:23:57,0.0
2019-04-04 13:23:58,0.0
2019-04-04 13:23:59,0.0
2019-04-04 13:24:00,0.0
2019-04-04 13:24:01,0.0
2019-04-04 13:24:02,0.0
2019-04-04 13:24:03,0.0
2019-04-04 13:24:04,0.0
2019-04-04 13:24:05,0.0
2019-04-04 13:24:06,0.0
2019-04-04 13:24:07,0.0
2019-04-04 13:24:08,0.0
2019-04-04 13:24:09,0.0
2019-04-04 13:24:10,0.0
2019-04-04 13:24:11,0.0
2019-04-04 13:24:12,0.0
2019-04-04 13:24:13,0.0
2019-04-04 13:24:14,0.0
2019-04-04 13:24:15,0.0
2019-04-04 13:24:16,0.0
2019-04-04 13:24:17,0.0
2019-04-04 13:24:18,0.0
2019-04-04 13:24:19,0.0
2019-04-04 13:24:20,0.0
2019-04-04 13:24:21,0.0
2019-04-04 13:24:22,0.0
2019-04-04 13:24:23,0.0
2019-04-04 13:24:24,0.0
2019-04-04 13:24:25,0.0
2019-04-04 13:24:26,0.0
2019-04-04 13:24:27,0.0
2019-04-04 13:24:28,0.0
2019-04-04 13:24:29,0.0
2019-04-04 13:24:30,0.0
2019-04-04 13:24:31,0.0
2019-04-04 13:24:32,0.0
2019-04-04 13:24:33,0.0
2019-04-04 13:24:34,0.0
2019-04-04 13:24:35,0.0
2019-04-04 13:24:36,0.0
2019-04-04 13:24:37,0.0
2019-04-04 13:24:38,0.0
2019-04-04 13:24:39,0.0
2019-04-04 13:24:40,0.0
2019-04-04 13:24:41,0.0
2019-04-04 13:24:42,0.0
2019-04-04 13:24:43,0.0
2019-04-04 13:24:44,0.0
2019-04-04 13:24:45,0.0
2019-04-04 13:24:46,0.0
2019-04-04 13:24:47,0.0
2019-04-04 13:24:48,0.0
2019-04-04 13:24:49,0.0
2019-04-04 13:24:50,0.0
2019-04-04 13:24:51,0.0
2019-04-04 13:24:52,0.0
2019-04-04 13:24:53,0.0
2019-04-04 13:24:54,0.0
2019-04-04 13:24:55,0.0
2019-04-04 13:24:56,0.0
2019-04-04 13:24:57,0.0
2019-04-04 13:24:58,0.0
2019-04-04 13:24:59,0.0
2019-04-04 13:25:00,0.0
2019-04-04 13:25:01,0.0
2019-04-04 13:25:02,0.0
2019-04-04 13:25:03,0.0
2019-04-04 13:25:04,0.0
2019-04-04 13:25:05,0.0
2019-04-04 13:25:06,0.0
2019-04-04 13:25:07,0.0
2019-04-04 13:25:08,0.0
2019-04-04 13:25:09,0.0
2019-04-04 13:25:10,0.0
2019-04-04 13:25:11,0.0
2019-04-04 13:25:12,0.0
2019-04-04 13:25:13,0.0
2019-04-04 13:25:14,0.0
2019-04-04 13:25:15,0.0
2019-04-04 13:25:16,0.0
2019-04-04 13:25:17,0.0
2019-04-04 13:25:18,0.0
2019-04-04 13:25:19,0.0
2019-04-04 13:25:20,0.0
2019-04-04 13:25:21,0.0
2019-04-04 13:25:22,0.0
2019-04-04 13:25:23,0.0
2019-04-04 13:25:24,0.0
2019-04-04 13:25:25,0.0
2019-04-04 13:25:26,0.0
2019-04-04 13:25:27,0.0
2019-04-04 13:25:28,0.0
2019-04-04 13:25:29,0.0
2019-04-04 13:25:30,0.0
2019-04-04 13:25:31,0.0
2019-04-04 13:25:32,0.0
2019-04-04 13:25:33,0.0
2019-04-04 13:25:34,0.0
2019-04-04 13:25:35,0.0
2019-04-04 13:25:36,0.0
2019-04-04 13:25:37,0.0
2019-04-04 13:25:38,0.0
2019-04-04 13:25:39,0.0
2019-04-04 13:25:40,0.0
2019-04-04 13:25:41,0.0
2019-04-04 13:25:42,0.0
2019-04-04 13:25:43,0.0
2019-04-04 13:25:44,0.0
2019-04-04 13:25:45,0.0
2019-04-04 13:25:46,0.0
2019-04-04 13:25:47,0.0
2019-04-04 13:25:48,0.0
2019-04-04 13:25:49,0.0
2019-04-04 13:25:50,0.0
2019-04-04 13:25:51,0.0
2019-04-04 13:25:52,0.0
2019-04-04 13:25:53,0.0
2019-04-04 13:25:54,0.0
2019-04-04 13:25:55,0.0
2019-04-04 13:25:56,0.0
2019-04-04 13:25:57,0.0
2019-04-04 13:25:58,0.0
2019-04-04 13:25:59,0.0
2019-04-04 13:26:00,0.0
2019-04-04 13:26:01,0.0
2019-04-04 13:26:02,0.0
2019-04-04 13:26:03,0.0
2019-04-04 13:26:04,0.0
2019-04-04 13:26:05,0.0
2019-04-04 13:26:06,0.0
2019-04-04 13:26:07,0.0
2019-04-04 13:26:08,0.0
2019-04-04 13:26:09,0.0
2019-04-04 13:26:10,0.0
2019-04-04 13:26:11,0.0
2019-04-04 13:26:12,0.0
2019-04-04 13:26:13,0.0
2019-04-04 13:26:14,0.0
2019-04-04 13:26:15,0.0
2019-04-04 13:26:16,0.0
2019-04-04 13:26:17,0.0
2019-04-04 13:26:18,0.0
2019-04-04 13:26:19,0.0
2019-04-04 13:26:20,0.0
2019-04-04 13:26:21,0.0
2019-04-04 13:26:22,0.0
2019-04-04 13:26:23,0.0
2019-04-04 13:26:24,0.0
2019-04-04 13:26:25,0.0
2019-04-04 13:26:26,0.0
2019-04-04 13:26:27,-0.0002499999999967979
2019-04-04 13:26:28,-0.0002499999999975074
2019-04-04 13:26:29,-0.00024999999999821866
2019-04-04 13:26:30,-0.00024999999999892816
2019-04-04 13:26:31,-0.0002499999999996394
2019-04-04 13:26:32,0.0
2019-04-04 13:26:33,0.0
2019-04-04 13:26:34,0.0
2019-04-04 13:26:35,0.0
2019-04-04 13:26:36,0.0
2019-04-04 13:26:37,0.0
2019-04-04 13:26:38,0.0
2019-04-04 13:26:39,0.0
2019-04-04 13:26:40,0.0
2019-04-04 13:26:41,0.0
2019-04-04 13:26:42,0.0
2019-04-04 13:26:43,0.0
2019-04-04 13:26:44,0.0
2019-04-04 13:26:45,0.0
2019-04-04 13:26:46,0.0
2019-04-04 13:26:47,0.0
2019-04-04 13:26:48,0.0
2019-04-04 13:26:49,0.0
2019-04-04 13:26:50,0.0
2019-04-04 13:26:51,0.0
2019-04-04 13:26:52,0.0
2019-04-04 13:26:53,0.0
2019-04-04 13:26:54,0.0
2019-04-04 13:26:55,0.0
2019-04-04 13:26:56,0.0
2019-04-04 13:26:57,0.0
2019-04-04 13:26:58,0.0
2019-04-04 13:26:59,0.0
2019-04-04 13:27:00,0.0
2019-04-04 13:27:01,0.0
2019-04-04 13:27:02,0.0
2019-04-04 13:27:03,0.0
2019-04-04 13:27:04,0.0
2019-04-04 13:27:05,0.0
2019-04-04 13:27:06,0.0
2019-04-04 13:27:07,0.0
2019-04-04 13:27:08,0.0
2019-04-04 13:27:09,0.0
2019-04-04 13:27:10,0.0
2019-04-04 13:27:11,0.0
2019-04-04 13:27:12,0.0
2019-04-04 13:27:13,0.0
2019-04-04 13:27:14,0.0
2019-04-04 13:27:15,0.0
2019-04-04 13:27:16,0.0
2019-04-04 13:27:17,0.0
2019-04-04 13:27:18,0.0
2019-04-04 13:27:19,0.0
2019-04-04 13:27:20,0.0
2019-04-04 13:27:21,0.0
2019-04-04 13:27:22,0.0
2019-04-04 13:27:23,0.0
2019-04-04 13:27:24,0.0
2019-04-04 13:27:25,0.0
2019-04-04 13:27:26,0.0
2019-04-04 13:27:27,0.0
2019-04-04 13:27:28,0.0
2019-04-04 13:27:29,0.0
2019-04-04 13:27:30,0.0
2019-04-04 13:27:31,0.0
2019-04-04 13:27:32,0.0
2019-04-04 13:27:33,0.0
2019-04-04 13:27:34,0.0
2019-04-04 13:27:35,0.0
2019-04-04 13:27:36,0.0
2019-04-04 13:27:37,0.0
2019-04-04 13:27:38,0.0
2019-04-04 13:27:39,0.0
2019-04-04 13:27:40,0.0
2019-04-04 13:27:41,-0.0003157894736841478
2019-04-04 13:27:42,-0.0006315789473682939
2019-04-04 13:27:43,-0.0006315789473682939
2019-04-04 13:27:44,-0.0006315789473682939
2019-04-04 13:27:45,-0.0006315789473682939
2019-04-04 13:27:46,-0.0003157894736841478
2019-04-04 13:27:47,0.0
2019-04-04 13:27:48,0.0
2019-04-04 13:27:49,0.0
2019-04-04 13:27:50,0.0
2019-04-04 13:27:51,0.0
2019-04-04 13:27:52,0.0
2019-04-04 13:27:53,0.0
2019-04-04 13:27:54,0.0
2019-04-04 13:27:55,0.0
2019-04-04 13:27:56,0.0
2019-04-04 13:27:57,0.0
2019-04-04 13:27:58,0.0
2019-04-04 13:27:59,0.0
2019-04-04 13:28:00,0.0
2019-04-04 13:28:01,0.0
2019-04-04 13:28:02,0.0
2019-04-04 13:28:03,0.0
2019-04-04 13:28:04,0.0
2019-04-04 13:28:05,0.0
2019-04-04 13:28:06,0.0
2019-04-04 13:28:07,0.0
2019-04-04 13:28:08,0.0
2019-04-04 13:28:09,0.0
2019-04-04 13:28:10,0.0
2019-04-04 13:28:11,0.0
2019-04-04 13:28:12,0.0
2019-04-04 13:28:13,0.0
2019-04-04 13:28:14,0.0
2019-04-04 13:28:15,0.0
2019-04-04 13:28:16,0.0
2019-04-04 13:28:17,0.0
2019-04-04 13:28:18,0.0
2019-04-04 13:28:19,0.0
2019-04-04 13:28:20,0.0
2019-04-04 13:28:21,0.0
2019-04-04 13:28:22,0.0
2019-04-04 13:28:23,0.0
2019-04-04 13:28:24,0.0
2019-04-04 13:28:25,0.0
2019-04-04 13:28:26,0.0
2019-04-04 13:28:27,0.0
2019-04-04 13:28:28,0.0
2019-04-04 13:28:29,-0.0001739130434814072
2019-04-04 13:28:30,-0.0001739130434806977
2019-04-04 13:28:31,-0.00017391304347998647
2019-04-04 13:28:32,-0.00017391304347927697
2019-04-04 13:28:33,-0.00017391304347856573
2019-04-04 13:28:34,0.0
2019-04-04 13:28:35,0.0
2019-04-04 13:28:36,0.0
2019-04-04 13:28:37,0.0
2019-04-04 13:28:38,0.0
2019-04-04 13:28:39,0.0
2019-04-04 13:28:40,0.0
2019-04-04 13:28:41,0.0
2019-04-04 13:28:42,0.0
2019-04-04 13:28:43,0.0
2019-04-04 13:28:44,0.0
2019-04-04 13:28:45,0.0
2019-04-04 13:28:46,0.0
2019-04-04 13:28:47,0.0
2019-04-04 13:28:48,0.0
2019-04-04 13:28:49,0.0
2019-04-04 13:28:50,0.0
2019-04-04 13:28:51,0.0
2019-04-04 13:28:52,0.0
2019-04-04 13:28:53,0.0
2019-04-04 13:28:54,0.0
2019-04-04 13:28:55,0.0
2019-04-04 13:28:56,0.0
2019-04-04 13:28:57,0.0
2019-04-04 13:28:58,0.0
2019-04-04 13:28:59,0.0
2019-04-04 13:29:00,0.0
2019-04-04 13:29:01,0.0
2019-04-04 13:29:02,0.0
2019-04-04 13:29:03,0.0
2019-04-04 13:29:04,0.0
2019-04-04 13:29:05,0.0
2019-04-04 13:29:06,0.0
2019-04-04 13:29:07,0.0
2019-04-04 13:29:08,0.0
2019-04-04 13:29:09,0.0
2019-04-04 13:29:10,0.0
2019-04-04 13:29:11,0.0
2019-04-04 13:29:12,0.0
2019-04-04 13:29:13,0.0
2019-04-04 13:29:14,0.0
2019-04-04 13:29:15,0.0
2019-04-04 13:29:16,0.0
2019-04-04 13:29:17,0.0
2019-04-04 13:29:18,0.0
2019-04-04 13:29:19,0.0
2019-04-04 13:29:20,0.0
2019-04-04 13:29:21,0.0
2019-04-04 13:29:22,0.0
2019-04-04 13:29:23,0.0
2019-04-04 13:29:24,0.0
2019-04-04 13:29:25,0.0
2019-04-04 13:29:26,0.0
2019-04-04 13:29:27,0.0
2019-04-04 13:29:28,0.0
2019-04-04 13:29:29,0.0
2019-04-04 13:29:30,0.0
2019-04-04 13:29:31,0.0
2019-04-04 13:29:32,0.0
2019-04-04 13:29:33,0.0
2019-04-04 13:29:34,0.0
2019-04-04 13:29:35,0.0
2019-04-04 13:29:36,0.0
2019-04-04 13:29:37,0.0
2019-04-04 13:29:38,0.0
2019-04-04 13:29:39,0.0
2019-04-04 13:29:40,0.0
2019-04-04 13:29:41,0.0
2019-04-04 13:29:42,0.0
2019-04-04 13:29:43,0.0
2019-04-04 13:29:44,0.0
2019-04-04 13:29:45,0.0
2019-04-04 13:29:46,0.0
2019-04-04 13:29:47,0.0
2019-04-04 13:29:48,0.0
2019-04-04 13:29:49,0.0
2019-04-04 13:29:50,0.0
2019-04-04 13:29:51,0.0
2019-04-04 13:29:52,0.0
2019-04-04 13:29:53,0.0
2019-04-04 13:29:54,0.0
2019-04-04 13:29:55,0.0
2019-04-04 13:29:56,0.0
2019-04-04 13:29:57,0.0
2019-04-04 13:29:58,0.0
2019-04-04 13:29:59,0.0
2019-04-04 13:30:00,0.0
2019-04-04 13:30:01,0.0
2019-04-04 13:30:02,0.0
2019-04-04 13:30:03,0.0
2019-04-04 13:30:04,0.0
2019-04-04 13:30:05,0.0
2019-04-04 13:30:06,0.0
2019-04-04 13:30:07,0.0
2019-04-04 13:30:08,0.0
2019-04-04 13:30:09,0.0
2019-04-04 13:30:10,0.0
2019-04-04 13:30:11,0.0
2019-04-04 13:30:12,0.0
2019-04-04 13:30:13,0.0
2019-04-04 13:30:14,0.0
2019-04-04 13:30:15,0.0
2019-04-04 13:30:16,0.0
2019-04-04 13:30:17,0.0
2019-04-04 13:30:18,0.0
2019-04-04 13:30:19,0.0
2019-04-04 13:30:20,0.0
2019-04-04 13:30:21,0.0
2019-04-04 13:30:22,0.0
2019-04-04 13:30:23,0.0
2019-04-04 13:30:24,0.0
2019-04-04 13:30:25,0.0
2019-04-04 13:30:26,0.0
2019-04-04 13:30:27,0.0
2019-04-04 13:30:28,0.0
2019-04-04 13:30:29,0.0
2019-04-04 13:30:30,0.0
2019-04-04 13:30:31,0.0
2019-04-04 13:30:32,0.0
2019-04-04 13:30:33,0.0
2019-04-04 13:30:34,0.0
2019-04-04 13:30:35,0.0
2019-04-04 13:30:36,0.0
2019-04-04 13:30:37,0.0
2019-04-04 13:30:38,0.0
2019-04-04 13:30:39,0.0
2019-04-04 13:30:40,0.0
2019-04-04 13:30:41,0.0
2019-04-04 13:30:42,0.0
2019-04-04 13:30:43,0.0
2019-04-04 13:30:44,0.0
2019-04-04 13:30:45,0.0
2019-04-04 13:30:46,0.0
2019-04-04 13:30:47,0.0
2019-04-04 13:30:48,0.0
2019-04-04 13:30:49,0.0
2019-04-04 13:30:50,0.0
2019-04-04 13:30:51,0.0
2019-04-04 13:30:52,0.0
2019-04-04 13:30:53,0.0
2019-04-04 13:30:54,0.0
2019-04-04 13:30:55,0.0
2019-04-04 13:30:56,0.0
2019-04-04 13:30:57,0.0
2019-04-04 13:30:58,0.0
2019-04-04 13:30:59,0.0
2019-04-04 13:31:00,0.0
2019-04-04 13:31:01,0.0
2019-04-04 13:31:02,0.0
2019-04-04 13:31:03,0.0
2019-04-04 13:31:04,0.0
2019-04-04 13:31:05,0.0
2019-04-04 13:31:06,0.0
2019-04-04 13:31:07,0.0
2019-04-04 13:31:08,0.0
2019-04-04 13:31:09,0.0
2019-04-04 13:31:10,0.0
2019-04-04 13:31:11,0.0
2019-04-04 13:31:12,0.0
2019-04-04 13:31:13,0.0
2019-04-04 13:31:14,0.0
2019-04-04 13:31:15,0.0
2019-04-04 13:31:16,0.0
2019-04-04 13:31:17,0.0
2019-04-04 13:31:18,0.0
2019-04-04 13:31:19,0.0
2019-04-04 13:31:20,0.0
2019-04-04 13:31:21,0.0
2019-04-04 13:31:22,0.0
2019-04-04 13:31:23,0.0
2019-04-04 13:31:24,0.0
2019-04-04 13:31:25,0.0
2019-04-04 13:31:26,0.0
2019-04-04 13:31:27,0.0
2019-04-04 13:31:28,0.0
2019-04-04 13:31:29,0.0
2019-04-04 13:31:30,0.0
2019-04-04 13:31:31,0.0
2019-04-04 13:31:32,0.0
2019-04-04 13:31:33,0.0
2019-04-04 13:31:34,0.0
2019-04-04 13:31:35,0.0
2019-04-04 13:31:36,0.0
2019-04-04 13:31:37,0.0
2019-04-04 13:31:38,0.0
2019-04-04 13:31:39,0.0
2019-04-04 13:31:40,0.0
2019-04-04 13:31:41,0.0
2019-04-04 13:31:42,0.0
2019-04-04 13:31:43,0.0
2019-04-04 13:31:44,0.0
2019-04-04 13:31:45,0.0
2019-04-04 13:31:46,0.0
2019-04-04 13:31:47,0.0
2019-04-04 13:31:48,0.0
2019-04-04 13:31:49,0.0
2019-04-04 13:31:50,0.0
2019-04-04 13:31:51,0.0
2019-04-04 13:31:52,0.0
2019-04-04 13:31:53,0.0
2019-04-04 13:31:54,0.0
2019-04-04 13:31:55,0.0
2019-04-04 13:31:56,0.0
2019-04-04 13:31:57,0.0
2019-04-04 13:31:58,0.0
2019-04-04 13:31:59,0.0
2019-04-04 13:32:00,0.0
2019-04-04 13:32:01,0.0
2019-04-04 13:32:02,0.0
2019-04-04 13:32:03,0.0
2019-04-04 13:32:04,0.0
2019-04-04 13:32:05,0.0
2019-04-04 13:32:06,0.0
2019-04-04 13:32:07,0.0
2019-04-04 13:32:08,0.0
2019-04-04 13:32:09,0.0
2019-04-04 13:32:10,0.0
2019-04-04 13:32:11,0.0
2019-04-04 13:32:12,0.0
2019-04-04 13:32:13,0.0
2019-04-04 13:32:14,0.0
2019-04-04 13:32:15,0.0
2019-04-04 13:32:16,0.0
2019-04-04 13:32:17,0.0
2019-04-04 13:32:18,0.0
2019-04-04 13:32:19,0.0
2019-04-04 13:32:20,0.0
2019-04-04 13:32:21,0.0
2019-04-04 13:32:22,0.0
2019-04-04 13:32:23,0.0
2019-04-04 13:32:24,0.0
2019-04-04 13:32:25,0.0
2019-04-04 13:32:26,0.0
2019-04-04 13:32:27,0.0
2019-04-04 13:32:28,0.0
2019-04-04 13:32:29,0.0
2019-04-04 13:32:30,0.0
2019-04-04 13:32:31,0.0
2019-04-04 13:32:32,0.0
2019-04-04 13:32:33,0.0
2019-04-04 13:32:34,0.0
2019-04-04 13:32:35,0.0
2019-04-04 13:32:36,0.0
2019-04-04 13:32:37,0.0
2019-04-04 13:32:38,0.0
2019-04-04 13:32:39,0.0
2019-04-04 13:32:40,0.0
2019-04-04 13:32:41,0.0
2019-04-04 13:32:42,0.0
2019-04-04 13:32:43,0.0
2019-04-04 13:32:44,0.0
2019-04-04 13:32:45,0.0
2019-04-04 13:32:46,0.0
2019-04-04 13:32:47,0.0
2019-04-04 13:32:48,0.0
2019-04-04 13:32:49,0.0
2019-04-04 13:32:50,0.0
2019-04-04 13:32:51,0.0
2019-04-04 13:32:52,0.0
2019-04-04 13:32:53,0.0
2019-04-04 13:32:54,0.0
2019-04-04 13:32:55,0.0
2019-04-04 13:32:56,0.0
2019-04-04 13:32:57,0.0
2019-04-04 13:32:58,0.0
2019-04-04 13:32:59,0.0
2019-04-04 13:33:00,0.0
2019-04-04 13:33:01,0.0
2019-04-04 13:33:02,0.0
2019-04-04 13:33:03,0.0
2019-04-04 13:33:04,0.0
2019-04-04 13:33:05,0.0
2019-04-04 13:33:06,0.0
2019-04-04 13:33:07,0.0
2019-04-04 13:33:08,0.0
2019-04-04 13:33:09,0.0
2019-04-04 13:33:10,0.0
2019-04-04 13:33:11,0.0
2019-04-04 13:33:12,0.0
2019-04-04 13:33:13,0.0
2019-04-04 13:33:14,0.0
2019-04-04 13:33:15,0.0
2019-04-04 13:33:16,0.0
2019-04-04 13:33:17,0.0
2019-04-04 13:33:18,0.0
2019-04-04 13:33:19,0.0
2019-04-04 13:33:20,0.0
2019-04-04 13:33:21,0.0
2019-04-04 13:33:22,0.0
2019-04-04 13:33:23,0.0
2019-04-04 13:33:24,0.0
2019-04-04 13:33:25,0.0
2019-04-04 13:33:26,0.0
2019-04-04 13:33:27,0.0
2019-04-04 13:33:28,0.0
2019-04-04 13:33:29,0.0
2019-04-04 13:33:30,0.0
2019-04-04 13:33:31,0.0
2019-04-04 13:33:32,0.0
2019-04-04 13:33:33,0.0
2019-04-04 13:33:34,0.0
2019-04-04 13:33:35,0.0
2019-04-04 13:33:36,0.0
2019-04-04 13:33:37,0.0
2019-04-04 13:33:38,0.0
2019-04-04 13:33:39,0.0
2019-04-04 13:33:40,0.0
2019-04-04 13:33:41,0.0
2019-04-04 13:33:42,0.0
2019-04-04 13:33:43,0.0
2019-04-04 13:33:44,0.0
2019-04-04 13:33:45,0.0
2019-04-04 13:33:46,0.0
2019-04-04 13:33:47,0.0
2019-04-04 13:33:48,0.0
2019-04-04 13:33:49,0.0
2019-04-04 13:33:50,0.0
2019-04-04 13:33:51,0.0
2019-04-04 13:33:52,0.0
2019-04-04 13:33:53,0.0
2019-04-04 13:33:54,0.0
2019-04-04 13:33:55,0.0
2019-04-04 13:33:56,0.0
2019-04-04 13:33:57,0.0
2019-04-04 13:33:58,0.0
2019-04-04 13:33:59,0.0
2019-04-04 13:34:00,0.0
2019-04-04 13:34:01,0.0
2019-04-04 13:34:02,0.0
2019-04-04 13:34:03,0.0
2019-04-04 13:34:04,0.0
2019-04-04 13:34:05,0.0
2019-04-04 13:34:06,0.0
2019-04-04 13:34:07,0.0
2019-04-04 13:34:08,0.0
2019-04-04 13:34:09,0.0
2019-04-04 13:34:10,0.0
2019-04-04 13:34:11,0.0
2019-04-04 13:34:12,0.0
2019-04-04 13:34:13,0.0
2019-04-04 13:34:14,0.0
2019-04-04 13:34:15,0.0
2019-04-04 13:34:16,0.0
2019-04-04 13:34:17,0.0
2019-04-04 13:34:18,0.0
2019-04-04 13:34:19,0.0
2019-04-04 13:34:20,0.0
2019-04-04 13:34:21,0.0
2019-04-04 13:34:22,0.0
2019-04-04 13:34:23,0.0
2019-04-04 13:34:24,0.0
2019-04-04 13:34:25,0.0
2019-04-04 13:34:26,0.0
2019-04-04 13:34:27,0.0
2019-04-04 13:34:28,0.0
2019-04-04 13:34:29,0.0
2019-04-04 13:34:30,0.0
2019-04-04 13:34:31,0.0
2019-04-04 13:34:32,0.0
2019-04-04 13:34:33,0.0
2019-04-04 13:34:34,0.0
2019-04-04 13:34:35,0.0
2019-04-04 13:34:36,0.0
2019-04-04 13:34:37,0.0
2019-04-04 13:34:38,0.0
2019-04-04 13:34:39,0.0
2019-04-04 13:34:40,0.0
2019-04-04 13:34:41,0.0
2019-04-04 13:34:42,0.0
2019-04-04 13:34:43,0.0
2019-04-04 13:34:44,0.0
2019-04-04 13:34:45,0.0
2019-04-04 13:34:46,0.0
2019-04-04 13:34:47,0.0
2019-04-04 13:34:48,0.0
2019-04-04 13:34:49,0.0
2019-04-04 13:34:50,0.0
2019-04-04 13:34:51,0.0
2019-04-04 13:34:52,0.0
2019-04-04 13:34:53,0.0
2019-04-04 13:34:54,0.0
2019-04-04 13:34:55,0.0
2019-04-04 13:34:56,0.0
2019-04-04 13:34:57,0.0
2019-04-04 13:34:58,0.0
2019-04-04 13:34:59,0.0
2019-04-04 13:35:00,0.0
2019-04-04 13:35:01,0.0
2019-04-04 13:35:02,0.0
2019-04-04 13:35:03,0.0
2019-04-04 13:35:04,0.0
2019-04-04 13:35:05,0.0
2019-04-04 13:35:06,0.0
2019-04-04 13:35:07,0.0
2019-04-04 13:35:08,0.0
2019-04-04 13:35:09,0.0
2019-04-04 13:35:10,0.0
2019-04-04 13:35:11,0.0
2019-04-04 13:35:12,0.0
2019-04-04 13:35:13,0.0
2019-04-04 13:35:14,0.0
2019-04-04 13:35:15,0.0
2019-04-04 13:35:16,0.0
2019-04-04 13:35:17,0.0
2019-04-04 13:35:18,0.0
2019-04-04 13:35:19,0.0
2019-04-04 13:35:20,0.0
2019-04-04 13:35:21,0.0
2019-04-04 13:35:22,0.0
2019-04-04 13:35:23,0.0
2019-04-04 13:35:24,0.0
2019-04-04 13:35:25,0.0
2019-04-04 13:35:26,0.0
2019-04-04 13:35:27,0.0
2019-04-04 13:35:28,0.0
2019-04-04 13:35:29,0.0
2019-04-04 13:35:30,0.0
2019-04-04 13:35:31,0.0
2019-04-04 13:35:32,0.0
2019-04-04 13:35:33,0.0
2019-04-04 13:35:34,0.0
2019-04-04 13:35:35,0.0
2019-04-04 13:35:36,0.0
2019-04-04 13:35:37,0.0
2019-04-04 13:35:38,0.0
2019-04-04 13:35:39,0.0
2019-04-04 13:35:40,0.0
2019-04-04 13:35:41,0.0
2019-04-04 13:35:42,0.0
2019-04-04 13:35:43,0.0
2019-04-04 13:35:44,0.0
2019-04-04 13:35:45,0.0
2019-04-04 13:35:46,0.0
2019-04-04 13:35:47,0.0
2019-04-04 13:35:48,0.0
2019-04-04 13:35:49,0.0
2019-04-04 13:35:50,0.0
2019-04-04 13:35:51,0.0
2019-04-04 13:35:52,0.0
2019-04-04 13:35:53,0.0
2019-04-04 13:35:54,0.0
2019-04-04 13:35:55,0.0
2019-04-04 13:35:56,0.0
2019-04-04 13:35:57,0.0
2019-04-04 13:35:58,0.0
2019-04-04 13:35:59,0.0
2019-04-04 13:36:00,0.0
2019-04-04 13:36:01,0.0
2019-04-04 13:36:02,0.0
2019-04-04 13:36:03,0.0
2019-04-04 13:36:04,0.0
2019-04-04 13:36:05,0.0
2019-04-04 13:36:06,0.0
2019-04-04 13:36:07,0.0
2019-04-04 13:36:08,0.0
2019-04-04 13:36:09,0.0
2019-04-04 13:36:10,0.0
2019-04-04 13:36:11,0.0
2019-04-04 13:36:12,0.0
2019-04-04 13:36:13,0.0
2019-04-04 13:36:14,0.0
2019-04-04 13:36:15,0.0
2019-04-04 13:36:16,0.0
2019-04-04 13:36:17,0.0
2019-04-04 13:36:18,0.0
2019-04-04 13:36:19,0.0
2019-04-04 13:36:20,0.0
2019-04-04 13:36:21,0.0
2019-04-04 13:36:22,0.0
2019-04-04 13:36:23,0.0
2019-04-04 13:36:24,0.0
2019-04-04 13:36:25,0.0
2019-04-04 13:36:26,0.0
2019-04-04 13:36:27,0.0
2019-04-04 13:36:28,0.0
2019-04-04 13:36:29,0.0
2019-04-04 13:36:30,0.0
2019-04-04 13:36:31,0.0
2019-04-04 13:36:32,0.0
2019-04-04 13:36:33,0.0
2019-04-04 13:36:34,0.0
2019-04-04 13:36:35,0.0
2019-04-04 13:36:36,0.0
2019-04-04 13:36:37,0.0
2019-04-04 13:36:38,0.0
2019-04-04 13:36:39,0.0
2019-04-04 13:36:40,0.0
2019-04-04 13:36:41,0.0
2019-04-04 13:36:42,0.0
2019-04-04 13:36:43,0.0
2019-04-04 13:36:44,0.0
2019-04-04 13:36:45,0.0
2019-04-04 13:36:46,0.0
2019-04-04 13:36:47,0.0
2019-04-04 13:36:48,0.0
2019-04-04 13:36:49,0.0
2019-04-04 13:36:50,0.0
2019-04-04 13:36:51,0.0
2019-04-04 13:36:52,0.0
2019-04-04 13:36:53,0.0
2019-04-04 13:36:54,0.0
2019-04-04 13:36:55,0.0
2019-04-04 13:36:56,0.0
2019-04-04 13:36:57,0.0
2019-04-04 13:36:58,0.0
2019-04-04 13:36:59,0.0
2019-04-04 13:37:00,0.0
2019-04-04 13:37:01,0.0
2019-04-04 13:37:02,0.0
2019-04-04 13:37:03,0.0
2019-04-04 13:37:04,0.0
2019-04-04 13:37:05,0.0
2019-04-04 13:37:06,0.0
2019-04-04 13:37:07,0.0
2019-04-04 13:37:08,0.0
2019-04-04 13:37:09,0.0
2019-04-04 13:37:10,0.0
2019-04-04 13:37:11,0.0
2019-04-04 13:37:12,0.0
2019-04-04 13:37:13,0.0
2019-04-04 13:37:14,0.0
2019-04-04 13:37:15,0.0
2019-04-04 13:37:16,0.0
2019-04-04 13:37:17,0.0
2019-04-04 13:37:18,0.0
2019-04-04 13:37:19,0.0
2019-04-04 13:37:20,0.0
2019-04-04 13:37:21,0.0
2019-04-04 13:37:22,0.0
2019-04-04 13:37:23,0.0
2019-04-04 13:37:24,0.0
2019-04-04 13:37:25,0.0
2019-04-04 13:37:26,0.0
2019-04-04 13:37:27,0.0
2019-04-04 13:37:28,0.0
2019-04-04 13:37:29,0.0
2019-04-04 13:37:30,0.0
2019-04-04 13:37:31,0.0
2019-04-04 13:37:32,0.0
2019-04-04 13:37:33,0.0
2019-04-04 13:37:34,0.0
2019-04-04 13:37:35,0.0
2019-04-04 13:37:36,0.0
2019-04-04 13:37:37,0.0
2019-04-04 13:37:38,0.0
2019-04-04 13:37:39,0.0
2019-04-04 13:37:40,0.0
2019-04-04 13:37:41,0.0
2019-04-04 13:37:42,0.0
2019-04-04 13:37:43,0.0
2019-04-04 13:37:44,0.0
2019-04-04 13:37:45,0.0
2019-04-04 13:37:46,0.0
2019-04-04 13:37:47,0.0
2019-04-04 13:37:48,0.0
2019-04-04 13:37:49,0.0
2019-04-04 13:37:50,0.0
2019-04-04 13:37:51,0.0
2019-04-04 13:37:52,0.0
2019-04-04 13:37:53,0.0
2019-04-04 13:37:54,0.0
2019-04-04 13:37:55,0.0
2019-04-04 13:37:56,0.0
2019-04-04 13:37:57,0.0
2019-04-04 13:37:58,0.0
2019-04-04 13:37:59,0.0
2019-04-04 13:38:00,0.0
2019-04-04 13:38:01,0.0
2019-04-04 13:38:02,0.0
2019-04-04 13:38:03,0.0
2019-04-04 13:38:04,0.0
2019-04-04 13:38:05,0.0
2019-04-04 13:38:06,0.0
2019-04-04 13:38:07,0.0
2019-04-04 13:38:08,0.0
2019-04-04 13:38:09,0.0
2019-04-04 13:38:10,0.0
2019-04-04 13:38:11,0.0
2019-04-04 13:38:12,0.0
2019-04-04 13:38:13,0.0
2019-04-04 13:38:14,0.0
2019-04-04 13:38:15,0.0
2019-04-04 13:38:16,0.0
2019-04-04 13:38:17,0.0
2019-04-04 13:38:18,0.0
2019-04-04 13:38:19,0.0
2019-04-04 13:38:20,0.0
2019-04-04 13:38:21,0.0
2019-04-04 13:38:22,0.0
2019-04-04 13:38:23,0.0
2019-04-04 13:38:24,0.0
2019-04-04 13:38:25,0.0
2019-04-04 13:38:26,0.0
2019-04-04 13:38:27,0.0
2019-04-04 13:38:28,0.0
2019-04-04 13:38:29,0.0
2019-04-04 13:38:30,0.0
2019-04-04 13:38:31,0.0
2019-04-04 13:38:32,0.0
2019-04-04 13:38:33,0.0
2019-04-04 13:38:34,0.0
2019-04-04 13:38:35,0.0
2019-04-04 13:38:36,0.0
2019-04-04 13:38:37,0.0
2019-04-04 13:38:38,0.0
2019-04-04 13:38:39,0.0
2019-04-04 13:38:40,0.0
2019-04-04 13:38:41,0.0
2019-04-04 13:38:42,0.0
2019-04-04 13:38:43,0.0
2019-04-04 13:38:44,0.0
2019-04-04 13:38:45,0.0
2019-04-04 13:38:46,0.0
2019-04-04 13:38:47,0.0
2019-04-04 13:38:48,0.0
2019-04-04 13:38:49,0.0
2019-04-04 13:38:50,0.0
2019-04-04 13:38:51,0.0
2019-04-04 13:38:52,0.0
2019-04-04 13:38:53,0.0
2019-04-04 13:38:54,0.0
2019-04-04 13:38:55,0.0
2019-04-04 13:38:56,0.0
2019-04-04 13:38:57,0.0
2019-04-04 13:38:58,0.0
2019-04-04 13:38:59,0.0
2019-04-04 13:39:00,0.0
2019-04-04 13:39:01,0.0
2019-04-04 13:39:02,0.0
2019-04-04 13:39:03,0.0
2019-04-04 13:39:04,0.0
2019-04-04 13:39:05,0.0
2019-04-04 13:39:06,0.0
2019-04-04 13:39:07,0.0
2019-04-04 13:39:08,0.0
2019-04-04 13:39:09,0.0
2019-04-04 13:39:10,0.0
2019-04-04 13:39:11,0.0
2019-04-04 13:39:12,0.0
2019-04-04 13:39:13,0.0
2019-04-04 13:39:14,0.0
2019-04-04 13:39:15,0.0
2019-04-04 13:39:16,0.0
2019-04-04 13:39:17,0.0
2019-04-04 13:39:18,0.0
2019-04-04 13:39:19,0.0
2019-04-04 13:39:20,0.0
2019-04-04 13:39:21,0.0
2019-04-04 13:39:22,0.0
2019-04-04 13:39:23,0.0
2019-04-04 13:39:24,0.0
2019-04-04 13:39:25,0.0
2019-04-04 13:39:26,0.0
2019-04-04 13:39:27,0.0
2019-04-04 13:39:28,0.0
2019-04-04 13:39:29,0.0
2019-04-04 13:39:30,0.0
2019-04-04 13:39:31,0.0
2019-04-04 13:39:32,0.0
2019-04-04 13:39:33,0.0
2019-04-04 13:39:34,0.0
2019-04-04 13:39:35,0.0
2019-04-04 13:39:36,0.0
2019-04-04 13:39:37,0.0
2019-04-04 13:39:38,0.0
2019-04-04 13:39:39,0.0
2019-04-04 13:39:40,0.0
2019-04-04 13:39:41,0.0
2019-04-04 13:39:42,0.0
2019-04-04 13:39:43,0.0
2019-04-04 13:39:44,0.0
2019-04-04 13:39:45,0.0
2019-04-04 13:39:46,0.0
2019-04-04 13:39:47,0.0
2019-04-04 13:39:48,0.0
2019-04-04 13:39:49,0.0
2019-04-04 13:39:50,0.0
2019-04-04 13:39:51,0.0
2019-04-04 13:39:52,0.0
2019-04-04 13:39:53,0.0
2019-04-04 13:39:54,0.0
2019-04-04 13:39:55,0.0
2019-04-04 13:39:56,0.0
2019-04-04 13:39:57,0.0
2019-04-04 13:39:58,0.0
2019-04-04 13:39:59,0.0
2019-04-04 13:40:00,0.0
2019-04-04 13:40:01,0.0
2019-04-04 13:40:02,0.0
2019-04-04 13:40:03,0.0
2019-04-04 13:40:04,0.0
2019-04-04 13:40:05,0.0
2019-04-04 13:40:06,0.0
2019-04-04 13:40:07,0.0
2019-04-04 13:40:08,0.0
2019-04-04 13:40:09,0.0
2019-04-04 13:40:10,0.0
2019-04-04 13:40:11,-0.00042105263157572216
2019-04-04 13:40:12,-0.00042105263157643166
2019-04-04 13:40:13,-0.0004210526315771429
2019-04-04 13:40:14,-0.00042105263157785414
2019-04-04 13:40:15,-0.00042105263157856364
2019-04-04 13:40:16,0.0
2019-04-04 13:40:17,-0.00033333333333326713
2019-04-04 13:40:18,-0.0005733333333363729
2019-04-04 13:40:19,-0.0005733333333356634
2019-04-04 13:40:20,-0.0005733333333349522
2019-04-04 13:40:21,-0.0005733333333342409
2019-04-04 13:40:22,-0.0002400000000002643
2019-04-04 13:40:23,1.734723475976807e-18
2019-04-04 13:40:24,1.734723475976807e-18
2019-04-04 13:40:25,1.734723475976807e-18
2019-04-04 13:40:26,1.734723475976807e-18
2019-04-04 13:40:27,1.734723475976807e-18
2019-04-04 13:40:28,1.734723475976807e-18
2019-04-04 13:40:29,1.734723475976807e-18
2019-04-04 13:40:30,1.734723475976807e-18
2019-04-04 13:40:31,1.734723475976807e-18
2019-04-04 13:40:32,1.734723475976807e-18
2019-04-04 13:40:33,1.734723475976807e-18
2019-04-04 13:40:34,1.734723475976807e-18
2019-04-04 13:40:35,1.734723475976807e-18
2019-04-04 13:40:36,1.734723475976807e-18
2019-04-04 13:40:37,1.734723475976807e-18
2019-04-04 13:40:38,1.734723475976807e-18
2019-04-04 13:40:39,1.734723475976807e-18
2019-04-04 13:40:40,1.734723475976807e-18
2019-04-04 13:40:41,1.734723475976807e-18
2019-04-04 13:40:42,1.734723475976807e-18
2019-04-04 13:40:43,1.734723475976807e-18
2019-04-04 13:40:44,1.734723475976807e-18
2019-04-04 13:40:45,1.734723475976807e-18
2019-04-04 13:40:46,1.734723475976807e-18
2019-04-04 13:40:47,1.734723475976807e-18
2019-04-04 13:40:48,1.734723475976807e-18
2019-04-04 13:40:49,1.734723475976807e-18
2019-04-04 13:40:50,1.734723475976807e-18
2019-04-04 13:40:51,1.734723475976807e-18
2019-04-04 13:40:52,1.734723475976807e-18
2019-04-04 13:40:53,1.734723475976807e-18
2019-04-04 13:40:54,1.734723475976807e-18
2019-04-04 13:40:55,1.734723475976807e-18
2019-04-04 13:40:56,1.734723475976807e-18
2019-04-04 13:40:57,1.734723475976807e-18
2019-04-04 13:40:58,1.734723475976807e-18
2019-04-04 13:40:59,1.734723475976807e-18
2019-04-04 13:41:00,1.734723475976807e-18
2019-04-04 13:41:01,1.734723475976807e-18
2019-04-04 13:41:02,1.734723475976807e-18
2019-04-04 13:41:03,1.734723475976807e-18
2019-04-04 13:41:04,1.734723475976807e-18
2019-04-04 13:41:05,1.734723475976807e-18
2019-04-04 13:41:06,1.734723475976807e-18
2019-04-04 13:41:07,1.734723475976807e-18
2019-04-04 13:41:08,1.734723475976807e-18
2019-04-04 13:41:09,1.734723475976807e-18
2019-04-04 13:41:10,1.734723475976807e-18
2019-04-04 13:41:11,1.734723475976807e-18
2019-04-04 13:41:12,1.734723475976807e-18
2019-04-04 13:41:13,1.734723475976807e-18
2019-04-04 13:41:14,1.734723475976807e-18
2019-04-04 13:41:15,1.734723475976807e-18
2019-04-04 13:41:16,1.734723475976807e-18
2019-04-04 13:41:17,1.734723475976807e-18
2019-04-04 13:41:18,1.734723475976807e-18
2019-04-04 13:41:19,1.734723475976807e-18
2019-04-04 13:41:20,1.734723475976807e-18
2019-04-04 13:41:21,1.734723475976807e-18
2019-04-04 13:41:22,1.734723475976807e-18
2019-04-04 13:41:23,1.734723475976807e-18
2019-04-04 13:41:24,1.734723475976807e-18
2019-04-04 13:41:25,1.734723475976807e-18
2019-04-04 13:41:26,1.734723475976807e-18
2019-04-04 13:41:27,1.734723475976807e-18
2019-04-04 13:41:28,1.734723475976807e-18
2019-04-04 13:41:29,1.734723475976807e-18
2019-04-04 13:41:30,1.734723475976807e-18
2019-04-04 13:41:31,1.734723475976807e-18
2019-04-04 13:41:32,1.734723475976807e-18
2019-04-04 13:41:33,1.734723475976807e-18
2019-04-04 13:41:34,1.734723475976807e-18
2019-04-04 13:41:35,1.734723475976807e-18
2019-04-04 13:41:36,1.734723475976807e-18
2019-04-04 13:41:37,1.734723475976807e-18
2019-04-04 13:41:38,1.734723475976807e-18
2019-04-04 13:41:39,1.734723475976807e-18
2019-04-04 13:41:40,1.734723475976807e-18
2019-04-04 13:41:41,1.734723475976807e-18
2019-04-04 13:41:42,1.734723475976807e-18
2019-04-04 13:41:43,1.734723475976807e-18
2019-04-04 13:41:44,1.734723475976807e-18
2019-04-04 13:41:45,1.734723475976807e-18
2019-04-04 13:41:46,1.734723475976807e-18
2019-04-04 13:41:47,1.734723475976807e-18
2019-04-04 13:41:48,1.734723475976807e-18
2019-04-04 13:41:49,1.734723475976807e-18
2019-04-04 13:41:50,1.734723475976807e-18
2019-04-04 13:41:51,1.734723475976807e-18
2019-04-04 13:41:52,1.734723475976807e-18
2019-04-04 13:41:53,1.734723475976807e-18
2019-04-04 13:41:54,1.734723475976807e-18
2019-04-04 13:41:55,1.734723475976807e-18
2019-04-04 13:41:56,1.734723475976807e-18
2019-04-04 13:41:57,1.734723475976807e-18
2019-04-04 13:41:58,1.734723475976807e-18
2019-04-04 13:41:59,1.734723475976807e-18
2019-04-04 13:42:00,1.734723475976807e-18
2019-04-04 13:42:01,1.734723475976807e-18
2019-04-04 13:42:02,1.734723475976807e-18
2019-04-04 13:42:03,1.734723475976807e-18
2019-04-04 13:42:04,1.734723475976807e-18
2019-04-04 13:42:05,1.734723475976807e-18
2019-04-04 13:42:06,1.734723475976807e-18
2019-04-04 13:42:07,1.734723475976807e-18
2019-04-04 13:42:08,1.734723475976807e-18
2019-04-04 13:42:09,1.734723475976807e-18
2019-04-04 13:42:10,1.734723475976807e-18
2019-04-04 13:42:11,1.734723475976807e-18
2019-04-04 13:42:12,1.734723475976807e-18
2019-04-04 13:42:13,1.734723475976807e-18
2019-04-04 13:42:14,1.734723475976807e-18
2019-04-04 13:42:15,1.734723475976807e-18
2019-04-04 13:42:16,1.734723475976807e-18
2019-04-04 13:42:17,1.734723475976807e-18
2019-04-04 13:42:18,1.734723475976807e-18
2019-04-04 13:42:19,1.734723475976807e-18
2019-04-04 13:42:20,1.734723475976807e-18
2019-04-04 13:42:21,1.734723475976807e-18
2019-04-04 13:42:22,1.734723475976807e-18
2019-04-04 13:42:23,1.734723475976807e-18
2019-04-04 13:42:24,1.734723475976807e-18
2019-04-04 13:42:25,1.734723475976807e-18
2019-04-04 13:42:26,1.734723475976807e-18
2019-04-04 13:42:27,1.734723475976807e-18
2019-04-04 13:42:28,1.734723475976807e-18
2019-04-04 13:42:29,-0.00019999999999683292
2019-04-04 13:42:30,-0.00019999999999754416
2019-04-04 13:42:31,-0.00019999999999825366
2019-04-04 13:42:32,-0.0001999999999989649
2019-04-04 13:42:33,-0.00019999999999967613
2019-04-04 13:42:34,0.0
2019-04-04 13:42:35,0.0
2019-04-04 13:42:36,0.0
2019-04-04 13:42:37,0.0
2019-04-04 13:42:38,0.0
2019-04-04 13:42:39,0.0
2019-04-04 13:42:40,0.0
2019-04-04 13:42:41,0.0
2019-04-04 13:42:42,0.0
2019-04-04 13:42:43,0.0
2019-04-04 13:42:44,0.0
2019-04-04 13:42:45,0.0
2019-04-04 13:42:46,0.0
2019-04-04 13:42:47,0.0
2019-04-04 13:42:48,0.0
2019-04-04 13:42:49,0.0
2019-04-04 13:42:50,0.0
2019-04-04 13:42:51,0.0
2019-04-04 13:42:52,0.0
2019-04-04 13:42:53,0.0
2019-04-04 13:42:54,0.0
2019-04-04 13:42:55,0.0
2019-04-04 13:42:56,0.0
2019-04-04 13:42:57,0.0
2019-04-04 13:42:58,0.0
2019-04-04 13:42:59,0.0
2019-04-04 13:43:00,0.0
2019-04-04 13:43:01,0.0
2019-04-04 13:43:02,0.0
2019-04-04 13:43:03,0.0
2019-04-04 13:43:04,0.0
2019-04-04 13:43:05,0.0
2019-04-04 13:43:06,0.0
2019-04-04 13:43:07,0.0
2019-04-04 13:43:08,0.0
2019-04-04 13:43:09,0.0
2019-04-04 13:43:10,0.0
2019-04-04 13:43:11,0.0
2019-04-04 13:43:12,0.0
2019-04-04 13:43:13,0.0
2019-04-04 13:43:14,0.0
2019-04-04 13:43:15,0.0
2019-04-04 13:43:16,0.0
2019-04-04 13:43:17,0.0
2019-04-04 13:43:18,0.0
2019-04-04 13:43:19,0.0
2019-04-04 13:43:20,0.0
2019-04-04 13:43:21,0.0
2019-04-04 13:43:22,0.0
2019-04-04 13:43:23,0.0
2019-04-04 13:43:24,0.0
2019-04-04 13:43:25,0.0
2019-04-04 13:43:26,0.0
2019-04-04 13:43:27,0.0
2019-04-04 13:43:28,0.0
2019-04-04 13:43:29,0.0
2019-04-04 13:43:30,0.0
2019-04-04 13:43:31,0.0
2019-04-04 13:43:32,0.0
2019-04-04 13:43:33,0.0
2019-04-04 13:43:34,0.0
2019-04-04 13:43:35,0.0
2019-04-04 13:43:36,0.0
2019-04-04 13:43:37,0.0
2019-04-04 13:43:38,0.0
2019-04-04 13:43:39,0.0
2019-04-04 13:43:40,0.0
2019-04-04 13:43:41,0.0
2019-04-04 13:43:42,0.0
2019-04-04 13:43:43,0.0
2019-04-04 13:43:44,0.0
2019-04-04 13:43:45,0.0
2019-04-04 13:43:46,0.0
2019-04-04 13:43:47,0.0
2019-04-04 13:43:48,0.0
2019-04-04 13:43:49,0.0
2019-04-04 13:43:50,0.0
2019-04-04 13:43:51,0.0
2019-04-04 13:43:52,0.0
2019-04-04 13:43:53,0.0
2019-04-04 13:43:54,0.0
2019-04-04 13:43:55,0.0
2019-04-04 13:43:56,0.0
2019-04-04 13:43:57,0.0
2019-04-04 13:43:58,0.0
2019-04-04 13:43:59,0.0
2019-04-04 13:44:00,0.0
2019-04-04 13:44:01,0.0
2019-04-04 13:44:02,0.0
2019-04-04 13:44:03,0.0
2019-04-04 13:44:04,0.0
2019-04-04 13:44:05,0.0
2019-04-04 13:44:06,0.0
2019-04-04 13:44:07,0.0
2019-04-04 13:44:08,0.0
2019-04-04 13:44:09,0.0
2019-04-04 13:44:10,0.0
2019-04-04 13:44:11,0.0
2019-04-04 13:44:12,0.0
2019-04-04 13:44:13,0.0
2019-04-04 13:44:14,0.0
2019-04-04 13:44:15,0.0
2019-04-04 13:44:16,0.0
2019-04-04 13:44:17,0.0
2019-04-04 13:44:18,0.0
2019-04-04 13:44:19,0.0
2019-04-04 13:44:20,0.0
2019-04-04 13:44:21,0.0
2019-04-04 13:44:22,0.0
2019-04-04 13:44:23,0.0
2019-04-04 13:44:24,0.0
2019-04-04 13:44:25,0.0
2019-04-04 13:44:26,0.0
2019-04-04 13:44:27,0.0
2019-04-04 13:44:28,0.0
2019-04-04 13:44:29,0.0
2019-04-04 13:44:30,0.0
2019-04-04 13:44:31,0.0
2019-04-04 13:44:32,0.0
2019-04-04 13:44:33,0.0
2019-04-04 13:44:34,0.0
2019-04-04 13:44:35,0.0
2019-04-04 13:44:36,0.0
2019-04-04 13:44:37,0.0
2019-04-04 13:44:38,0.0
2019-04-04 13:44:39,0.0
2019-04-04 13:44:40,0.0
2019-04-04 13:44:41,0.0
2019-04-04 13:44:42,0.0
2019-04-04 13:44:43,0.0
2019-04-04 13:44:44,0.0
2019-04-04 13:44:45,0.0
2019-04-04 13:44:46,0.0
2019-04-04 13:44:47,0.0
2019-04-04 13:44:48,0.0
2019-04-04 13:44:49,0.0
2019-04-04 13:44:50,0.0
2019-04-04 13:44:51,0.0
2019-04-04 13:44:52,0.0
2019-04-04 13:44:53,0.0
2019-04-04 13:44:54,0.0
2019-04-04 13:44:55,0.0
2019-04-04 13:44:56,0.0
2019-04-04 13:44:57,0.0
2019-04-04 13:44:58,0.0
2019-04-04 13:44:59,0.0
2019-04-04 13:45:00,0.0
2019-04-04 13:45:01,0.0
2019-04-04 13:45:02,0.0
2019-04-04 13:45:03,0.0
2019-04-04 13:45:04,0.0
2019-04-04 13:45:05,0.0
2019-04-04 13:45:06,0.0
2019-04-04 13:45:07,0.0
2019-04-04 13:45:08,0.0
2019-04-04 13:45:09,0.0
2019-04-04 13:45:10,0.0
2019-04-04 13:45:11,0.0
2019-04-04 13:45:12,0.0
2019-04-04 13:45:13,0.0
2019-04-04 13:45:14,0.0
2019-04-04 13:45:15,0.0
2019-04-04 13:45:16,0.0
2019-04-04 13:45:17,0.0
2019-04-04 13:45:18,0.0
2019-04-04 13:45:19,0.0
2019-04-04 13:45:20,0.0
2019-04-04 13:45:21,0.0
2019-04-04 13:45:22,0.0
2019-04-04 13:45:23,0.0
2019-04-04 13:45:24,0.0
2019-04-04 13:45:25,0.0
2019-04-04 13:45:26,0.0
2019-04-04 13:45:27,0.0
2019-04-04 13:45:28,0.0
2019-04-04 13:45:29,0.0
2019-04-04 13:45:30,0.0
2019-04-04 13:45:31,0.0
2019-04-04 13:45:32,0.0
2019-04-04 13:45:33,0.0
2019-04-04 13:45:34,0.0
2019-04-04 13:45:35,0.0
2019-04-04 13:45:36,0.0
2019-04-04 13:45:37,0.0
2019-04-04 13:45:38,0.0
2019-04-04 13:45:39,0.0
2019-04-04 13:45:40,0.0
2019-04-04 13:45:41,0.0
2019-04-04 13:45:42,0.0
2019-04-04 13:45:43,0.0
2019-04-04 13:45:44,0.0
2019-04-04 13:45:45,0.0
2019-04-04 13:45:46,0.0
2019-04-04 13:45:47,0.0
2019-04-04 13:45:48,0.0
2019-04-04 13:45:49,0.0
2019-04-04 13:45:50,0.0
2019-04-04 13:45:51,0.0
2019-04-04 13:45:52,0.0
2019-04-04 13:45:53,0.0
2019-04-04 13:45:54,0.0
2019-04-04 13:45:55,0.0
2019-04-04 13:45:56,0.0
2019-04-04 13:45:57,0.0
2019-04-04 13:45:58,0.0
2019-04-04 13:45:59,0.0
2019-04-04 13:46:00,0.0
2019-04-04 13:46:01,0.0
2019-04-04 13:46:02,0.0
2019-04-04 13:46:03,0.0
2019-04-04 13:46:04,0.0
2019-04-04 13:46:05,0.0
2019-04-04 13:46:06,0.0
2019-04-04 13:46:07,0.0
2019-04-04 13:46:08,0.0
2019-04-04 13:46:09,0.0
2019-04-04 13:46:10,0.0
2019-04-04 13:46:11,0.0
2019-04-04 13:46:12,0.0
2019-04-04 13:46:13,0.0
2019-04-04 13:46:14,0.0
2019-04-04 13:46:15,0.0
2019-04-04 13:46:16,0.0
2019-04-04 13:46:17,0.0
2019-04-04 13:46:18,0.0
2019-04-04 13:46:19,0.0
2019-04-04 13:46:20,0.0
2019-04-04 13:46:21,0.0
2019-04-04 13:46:22,0.0
2019-04-04 13:46:23,0.0
2019-04-04 13:46:24,0.0
2019-04-04 13:46:25,0.0
2019-04-04 13:46:26,0.0
2019-04-04 13:46:27,0.0
2019-04-04 13:46:28,0.0
2019-04-04 13:46:29,0.0
2019-04-04 13:46:30,0.0
2019-04-04 13:46:31,0.0
2019-04-04 13:46:32,0.0
2019-04-04 13:46:33,0.0
2019-04-04 13:46:34,0.0
2019-04-04 13:46:35,0.0
2019-04-04 13:46:36,0.0
2019-04-04 13:46:37,0.0
2019-04-04 13:46:38,0.0
2019-04-04 13:46:39,0.0
2019-04-04 13:46:40,0.0
2019-04-04 13:46:41,0.0
2019-04-04 13:46:42,0.0
2019-04-04 13:46:43,0.0
2019-04-04 13:46:44,0.0
2019-04-04 13:46:45,0.0
2019-04-04 13:46:46,0.0
2019-04-04 13:46:47,0.0
2019-04-04 13:46:48,0.0
2019-04-04 13:46:49,0.0
2019-04-04 13:46:50,0.0
2019-04-04 13:46:51,0.0
2019-04-04 13:46:52,0.0
2019-04-04 13:46:53,0.0
2019-04-04 13:46:54,0.0
2019-04-04 13:46:55,0.0
2019-04-04 13:46:56,0.0
2019-04-04 13:46:57,0.0
2019-04-04 13:46:58,0.0
2019-04-04 13:46:59,0.0
2019-04-04 13:47:00,0.0
2019-04-04 13:47:01,0.0
2019-04-04 13:47:02,0.0
2019-04-04 13:47:03,0.0
2019-04-04 13:47:04,0.0
2019-04-04 13:47:05,0.0
2019-04-04 13:47:06,0.0
2019-04-04 13:47:07,0.0
2019-04-04 13:47:08,0.0
2019-04-04 13:47:09,0.0
2019-04-04 13:47:10,0.0
2019-04-04 13:47:11,0.0
2019-04-04 13:47:12,0.0
2019-04-04 13:47:13,0.0
2019-04-04 13:47:14,0.0
2019-04-04 13:47:15,0.0
2019-04-04 13:47:16,0.0
2019-04-04 13:47:17,0.0
2019-04-04 13:47:18,0.0
2019-04-04 13:47:19,0.0
2019-04-04 13:47:20,0.0
2019-04-04 13:47:21,0.0
2019-04-04 13:47:22,0.0
2019-04-04 13:47:23,0.0
2019-04-04 13:47:24,0.0
2019-04-04 13:47:25,0.0
2019-04-04 13:47:26,0.0
2019-04-04 13:47:27,0.0
2019-04-04 13:47:28,0.0
2019-04-04 13:47:29,0.0
2019-04-04 13:47:30,0.0
2019-04-04 13:47:31,0.0
2019-04-04 13:47:32,0.0
2019-04-04 13:47:33,0.0
2019-04-04 13:47:34,0.0
2019-04-04 13:47:35,0.0
2019-04-04 13:47:36,0.0
2019-04-04 13:47:37,0.0
2019-04-04 13:47:38,0.0
2019-04-04 13:47:39,0.0
2019-04-04 13:47:40,0.0
2019-04-04 13:47:41,0.0
2019-04-04 13:47:42,0.0
2019-04-04 13:47:43,0.0
2019-04-04 13:47:44,0.0
2019-04-04 13:47:45,0.0
2019-04-04 13:47:46,0.0
2019-04-04 13:47:47,0.0
2019-04-04 13:47:48,0.0
2019-04-04 13:47:49,0.0
2019-04-04 13:47:50,0.0
2019-04-04 13:47:51,0.0
2019-04-04 13:47:52,0.0
2019-04-04 13:47:53,0.0
2019-04-04 13:47:54,0.0
2019-04-04 13:47:55,0.0
2019-04-04 13:47:56,0.0
2019-04-04 13:47:57,0.0
2019-04-04 13:47:58,0.0
2019-04-04 13:47:59,0.0
2019-04-04 13:48:00,0.0
2019-04-04 13:48:01,0.0
2019-04-04 13:48:02,0.0
2019-04-04 13:48:03,0.0
2019-04-04 13:48:04,0.0
2019-04-04 13:48:05,0.0
2019-04-04 13:48:06,0.0
2019-04-04 13:48:07,0.0
2019-04-04 13:48:08,0.0
2019-04-04 13:48:09,0.0
2019-04-04 13:48:10,0.0
2019-04-04 13:48:11,0.0
2019-04-04 13:48:12,0.0
2019-04-04 13:48:13,0.0
2019-04-04 13:48:14,0.0
2019-04-04 13:48:15,0.0
2019-04-04 13:48:16,0.0
2019-04-04 13:48:17,0.0
2019-04-04 13:48:18,0.0
2019-04-04 13:48:19,0.0
2019-04-04 13:48:20,0.0
2019-04-04 13:48:21,0.0
2019-04-04 13:48:22,0.0
2019-04-04 13:48:23,0.0
2019-04-04 13:48:24,0.0
2019-04-04 13:48:25,0.0
2019-04-04 13:48:26,0.0
2019-04-04 13:48:27,0.0
2019-04-04 13:48:28,0.0
2019-04-04 13:48:29,0.0
2019-04-04 13:48:30,0.0
2019-04-04 13:48:31,0.0
2019-04-04 13:48:32,0.0
2019-04-04 13:48:33,0.0
2019-04-04 13:48:34,0.0
2019-04-04 13:48:35,0.0
2019-04-04 13:48:36,0.0
2019-04-04 13:48:37,0.0
2019-04-04 13:48:38,0.0
2019-04-04 13:48:39,0.0
2019-04-04 13:48:40,-0.0003809523809523048
2019-04-04 13:48:41,-0.0007619047619046113
2019-04-04 13:48:42,-0.0011428571428569144
2019-04-04 13:48:43,-0.0013193277310951206
2019-04-04 13:48:44,-0.001319327731094411
2019-04-04 13:48:45,-0.000938375350141395
2019-04-04 13:48:46,-0.0005574229691883807
2019-04-04 13:48:47,-0.00017647058823536468
2019-04-04 13:48:48,-1.734723475976807e-18
2019-04-04 13:48:49,-1.734723475976807e-18
2019-04-04 13:48:50,-1.734723475976807e-18
2019-04-04 13:48:51,-1.734723475976807e-18
2019-04-04 13:48:52,-1.734723475976807e-18
2019-04-04 13:48:53,-1.734723475976807e-18
2019-04-04 13:48:54,-1.734723475976807e-18
2019-04-04 13:48:55,-1.734723475976807e-18
2019-04-04 13:48:56,-1.734723475976807e-18
2019-04-04 13:48:57,-1.734723475976807e-18
2019-04-04 13:48:58,-1.734723475976807e-18
2019-04-04 13:48:59,-1.734723475976807e-18
2019-04-04 13:49:00,-1.734723475976807e-18
2019-04-04 13:49:01,-1.734723475976807e-18
2019-04-04 13:49:02,-1.734723475976807e-18
2019-04-04 13:49:03,-1.734723475976807e-18
2019-04-04 13:49:04,-1.734723475976807e-18
2019-04-04 13:49:05,-1.734723475976807e-18
2019-04-04 13:49:06,-1.734723475976807e-18
2019-04-04 13:49:07,-1.734723475976807e-18
2019-04-04 13:49:08,-1.734723475976807e-18
2019-04-04 13:49:09,-0.00019047619047297439
2019-04-04 13:49:10,-0.0001904761904736839
2019-04-04 13:49:11,-0.00019047619047439512
2019-04-04 13:49:12,-0.00019047619047510636
2019-04-04 13:49:13,-0.00019047619047581586
2019-04-04 13:49:14,-3.469446951953614e-18
2019-04-04 13:49:15,-3.469446951953614e-18
2019-04-04 13:49:16,-3.469446951953614e-18
2019-04-04 13:49:17,-3.469446951953614e-18
2019-04-04 13:49:18,-3.469446951953614e-18
2019-04-04 13:49:19,-3.469446951953614e-18
2019-04-04 13:49:20,-3.469446951953614e-18
2019-04-04 13:49:21,-3.469446951953614e-18
2019-04-04 13:49:22,-3.469446951953614e-18
2019-04-04 13:49:23,-3.469446951953614e-18
2019-04-04 13:49:24,-3.469446951953614e-18
2019-04-04 13:49:25,-3.469446951953614e-18
2019-04-04 13:49:26,-3.469446951953614e-18
2019-04-04 13:49:27,-3.469446951953614e-18
2019-04-04 13:49:28,-3.469446951953614e-18
2019-04-04 13:49:29,-3.469446951953614e-18
2019-04-04 13:49:30,-3.469446951953614e-18
2019-04-04 13:49:31,-3.469446951953614e-18
2019-04-04 13:49:32,-3.469446951953614e-18
2019-04-04 13:49:33,-3.469446951953614e-18
2019-04-04 13:49:34,-3.469446951953614e-18
2019-04-04 13:49:35,-3.469446951953614e-18
2019-04-04 13:49:36,-3.469446951953614e-18
2019-04-04 13:49:37,-3.469446951953614e-18
2019-04-04 13:49:38,-3.469446951953614e-18
2019-04-04 13:49:39,-3.469446951953614e-18
2019-04-04 13:49:40,-3.469446951953614e-18
2019-04-04 13:49:41,-3.469446951953614e-18
2019-04-04 13:49:42,-3.469446951953614e-18
2019-04-04 13:49:43,-3.469446951953614e-18
2019-04-04 13:49:44,-3.469446951953614e-18
2019-04-04 13:49:45,-3.469446951953614e-18
2019-04-04 13:49:46,-3.469446951953614e-18
2019-04-04 13:49:47,-3.469446951953614e-18
2019-04-04 13:49:48,-3.469446951953614e-18
2019-04-04 13:49:49,-3.469446951953614e-18
2019-04-04 13:49:50,-3.469446951953614e-18
2019-04-04 13:49:51,-3.469446951953614e-18
2019-04-04 13:49:52,-3.469446951953614e-18
2019-04-04 13:49:53,-3.469446951953614e-18
2019-04-04 13:49:54,-3.469446951953614e-18
2019-04-04 13:49:55,-0.00048000000000323305
2019-04-04 13:49:56,-0.0009600000000029116
2019-04-04 13:49:57,-0.0009600000000022004
2019-04-04 13:49:58,-0.0009600000000014909
2019-04-04 13:49:59,-0.0009600000000007797
2019-04-04 13:50:00,-0.00048000000000039157
2019-04-04 13:50:01,-3.469446951953614e-18
2019-04-04 13:50:02,-3.469446951953614e-18
2019-04-04 13:50:03,-3.469446951953614e-18
2019-04-04 13:50:04,-3.469446951953614e-18
2019-04-04 13:50:05,-3.469446951953614e-18
2019-04-04 13:50:06,-3.469446951953614e-18
2019-04-04 13:50:07,-3.469446951953614e-18
2019-04-04 13:50:08,-3.469446951953614e-18
2019-04-04 13:50:09,-3.469446951953614e-18
2019-04-04 13:50:10,-3.469446951953614e-18
2019-04-04 13:50:11,-3.469446951953614e-18
2019-04-04 13:50:12,-3.469446951953614e-18
2019-04-04 13:50:13,-3.469446951953614e-18
2019-04-04 13:50:14,-3.469446951953614e-18
2019-04-04 13:50:15,-3.469446951953614e-18
2019-04-04 13:50:16,-3.469446951953614e-18
2019-04-04 13:50:17,-3.469446951953614e-18
2019-04-04 13:50:18,-3.469446951953614e-18
2019-04-04 13:50:19,-3.469446951953614e-18
2019-04-04 13:50:20,-3.469446951953614e-18
2019-04-04 13:50:21,-3.469446951953614e-18
2019-04-04 13:50:22,-3.469446951953614e-18
2019-04-04 13:50:23,-3.469446951953614e-18
2019-04-04 13:50:24,-3.469446951953614e-18
2019-04-04 13:50:25,-3.469446951953614e-18
2019-04-04 13:50:26,-3.469446951953614e-18
2019-04-04 13:50:27,-3.469446951953614e-18
2019-04-04 13:50:28,-3.469446951953614e-18
2019-04-04 13:50:29,-3.469446951953614e-18
2019-04-04 13:50:30,-3.469446951953614e-18
2019-04-04 13:50:31,-3.469446951953614e-18
2019-04-04 13:50:32,-3.469446951953614e-18
2019-04-04 13:50:33,-3.469446951953614e-18
2019-04-04 13:50:34,-3.469446951953614e-18
2019-04-04 13:50:35,-3.469446951953614e-18
2019-04-04 13:50:36,-3.469446951953614e-18
2019-04-04 13:50:37,-3.469446951953614e-18
2019-04-04 13:50:38,-3.469446951953614e-18
2019-04-04 13:50:39,-3.469446951953614e-18
2019-04-04 13:50:40,-3.469446951953614e-18
2019-04-04 13:50:41,-3.469446951953614e-18
2019-04-04 13:50:42,-3.469446951953614e-18
2019-04-04 13:50:43,-3.469446951953614e-18
2019-04-04 13:50:44,-3.469446951953614e-18
2019-04-04 13:50:45,-3.469446951953614e-18
2019-04-04 13:50:46,-3.469446951953614e-18
2019-04-04 13:50:47,-3.469446951953614e-18
2019-04-04 13:50:48,-3.469446951953614e-18
2019-04-04 13:50:49,-3.469446951953614e-18
2019-04-04 13:50:50,-3.469446951953614e-18
2019-04-04 13:50:51,-3.469446951953614e-18
2019-04-04 13:50:52,-3.469446951953614e-18
2019-04-04 13:50:53,-3.469446951953614e-18
2019-04-04 13:50:54,-3.469446951953614e-18
2019-04-04 13:50:55,-3.469446951953614e-18
2019-04-04 13:50:56,-3.469446951953614e-18
2019-04-04 13:50:57,-3.469446951953614e-18
2019-04-04 13:50:58,-3.469446951953614e-18
2019-04-04 13:50:59,-3.469446951953614e-18
2019-04-04 13:51:00,-3.469446951953614e-18
2019-04-04 13:51:01,-3.469446951953614e-18
2019-04-04 13:51:02,-3.469446951953614e-18
2019-04-04 13:51:03,-3.469446951953614e-18
2019-04-04 13:51:04,-3.469446951953614e-18
2019-04-04 13:51:05,-3.469446951953614e-18
2019-04-04 13:51:06,-3.469446951953614e-18
2019-04-04 13:51:07,-3.469446951953614e-18
2019-04-04 13:51:08,-3.469446951953614e-18
2019-04-04 13:51:09,-3.469446951953614e-18
2019-04-04 13:51:10,-3.469446951953614e-18
2019-04-04 13:51:11,-3.469446951953614e-18
2019-04-04 13:51:12,-3.469446951953614e-18
2019-04-04 13:51:13,-3.469446951953614e-18
2019-04-04 13:51:14,-3.469446951953614e-18
2019-04-04 13:51:15,-3.469446951953614e-18
2019-04-04 13:51:16,-3.469446951953614e-18
2019-04-04 13:51:17,-3.469446951953614e-18
2019-04-04 13:51:18,-3.469446951953614e-18
2019-04-04 13:51:19,-3.469446951953614e-18
2019-04-04 13:51:20,-3.469446951953614e-18
2019-04-04 13:51:21,-3.469446951953614e-18
2019-04-04 13:51:22,-3.469446951953614e-18
2019-04-04 13:51:23,-3.469446951953614e-18
2019-04-04 13:51:24,-3.469446951953614e-18
2019-04-04 13:51:25,-3.469446951953614e-18
2019-04-04 13:51:26,-3.469446951953614e-18
2019-04-04 13:51:27,-3.469446951953614e-18
2019-04-04 13:51:28,-3.469446951953614e-18
2019-04-04 13:51:29,-3.469446951953614e-18
2019-04-04 13:51:30,-3.469446951953614e-18
2019-04-04 13:51:31,-3.469446951953614e-18
2019-04-04 13:51:32,-3.469446951953614e-18
2019-04-04 13:51:33,-3.469446951953614e-18
2019-04-04 13:51:34,-3.469446951953614e-18
2019-04-04 13:51:35,-3.469446951953614e-18
2019-04-04 13:51:36,-3.469446951953614e-18
2019-04-04 13:51:37,-3.469446951953614e-18
2019-04-04 13:51:38,-3.469446951953614e-18
2019-04-04 13:51:39,-3.469446951953614e-18
2019-04-04 13:51:40,-3.469446951953614e-18
2019-04-04 13:51:41,-3.469446951953614e-18
2019-04-04 13:51:42,-3.469446951953614e-18
2019-04-04 13:51:43,-3.469446951953614e-18
2019-04-04 13:51:44,-3.469446951953614e-18
2019-04-04 13:51:45,-3.469446951953614e-18
2019-04-04 13:51:46,-3.469446951953614e-18
2019-04-04 13:51:47,-3.469446951953614e-18
2019-04-04 13:51:48,-3.469446951953614e-18
2019-04-04 13:51:49,-3.469446951953614e-18
2019-04-04 13:51:50,-3.469446951953614e-18
2019-04-04 13:51:51,-3.469446951953614e-18
2019-04-04 13:51:52,-3.469446951953614e-18
2019-04-04 13:51:53,-3.469446951953614e-18
2019-04-04 13:51:54,-3.469446951953614e-18
2019-04-04 13:51:55,-3.469446951953614e-18
2019-04-04 13:51:56,-3.469446951953614e-18
2019-04-04 13:51:57,-3.469446951953614e-18
2019-04-04 13:51:58,-3.469446951953614e-18
2019-04-04 13:51:59,-3.469446951953614e-18
2019-04-04 13:52:00,-3.469446951953614e-18
2019-04-04 13:52:01,-3.469446951953614e-18
2019-04-04 13:52:02,-3.469446951953614e-18
2019-04-04 13:52:03,-3.469446951953614e-18
2019-04-04 13:52:04,-3.469446951953614e-18
2019-04-04 13:52:05,-3.469446951953614e-18
2019-04-04 13:52:06,-3.469446951953614e-18
2019-04-04 13:52:07,-3.469446951953614e-18
2019-04-04 13:52:08,-3.469446951953614e-18
2019-04-04 13:52:09,-3.469446951953614e-18
2019-04-04 13:52:10,-3.469446951953614e-18
2019-04-04 13:52:11,-3.469446951953614e-18
2019-04-04 13:52:12,-3.469446951953614e-18
2019-04-04 13:52:13,-3.469446951953614e-18
2019-04-04 13:52:14,-3.469446951953614e-18
2019-04-04 13:52:15,-3.469446951953614e-18
2019-04-04 13:52:16,-3.469446951953614e-18
2019-04-04 13:52:17,-3.469446951953614e-18
2019-04-04 13:52:18,-3.469446951953614e-18
2019-04-04 13:52:19,-3.469446951953614e-18
2019-04-04 13:52:20,-3.469446951953614e-18
2019-04-04 13:52:21,-3.469446951953614e-18
2019-04-04 13:52:22,-3.469446951953614e-18
2019-04-04 13:52:23,-3.469446951953614e-18
2019-04-04 13:52:24,-3.469446951953614e-18
2019-04-04 13:52:25,-3.469446951953614e-18
2019-04-04 13:52:26,-3.469446951953614e-18
2019-04-04 13:52:27,-3.469446951953614e-18
2019-04-04 13:52:28,-3.469446951953614e-18
2019-04-04 13:52:29,-3.469446951953614e-18
2019-04-04 13:52:30,-3.469446951953614e-18
2019-04-04 13:52:31,-3.469446951953614e-18
2019-04-04 13:52:32,-3.469446951953614e-18
2019-04-04 13:52:33,-3.469446951953614e-18
2019-04-04 13:52:34,-3.469446951953614e-18
2019-04-04 13:52:35,-3.469446951953614e-18
2019-04-04 13:52:36,-3.469446951953614e-18
2019-04-04 13:52:37,-3.469446951953614e-18
2019-04-04 13:52:38,-3.469446951953614e-18
2019-04-04 13:52:39,-3.469446951953614e-18
2019-04-04 13:52:40,-3.469446951953614e-18
2019-04-04 13:52:41,-3.469446951953614e-18
2019-04-04 13:52:42,-3.469446951953614e-18
2019-04-04 13:52:43,-3.469446951953614e-18
2019-04-04 13:52:44,-3.469446951953614e-18
2019-04-04 13:52:45,-3.469446951953614e-18
2019-04-04 13:52:46,-3.469446951953614e-18
2019-04-04 13:52:47,-3.469446951953614e-18
2019-04-04 13:52:48,-3.469446951953614e-18
2019-04-04 13:52:49,-3.469446951953614e-18
2019-04-04 13:52:50,-3.469446951953614e-18
2019-04-04 13:52:51,-3.469446951953614e-18
2019-04-04 13:52:52,-3.469446951953614e-18
2019-04-04 13:52:53,-3.469446951953614e-18
2019-04-04 13:52:54,-3.469446951953614e-18
2019-04-04 13:52:55,-3.469446951953614e-18
2019-04-04 13:52:56,-3.469446951953614e-18
2019-04-04 13:52:57,-3.469446951953614e-18
2019-04-04 13:52:58,-3.469446951953614e-18
2019-04-04 13:52:59,-3.469446951953614e-18
2019-04-04 13:53:00,-3.469446951953614e-18
2019-04-04 13:53:01,-3.469446951953614e-18
2019-04-04 13:53:02,-3.469446951953614e-18
2019-04-04 13:53:03,-3.469446951953614e-18
2019-04-04 13:53:04,-3.469446951953614e-18
2019-04-04 13:53:05,-3.469446951953614e-18
2019-04-04 13:53:06,-3.469446951953614e-18
2019-04-04 13:53:07,-3.469446951953614e-18
2019-04-04 13:53:08,-3.469446951953614e-18
2019-04-04 13:53:09,-3.469446951953614e-18
2019-04-04 13:53:10,-3.469446951953614e-18
2019-04-04 13:53:11,-3.469446951953614e-18
2019-04-04 13:53:12,-3.469446951953614e-18
2019-04-04 13:53:13,-3.469446951953614e-18
2019-04-04 13:53:14,-3.469446951953614e-18
2019-04-04 13:53:15,-3.469446951953614e-18
2019-04-04 13:53:16,-3.469446951953614e-18
2019-04-04 13:53:17,-3.469446951953614e-18
2019-04-04 13:53:18,-3.469446951953614e-18
2019-04-04 13:53:19,-3.469446951953614e-18
2019-04-04 13:53:20,-3.469446951953614e-18
2019-04-04 13:53:21,-3.469446951953614e-18
2019-04-04 13:53:22,-3.469446951953614e-18
2019-04-04 13:53:23,-3.469446951953614e-18
2019-04-04 13:53:24,-3.469446951953614e-18
2019-04-04 13:53:25,-3.469446951953614e-18
2019-04-04 13:53:26,-3.469446951953614e-18
2019-04-04 13:53:27,-3.469446951953614e-18
2019-04-04 13:53:28,-3.469446951953614e-18
2019-04-04 13:53:29,-3.469446951953614e-18
2019-04-04 13:53:30,-3.469446951953614e-18
2019-04-04 13:53:31,-3.469446951953614e-18
2019-04-04 13:53:32,-3.469446951953614e-18
2019-04-04 13:53:33,-3.469446951953614e-18
2019-04-04 13:53:34,-3.469446951953614e-18
2019-04-04 13:53:35,-3.469446951953614e-18
2019-04-04 13:53:36,-3.469446951953614e-18
2019-04-04 13:53:37,-3.469446951953614e-18
2019-04-04 13:53:38,-3.469446951953614e-18
2019-04-04 13:53:39,-3.469446951953614e-18
2019-04-04 13:53:40,-3.469446951953614e-18
2019-04-04 13:53:41,-3.469446951953614e-18
2019-04-04 13:53:42,-3.469446951953614e-18
2019-04-04 13:53:43,-3.469446951953614e-18
2019-04-04 13:53:44,-3.469446951953614e-18
2019-04-04 13:53:45,-3.469446951953614e-18
2019-04-04 13:53:46,-3.469446951953614e-18
2019-04-04 13:53:47,-3.469446951953614e-18
2019-04-04 13:53:48,-3.469446951953614e-18
2019-04-04 13:53:49,-3.469446951953614e-18
2019-04-04 13:53:50,-3.469446951953614e-18
2019-04-04 13:53:51,-3.469446951953614e-18
2019-04-04 13:53:52,-3.469446951953614e-18
2019-04-04 13:53:53,-3.469446951953614e-18
2019-04-04 13:53:54,-3.469446951953614e-18
2019-04-04 13:53:55,-3.469446951953614e-18
2019-04-04 13:53:56,-3.469446951953614e-18
2019-04-04 13:53:57,-3.469446951953614e-18
2019-04-04 13:53:58,-3.469446951953614e-18
2019-04-04 13:53:59,-3.469446951953614e-18
2019-04-04 13:54:00,-3.469446951953614e-18
2019-04-04 13:54:01,-3.469446951953614e-18
2019-04-04 13:54:02,-3.469446951953614e-18
2019-04-04 13:54:03,-3.469446951953614e-18
2019-04-04 13:54:04,-3.469446951953614e-18
2019-04-04 13:54:05,-3.469446951953614e-18
2019-04-04 13:54:06,-3.469446951953614e-18
2019-04-04 13:54:07,-3.469446951953614e-18
2019-04-04 13:54:08,-3.469446951953614e-18
2019-04-04 13:54:09,-3.469446951953614e-18
2019-04-04 13:54:10,-3.469446951953614e-18
2019-04-04 13:54:11,-3.469446951953614e-18
2019-04-04 13:54:12,-3.469446951953614e-18
2019-04-04 13:54:13,-3.469446951953614e-18
2019-04-04 13:54:14,-3.469446951953614e-18
2019-04-04 13:54:15,-3.469446951953614e-18
2019-04-04 13:54:16,-3.469446951953614e-18
2019-04-04 13:54:17,-3.469446951953614e-18
2019-04-04 13:54:18,-3.469446951953614e-18
2019-04-04 13:54:19,-3.469446951953614e-18
2019-04-04 13:54:20,-3.469446951953614e-18
2019-04-04 13:54:21,-3.469446951953614e-18
2019-04-04 13:54:22,-3.469446951953614e-18
2019-04-04 13:54:23,-3.469446951953614e-18
2019-04-04 13:54:24,-3.469446951953614e-18
2019-04-04 13:54:25,-3.469446951953614e-18
2019-04-04 13:54:26,-3.469446951953614e-18
2019-04-04 13:54:27,-3.469446951953614e-18
2019-04-04 13:54:28,-3.469446951953614e-18
2019-04-04 13:54:29,-3.469446951953614e-18
2019-04-04 13:54:30,-3.469446951953614e-18
2019-04-04 13:54:31,-3.469446951953614e-18
2019-04-04 13:54:32,-3.469446951953614e-18
2019-04-04 13:54:33,-3.469446951953614e-18
2019-04-04 13:54:34,-3.469446951953614e-18
2019-04-04 13:54:35,-3.469446951953614e-18
2019-04-04 13:54:36,-3.469446951953614e-18
2019-04-04 13:54:37,-3.469446951953614e-18
2019-04-04 13:54:38,-3.469446951953614e-18
2019-04-04 13:54:39,-3.469446951953614e-18
2019-04-04 13:54:40,-3.469446951953614e-18
2019-04-04 13:54:41,-3.469446951953614e-18
2019-04-04 13:54:42,-3.469446951953614e-18
2019-04-04 13:54:43,-3.469446951953614e-18
2019-04-04 13:54:44,-3.469446951953614e-18
2019-04-04 13:54:45,-3.469446951953614e-18
2019-04-04 13:54:46,-3.469446951953614e-18
2019-04-04 13:54:47,-3.469446951953614e-18
2019-04-04 13:54:48,-3.469446951953614e-18
2019-04-04 13:54:49,-3.469446951953614e-18
2019-04-04 13:54:50,-3.469446951953614e-18
2019-04-04 13:54:51,-3.469446951953614e-18
2019-04-04 13:54:52,-3.469446951953614e-18
2019-04-04 13:54:53,-3.469446951953614e-18
2019-04-04 13:54:54,-3.469446951953614e-18
2019-04-04 13:54:55,-3.469446951953614e-18
2019-04-04 13:54:56,-3.469446951953614e-18
2019-04-04 13:54:57,-3.469446951953614e-18
2019-04-04 13:54:58,-3.469446951953614e-18
2019-04-04 13:54:59,-3.469446951953614e-18
2019-04-04 13:55:00,-3.469446951953614e-18
2019-04-04 13:55:01,-3.469446951953614e-18
2019-04-04 13:55:02,-3.469446951953614e-18
2019-04-04 13:55:03,-3.469446951953614e-18
2019-04-04 13:55:04,-3.469446951953614e-18
2019-04-04 13:55:05,-3.469446951953614e-18
2019-04-04 13:55:06,-3.469446951953614e-18
2019-04-04 13:55:07,-3.469446951953614e-18
2019-04-04 13:55:08,-3.469446951953614e-18
2019-04-04 13:55:09,-3.469446951953614e-18
2019-04-04 13:55:10,-3.469446951953614e-18
2019-04-04 13:55:11,-3.469446951953614e-18
2019-04-04 13:55:12,-3.469446951953614e-18
2019-04-04 13:55:13,-3.469446951953614e-18
2019-04-04 13:55:14,-3.469446951953614e-18
2019-04-04 13:55:15,-3.469446951953614e-18
2019-04-04 13:55:16,-3.469446951953614e-18
2019-04-04 13:55:17,-0.00022222222221910184
2019-04-04 13:55:18,-0.00022222222221981135
2019-04-04 13:55:19,-0.00022222222222052258
2019-04-04 13:55:20,-0.00022222222222123209
2019-04-04 13:55:21,-0.00022222222222194332
2019-04-04 13:55:22,-3.469446951953614e-18
2019-04-04 13:55:23,-3.469446951953614e-18
2019-04-04 13:55:24,-3.469446951953614e-18
2019-04-04 13:55:25,-3.469446951953614e-18
2019-04-04 13:55:26,-3.469446951953614e-18
2019-04-04 13:55:27,-3.469446951953614e-18
2019-04-04 13:55:28,-3.469446951953614e-18
2019-04-04 13:55:29,-3.469446951953614e-18
2019-04-04 13:55:30,-3.469446951953614e-18
2019-04-04 13:55:31,-3.469446951953614e-18
2019-04-04 13:55:32,-3.469446951953614e-18
2019-04-04 13:55:33,-3.469446951953614e-18
2019-04-04 13:55:34,-3.469446951953614e-18
2019-04-04 13:55:35,-3.469446951953614e-18
2019-04-04 13:55:36,-3.469446951953614e-18
2019-04-04 13:55:37,-3.469446951953614e-18
2019-04-04 13:55:38,-3.469446951953614e-18
2019-04-04 13:55:39,-3.469446951953614e-18
2019-04-04 13:55:40,-3.469446951953614e-18
2019-04-04 13:55:41,-3.469446951953614e-18
2019-04-04 13:55:42,-3.469446951953614e-18
2019-04-04 13:55:43,-3.469446951953614e-18
2019-04-04 13:55:44,-3.469446951953614e-18
2019-04-04 13:55:45,-3.469446951953614e-18
2019-04-04 13:55:46,-3.469446951953614e-18
2019-04-04 13:55:47,-3.469446951953614e-18
2019-04-04 13:55:48,-3.469446951953614e-18
2019-04-04 13:55:49,-3.469446951953614e-18
2019-04-04 13:55:50,-3.469446951953614e-18
2019-04-04 13:55:51,-3.469446951953614e-18
2019-04-04 13:55:52,-3.469446951953614e-18
2019-04-04 13:55:53,-3.469446951953614e-18
2019-04-04 13:55:54,-3.469446951953614e-18
2019-04-04 13:55:55,-3.469446951953614e-18
2019-04-04 13:55:56,-3.469446951953614e-18
2019-04-04 13:55:57,-3.469446951953614e-18
2019-04-04 13:55:58,-3.469446951953614e-18
2019-04-04 13:55:59,-3.469446951953614e-18
2019-04-04 13:56:00,-3.469446951953614e-18
2019-04-04 13:56:01,-3.469446951953614e-18
2019-04-04 13:56:02,-3.469446951953614e-18
2019-04-04 13:56:03,-3.469446951953614e-18
2019-04-04 13:56:04,-3.469446951953614e-18
2019-04-04 13:56:05,-3.469446951953614e-18
2019-04-04 13:56:06,-3.469446951953614e-18
2019-04-04 13:56:07,-3.469446951953614e-18
2019-04-04 13:56:08,-3.469446951953614e-18
2019-04-04 13:56:09,-3.469446951953614e-18
2019-04-04 13:56:10,-3.469446951953614e-18
2019-04-04 13:56:11,-3.469446951953614e-18
2019-04-04 13:56:12,-3.469446951953614e-18
2019-04-04 13:56:13,-3.469446951953614e-18
2019-04-04 13:56:14,-3.469446951953614e-18
2019-04-04 13:56:15,-3.469446951953614e-18
2019-04-04 13:56:16,-3.469446951953614e-18
2019-04-04 13:56:17,-3.469446951953614e-18
2019-04-04 13:56:18,-3.469446951953614e-18
2019-04-04 13:56:19,-3.469446951953614e-18
2019-04-04 13:56:20,-3.469446951953614e-18
2019-04-04 13:56:21,-3.469446951953614e-18
2019-04-04 13:56:22,-3.469446951953614e-18
2019-04-04 13:56:23,-3.469446951953614e-18
2019-04-04 13:56:24,-3.469446951953614e-18
2019-04-04 13:56:25,-3.469446951953614e-18
2019-04-04 13:56:26,-3.469446951953614e-18
2019-04-04 13:56:27,-3.469446951953614e-18
2019-04-04 13:56:28,-3.469446951953614e-18
2019-04-04 13:56:29,-3.469446951953614e-18
2019-04-04 13:56:30,-3.469446951953614e-18
2019-04-04 13:56:31,-3.469446951953614e-18
2019-04-04 13:56:32,-3.469446951953614e-18
2019-04-04 13:56:33,-3.469446951953614e-18
2019-04-04 13:56:34,-3.469446951953614e-18
2019-04-04 13:56:35,-3.469446951953614e-18
2019-04-04 13:56:36,-3.469446951953614e-18
2019-04-04 13:56:37,-3.469446951953614e-18
2019-04-04 13:56:38,-3.469446951953614e-18
2019-04-04 13:56:39,-3.469446951953614e-18
2019-04-04 13:56:40,-3.469446951953614e-18
2019-04-04 13:56:41,-3.469446951953614e-18
2019-04-04 13:56:42,-3.469446951953614e-18
2019-04-04 13:56:43,-3.469446951953614e-18
2019-04-04 13:56:44,-3.469446951953614e-18
2019-04-04 13:56:45,-3.469446951953614e-18
2019-04-04 13:56:46,-3.469446951953614e-18
2019-04-04 13:56:47,-3.469446951953614e-18
2019-04-04 13:56:48,-3.469446951953614e-18
2019-04-04 13:56:49,-3.469446951953614e-18
2019-04-04 13:56:50,-3.469446951953614e-18
2019-04-04 13:56:51,-3.469446951953614e-18
2019-04-04 13:56:52,-3.469446951953614e-18
2019-04-04 13:56:53,-3.469446951953614e-18
2019-04-04 13:56:54,-3.469446951953614e-18
2019-04-04 13:56:55,-3.469446951953614e-18
2019-04-04 13:56:56,-3.469446951953614e-18
2019-04-04 13:56:57,-3.469446951953614e-18
2019-04-04 13:56:58,-3.469446951953614e-18
2019-04-04 13:56:59,-3.469446951953614e-18
2019-04-04 13:57:00,-3.469446951953614e-18
2019-04-04 13:57:01,-3.469446951953614e-18
2019-04-04 13:57:02,-3.469446951953614e-18
2019-04-04 13:57:03,-3.469446951953614e-18
2019-04-04 13:57:04,-3.469446951953614e-18
2019-04-04 13:57:05,-3.469446951953614e-18
2019-04-04 13:57:06,-3.469446951953614e-18
2019-04-04 13:57:07,-3.469446951953614e-18
2019-04-04 13:57:08,-3.469446951953614e-18
2019-04-04 13:57:09,-3.469446951953614e-18
2019-04-04 13:57:10,-3.469446951953614e-18
2019-04-04 13:57:11,-3.469446951953614e-18
2019-04-04 13:57:12,-3.469446951953614e-18
2019-04-04 13:57:13,-3.469446951953614e-18
2019-04-04 13:57:14,-3.469446951953614e-18
2019-04-04 13:57:15,-3.469446951953614e-18
2019-04-04 13:57:16,-3.469446951953614e-18
2019-04-04 13:57:17,-3.469446951953614e-18
2019-04-04 13:57:18,-3.469446951953614e-18
2019-04-04 13:57:19,-3.469446951953614e-18
2019-04-04 13:57:20,-3.469446951953614e-18
2019-04-04 13:57:21,-3.469446951953614e-18
2019-04-04 13:57:22,-3.469446951953614e-18
2019-04-04 13:57:23,-3.469446951953614e-18
2019-04-04 13:57:24,-3.469446951953614e-18
2019-04-04 13:57:25,-3.469446951953614e-18
2019-04-04 13:57:26,-3.469446951953614e-18
2019-04-04 13:57:27,-3.469446951953614e-18
2019-04-04 13:57:28,-3.469446951953614e-18
2019-04-04 13:57:29,-3.469446951953614e-18
2019-04-04 13:57:30,-3.469446951953614e-18
2019-04-04 13:57:31,-3.469446951953614e-18
2019-04-04 13:57:32,-3.469446951953614e-18
2019-04-04 13:57:33,-3.469446951953614e-18
2019-04-04 13:57:34,-3.469446951953614e-18
2019-04-04 13:57:35,-3.469446951953614e-18
2019-04-04 13:57:36,-3.469446951953614e-18
2019-04-04 13:57:37,-3.469446951953614e-18
2019-04-04 13:57:38,-3.469446951953614e-18
2019-04-04 13:57:39,-3.469446951953614e-18
2019-04-04 13:57:40,-3.469446951953614e-18
2019-04-04 13:57:41,-3.469446951953614e-18
2019-04-04 13:57:42,-3.469446951953614e-18
2019-04-04 13:57:43,-3.469446951953614e-18
2019-04-04 13:57:44,-3.469446951953614e-18
2019-04-04 13:57:45,-3.469446951953614e-18
2019-04-04 13:57:46,-3.469446951953614e-18
2019-04-04 13:57:47,-3.469446951953614e-18
2019-04-04 13:57:48,-3.469446951953614e-18
2019-04-04 13:57:49,-3.469446951953614e-18
2019-04-04 13:57:50,-3.469446951953614e-18
2019-04-04 13:57:51,-3.469446951953614e-18
2019-04-04 13:57:52,-3.469446951953614e-18
2019-04-04 13:57:53,-3.469446951953614e-18
2019-04-04 13:57:54,-3.469446951953614e-18
2019-04-04 13:57:55,-3.469446951953614e-18
2019-04-04 13:57:56,-3.469446951953614e-18
2019-04-04 13:57:57,-3.469446951953614e-18
2019-04-04 13:57:58,-3.469446951953614e-18
2019-04-04 13:57:59,-3.469446951953614e-18
2019-04-04 13:58:00,-3.469446951953614e-18
2019-04-04 13:58:01,-3.469446951953614e-18
2019-04-04 13:58:02,-3.469446951953614e-18
2019-04-04 13:58:03,-3.469446951953614e-18
2019-04-04 13:58:04,-3.469446951953614e-18
2019-04-04 13:58:05,-3.469446951953614e-18
2019-04-04 13:58:06,-3.469446951953614e-18
2019-04-04 13:58:07,-3.469446951953614e-18
2019-04-04 13:58:08,-3.469446951953614e-18
2019-04-04 13:58:09,-3.469446951953614e-18
2019-04-04 13:58:10,-3.469446951953614e-18
2019-04-04 13:58:11,-3.469446951953614e-18
2019-04-04 13:58:12,-3.469446951953614e-18
2019-04-04 13:58:13,-3.469446951953614e-18
2019-04-04 13:58:14,-3.469446951953614e-18
2019-04-04 13:58:15,-3.469446951953614e-18
2019-04-04 13:58:16,-3.469446951953614e-18
2019-04-04 13:58:17,-3.469446951953614e-18
2019-04-04 13:58:18,-3.469446951953614e-18
2019-04-04 13:58:19,-3.469446951953614e-18
2019-04-04 13:58:20,-3.469446951953614e-18
2019-04-04 13:58:21,-3.469446951953614e-18
2019-04-04 13:58:22,-3.469446951953614e-18
2019-04-04 13:58:23,-3.469446951953614e-18
2019-04-04 13:58:24,-3.469446951953614e-18
2019-04-04 13:58:25,-3.469446951953614e-18
2019-04-04 13:58:26,-3.469446951953614e-18
2019-04-04 13:58:27,-3.469446951953614e-18
2019-04-04 13:58:28,-3.469446951953614e-18
2019-04-04 13:58:29,-3.469446951953614e-18
2019-04-04 13:58:30,-3.469446951953614e-18
2019-04-04 13:58:31,-3.469446951953614e-18
2019-04-04 13:58:32,-3.469446951953614e-18
2019-04-04 13:58:33,-3.469446951953614e-18
2019-04-04 13:58:34,-3.469446951953614e-18
2019-04-04 13:58:35,-3.469446951953614e-18
2019-04-04 13:58:36,-3.469446951953614e-18
2019-04-04 13:58:37,-3.469446951953614e-18
2019-04-04 13:58:38,-3.469446951953614e-18
2019-04-04 13:58:39,-3.469446951953614e-18
2019-04-04 13:58:40,-3.469446951953614e-18
2019-04-04 13:58:41,-3.469446951953614e-18
2019-04-04 13:58:42,-3.469446951953614e-18
2019-04-04 13:58:43,-3.469446951953614e-18
2019-04-04 13:58:44,-3.469446951953614e-18
2019-04-04 13:58:45,-3.469446951953614e-18
2019-04-04 13:58:46,-3.469446951953614e-18
2019-04-04 13:58:47,-3.469446951953614e-18
2019-04-04 13:58:48,-3.469446951953614e-18
2019-04-04 13:58:49,-3.469446951953614e-18
2019-04-04 13:58:50,-3.469446951953614e-18
2019-04-04 13:58:51,-3.469446951953614e-18
2019-04-04 13:58:52,-3.469446951953614e-18
2019-04-04 13:58:53,-3.469446951953614e-18
2019-04-04 13:58:54,-3.469446951953614e-18
2019-04-04 13:58:55,-3.469446951953614e-18
2019-04-04 13:58:56,-3.469446951953614e-18
2019-04-04 13:58:57,-3.469446951953614e-18
2019-04-04 13:58:58,-3.469446951953614e-18
2019-04-04 13:58:59,-3.469446951953614e-18
2019-04-04 13:59:00,-3.469446951953614e-18
2019-04-04 13:59:01,-3.469446951953614e-18
2019-04-04 13:59:02,-3.469446951953614e-18
2019-04-04 13:59:03,-3.469446951953614e-18
2019-04-04 13:59:04,-3.469446951953614e-18
2019-04-04 13:59:05,-3.469446951953614e-18
2019-04-04 13:59:06,-3.469446951953614e-18
2019-04-04 13:59:07,-3.469446951953614e-18
2019-04-04 13:59:08,-3.469446951953614e-18
2019-04-04 13:59:09,-3.469446951953614e-18
2019-04-04 13:59:10,-3.469446951953614e-18
2019-04-04 13:59:11,-3.469446951953614e-18
2019-04-04 13:59:12,-3.469446951953614e-18
2019-04-04 13:59:13,-3.469446951953614e-18
2019-04-04 13:59:14,-3.469446951953614e-18
2019-04-04 13:59:15,-3.469446951953614e-18
2019-04-04 13:59:16,-3.469446951953614e-18
2019-04-04 13:59:17,-3.469446951953614e-18
2019-04-04 13:59:18,-3.469446951953614e-18
2019-04-04 13:59:19,-3.469446951953614e-18
2019-04-04 13:59:20,-3.469446951953614e-18
2019-04-04 13:59:21,-3.469446951953614e-18
2019-04-04 13:59:22,-3.469446951953614e-18
2019-04-04 13:59:23,-3.469446951953614e-18
2019-04-04 13:59:24,-3.469446951953614e-18
2019-04-04 13:59:25,-3.469446951953614e-18
2019-04-04 13:59:26,-3.469446951953614e-18
2019-04-04 13:59:27,-3.469446951953614e-18
2019-04-04 13:59:28,-3.469446951953614e-18
2019-04-04 13:59:29,-3.469446951953614e-18
2019-04-04 13:59:30,-3.469446951953614e-18
2019-04-04 13:59:31,-3.469446951953614e-18
2019-04-04 13:59:32,-3.469446951953614e-18
2019-04-04 13:59:33,-3.469446951953614e-18
2019-04-04 13:59:34,-3.469446951953614e-18
2019-04-04 13:59:35,-3.469446951953614e-18
2019-04-04 13:59:36,-3.469446951953614e-18
2019-04-04 13:59:37,-3.469446951953614e-18
2019-04-04 13:59:38,-3.469446951953614e-18
2019-04-04 13:59:39,-3.469446951953614e-18
2019-04-04 13:59:40,-3.469446951953614e-18
2019-04-04 13:59:41,-3.469446951953614e-18
2019-04-04 13:59:42,-3.469446951953614e-18
2019-04-04 13:59:43,-3.469446951953614e-18
2019-04-04 13:59:44,-3.469446951953614e-18
2019-04-04 13:59:45,-3.469446951953614e-18
2019-04-04 13:59:46,-3.469446951953614e-18
2019-04-04 13:59:47,-3.469446951953614e-18
2019-04-04 13:59:48,-3.469446951953614e-18
2019-04-04 13:59:49,-3.469446951953614e-18
2019-04-04 13:59:50,-3.469446951953614e-18
2019-04-04 13:59:51,-3.469446951953614e-18
2019-04-04 13:59:52,-3.469446951953614e-18
2019-04-04 13:59:53,-3.469446951953614e-18
2019-04-04 13:59:54,-3.469446951953614e-18
2019-04-04 13:59:55,-3.469446951953614e-18
2019-04-04 13:59:56,-3.469446951953614e-18
2019-04-04 13:59:57,-3.469446951953614e-18
2019-04-04 13:59:58,-3.469446951953614e-18
2019-04-04 13:59:59,-3.469446951953614e-18
2019-04-04 14:00:00,-3.469446951953614e-18
2019-04-04 14:00:01,-3.469446951953614e-18
2019-04-04 14:00:02,-3.469446951953614e-18
2019-04-04 14:00:03,-3.469446951953614e-18
2019-04-04 14:00:04,-3.469446951953614e-18
2019-04-04 14:00:05,-3.469446951953614e-18
2019-04-04 14:00:06,-3.469446951953614e-18
2019-04-04 14:00:07,-3.469446951953614e-18
2019-04-04 14:00:08,-3.469446951953614e-18
2019-04-04 14:00:09,-3.469446951953614e-18
2019-04-04 14:00:10,-3.469446951953614e-18
2019-04-04 14:00:11,-3.469446951953614e-18
2019-04-04 14:00:12,-3.469446951953614e-18
2019-04-04 14:00:13,-3.469446951953614e-18
2019-04-04 14:00:14,-3.469446951953614e-18
2019-04-04 14:00:15,-3.469446951953614e-18
2019-04-04 14:00:16,-3.469446951953614e-18
2019-04-04 14:00:17,-3.469446951953614e-18
2019-04-04 14:00:18,-3.469446951953614e-18
2019-04-04 14:00:19,-3.469446951953614e-18
2019-04-04 14:00:20,-3.469446951953614e-18
2019-04-04 14:00:21,-3.469446951953614e-18
2019-04-04 14:00:22,-3.469446951953614e-18
2019-04-04 14:00:23,-3.469446951953614e-18
2019-04-04 14:00:24,-3.469446951953614e-18
2019-04-04 14:00:25,-3.469446951953614e-18
2019-04-04 14:00:26,-3.469446951953614e-18
2019-04-04 14:00:27,-3.469446951953614e-18
2019-04-04 14:00:28,-3.469446951953614e-18
2019-04-04 14:00:29,-3.469446951953614e-18
2019-04-04 14:00:30,-3.469446951953614e-18
2019-04-04 14:00:31,-3.469446951953614e-18
2019-04-04 14:00:32,-3.469446951953614e-18
2019-04-04 14:00:33,-3.469446951953614e-18
2019-04-04 14:00:34,-3.469446951953614e-18
2019-04-04 14:00:35,-3.469446951953614e-18
2019-04-04 14:00:36,-3.469446951953614e-18
2019-04-04 14:00:37,-3.469446951953614e-18
2019-04-04 14:00:38,-3.469446951953614e-18
2019-04-04 14:00:39,-3.469446951953614e-18
2019-04-04 14:00:40,-3.469446951953614e-18
2019-04-04 14:00:41,-3.469446951953614e-18
2019-04-04 14:00:42,-3.469446951953614e-18
2019-04-04 14:00:43,-3.469446951953614e-18
2019-04-04 14:00:44,-3.469446951953614e-18
2019-04-04 14:00:45,-3.469446951953614e-18
2019-04-04 14:00:46,-3.469446951953614e-18
2019-04-04 14:00:47,-3.469446951953614e-18
2019-04-04 14:00:48,-3.469446951953614e-18
2019-04-04 14:00:49,-3.469446951953614e-18
2019-04-04 14:00:50,-3.469446951953614e-18
2019-04-04 14:00:51,-3.469446951953614e-18
2019-04-04 14:00:52,-3.469446951953614e-18
2019-04-04 14:00:53,-3.469446951953614e-18
2019-04-04 14:00:54,-3.469446951953614e-18
2019-04-04 14:00:55,-3.469446951953614e-18
2019-04-04 14:00:56,-3.469446951953614e-18
2019-04-04 14:00:57,-3.469446951953614e-18
2019-04-04 14:00:58,-3.469446951953614e-18
2019-04-04 14:00:59,-3.469446951953614e-18
2019-04-04 14:01:00,-3.469446951953614e-18
2019-04-04 14:01:01,-3.469446951953614e-18
2019-04-04 14:01:02,-3.469446951953614e-18
2019-04-04 14:01:03,-3.469446951953614e-18
2019-04-04 14:01:04,-3.469446951953614e-18
2019-04-04 14:01:05,-3.469446951953614e-18
2019-04-04 14:01:06,-3.469446951953614e-18
2019-04-04 14:01:07,-3.469446951953614e-18
2019-04-04 14:01:08,-3.469446951953614e-18
2019-04-04 14:01:09,-3.469446951953614e-18
2019-04-04 14:01:10,-3.469446951953614e-18
2019-04-04 14:01:11,-3.469446951953614e-18
2019-04-04 14:01:12,-3.469446951953614e-18
2019-04-04 14:01:13,-3.469446951953614e-18
2019-04-04 14:01:14,-3.469446951953614e-18
2019-04-04 14:01:15,-3.469446951953614e-18
2019-04-04 14:01:16,-3.469446951953614e-18
2019-04-04 14:01:17,-3.469446951953614e-18
2019-04-04 14:01:18,-3.469446951953614e-18
2019-04-04 14:01:19,-3.469446951953614e-18
2019-04-04 14:01:20,-3.469446951953614e-18
2019-04-04 14:01:21,-3.469446951953614e-18
2019-04-04 14:01:22,-3.469446951953614e-18
2019-04-04 14:01:23,-3.469446951953614e-18
2019-04-04 14:01:24,-3.469446951953614e-18
2019-04-04 14:01:25,-3.469446951953614e-18
2019-04-04 14:01:26,-3.469446951953614e-18
2019-04-04 14:01:27,-3.469446951953614e-18
2019-04-04 14:01:28,-3.469446951953614e-18
2019-04-04 14:01:29,-3.469446951953614e-18
2019-04-04 14:01:30,-3.469446951953614e-18
2019-04-04 14:01:31,-3.469446951953614e-18
2019-04-04 14:01:32,-3.469446951953614e-18
2019-04-04 14:01:33,-3.469446951953614e-18
2019-04-04 14:01:34,-3.469446951953614e-18
2019-04-04 14:01:35,-3.469446951953614e-18
2019-04-04 14:01:36,-3.469446951953614e-18
2019-04-04 14:01:37,-3.469446951953614e-18
2019-04-04 14:01:38,-3.469446951953614e-18
2019-04-04 14:01:39,-3.469446951953614e-18
2019-04-04 14:01:40,-3.469446951953614e-18
2019-04-04 14:01:41,-3.469446951953614e-18
2019-04-04 14:01:42,-3.469446951953614e-18
2019-04-04 14:01:43,-3.469446951953614e-18
2019-04-04 14:01:44,-3.469446951953614e-18
2019-04-04 14:01:45,-3.469446951953614e-18
2019-04-04 14:01:46,-3.469446951953614e-18
2019-04-04 14:01:47,-3.469446951953614e-18
2019-04-04 14:01:48,-3.469446951953614e-18
2019-04-04 14:01:49,-3.469446951953614e-18
2019-04-04 14:01:50,-3.469446951953614e-18
2019-04-04 14:01:51,-3.469446951953614e-18
2019-04-04 14:01:52,-3.469446951953614e-18
2019-04-04 14:01:53,-3.469446951953614e-18
2019-04-04 14:01:54,-3.469446951953614e-18
2019-04-04 14:01:55,-3.469446951953614e-18
2019-04-04 14:01:56,-3.469446951953614e-18
2019-04-04 14:01:57,-3.469446951953614e-18
2019-04-04 14:01:58,-3.469446951953614e-18
2019-04-04 14:01:59,-3.469446951953614e-18
2019-04-04 14:02:00,-3.469446951953614e-18
2019-04-04 14:02:01,-3.469446951953614e-18
2019-04-04 14:02:02,-3.469446951953614e-18
2019-04-04 14:02:03,-3.469446951953614e-18
2019-04-04 14:02:04,-3.469446951953614e-18
2019-04-04 14:02:05,-3.469446951953614e-18
2019-04-04 14:02:06,-3.469446951953614e-18
2019-04-04 14:02:07,-3.469446951953614e-18
2019-04-04 14:02:08,-3.469446951953614e-18
2019-04-04 14:02:09,-3.469446951953614e-18
2019-04-04 14:02:10,-3.469446951953614e-18
2019-04-04 14:02:11,-3.469446951953614e-18
2019-04-04 14:02:12,-3.469446951953614e-18
2019-04-04 14:02:13,-3.469446951953614e-18
2019-04-04 14:02:14,-3.469446951953614e-18
2019-04-04 14:02:15,-3.469446951953614e-18
2019-04-04 14:02:16,-3.469446951953614e-18
2019-04-04 14:02:17,-3.469446951953614e-18
2019-04-04 14:02:18,-3.469446951953614e-18
2019-04-04 14:02:19,-3.469446951953614e-18
2019-04-04 14:02:20,-3.469446951953614e-18
2019-04-04 14:02:21,-3.469446951953614e-18
2019-04-04 14:02:22,-3.469446951953614e-18
2019-04-04 14:02:23,-3.469446951953614e-18
2019-04-04 14:02:24,-3.469446951953614e-18
2019-04-04 14:02:25,-3.469446951953614e-18
2019-04-04 14:02:26,-3.469446951953614e-18
2019-04-04 14:02:27,-3.469446951953614e-18
2019-04-04 14:02:28,-3.469446951953614e-18
2019-04-04 14:02:29,-3.469446951953614e-18
2019-04-04 14:02:30,-3.469446951953614e-18
2019-04-04 14:02:31,-3.469446951953614e-18
2019-04-04 14:02:32,-3.469446951953614e-18
2019-04-04 14:02:33,-3.469446951953614e-18
2019-04-04 14:02:34,-3.469446951953614e-18
2019-04-04 14:02:35,-3.469446951953614e-18
2019-04-04 14:02:36,-3.469446951953614e-18
2019-04-04 14:02:37,-3.469446951953614e-18
2019-04-04 14:02:38,-3.469446951953614e-18
2019-04-04 14:02:39,-3.469446951953614e-18
2019-04-04 14:02:40,-3.469446951953614e-18
2019-04-04 14:02:41,-3.469446951953614e-18
2019-04-04 14:02:42,-3.469446951953614e-18
2019-04-04 14:02:43,-3.469446951953614e-18
2019-04-04 14:02:44,-3.469446951953614e-18
2019-04-04 14:02:45,-3.469446951953614e-18
2019-04-04 14:02:46,-3.469446951953614e-18
2019-04-04 14:02:47,-3.469446951953614e-18
2019-04-04 14:02:48,-3.469446951953614e-18
2019-04-04 14:02:49,-3.469446951953614e-18
2019-04-04 14:02:50,-3.469446951953614e-18
2019-04-04 14:02:51,-3.469446951953614e-18
2019-04-04 14:02:52,-3.469446951953614e-18
2019-04-04 14:02:53,-3.469446951953614e-18
2019-04-04 14:02:54,-3.469446951953614e-18
2019-04-04 14:02:55,-3.469446951953614e-18
2019-04-04 14:02:56,-3.469446951953614e-18
2019-04-04 14:02:57,-3.469446951953614e-18
2019-04-04 14:02:58,-3.469446951953614e-18
2019-04-04 14:02:59,-3.469446951953614e-18
2019-04-04 14:03:00,-3.469446951953614e-18
2019-04-04 14:03:01,-3.469446951953614e-18
2019-04-04 14:03:02,-3.469446951953614e-18
2019-04-04 14:03:03,-3.469446951953614e-18
2019-04-04 14:03:04,-3.469446951953614e-18
2019-04-04 14:03:05,-3.469446951953614e-18
2019-04-04 14:03:06,-3.469446951953614e-18
2019-04-04 14:03:07,-3.469446951953614e-18
2019-04-04 14:03:08,-3.469446951953614e-18
2019-04-04 14:03:09,-3.469446951953614e-18
2019-04-04 14:03:10,-3.469446951953614e-18
2019-04-04 14:03:11,-3.469446951953614e-18
2019-04-04 14:03:12,-3.469446951953614e-18
2019-04-04 14:03:13,-3.469446951953614e-18
2019-04-04 14:03:14,-3.469446951953614e-18
2019-04-04 14:03:15,-3.469446951953614e-18
2019-04-04 14:03:16,-3.469446951953614e-18
2019-04-04 14:03:17,-3.469446951953614e-18
2019-04-04 14:03:18,-3.469446951953614e-18
2019-04-04 14:03:19,-3.469446951953614e-18
2019-04-04 14:03:20,-3.469446951953614e-18
2019-04-04 14:03:21,-3.469446951953614e-18
2019-04-04 14:03:22,-3.469446951953614e-18
2019-04-04 14:03:23,-3.469446951953614e-18
2019-04-04 14:03:24,-3.469446951953614e-18
2019-04-04 14:03:25,-3.469446951953614e-18
2019-04-04 14:03:26,-3.469446951953614e-18
2019-04-04 14:03:27,-3.469446951953614e-18
2019-04-04 14:03:28,-3.469446951953614e-18
2019-04-04 14:03:29,-3.469446951953614e-18
2019-04-04 14:03:30,-3.469446951953614e-18
2019-04-04 14:03:31,-3.469446951953614e-18
2019-04-04 14:03:32,-3.469446951953614e-18
2019-04-04 14:03:33,-3.469446951953614e-18
2019-04-04 14:03:34,-3.469446951953614e-18
2019-04-04 14:03:35,-3.469446951953614e-18
2019-04-04 14:03:36,-3.469446951953614e-18
2019-04-04 14:03:37,-3.469446951953614e-18
2019-04-04 14:03:38,-3.469446951953614e-18
2019-04-04 14:03:39,-3.469446951953614e-18
2019-04-04 14:03:40,-3.469446951953614e-18
2019-04-04 14:03:41,-3.469446951953614e-18
2019-04-04 14:03:42,-3.469446951953614e-18
2019-04-04 14:03:43,-3.469446951953614e-18
2019-04-04 14:03:44,-3.469446951953614e-18
2019-04-04 14:03:45,-3.469446951953614e-18
2019-04-04 14:03:46,-3.469446951953614e-18
2019-04-04 14:03:47,-3.469446951953614e-18
2019-04-04 14:03:48,-3.469446951953614e-18
2019-04-04 14:03:49,-3.469446951953614e-18
2019-04-04 14:03:50,-3.469446951953614e-18
2019-04-04 14:03:51,-3.469446951953614e-18
2019-04-04 14:03:52,-3.469446951953614e-18
2019-04-04 14:03:53,-3.469446951953614e-18
2019-04-04 14:03:54,-3.469446951953614e-18
2019-04-04 14:03:55,-3.469446951953614e-18
2019-04-04 14:03:56,-3.469446951953614e-18
2019-04-04 14:03:57,-3.469446951953614e-18
2019-04-04 14:03:58,-3.469446951953614e-18
2019-04-04 14:03:59,-3.469446951953614e-18
2019-04-04 14:04:00,-3.469446951953614e-18
2019-04-04 14:04:01,-3.469446951953614e-18
2019-04-04 14:04:02,-3.469446951953614e-18
2019-04-04 14:04:03,-3.469446951953614e-18
2019-04-04 14:04:04,-3.469446951953614e-18
2019-04-04 14:04:05,-3.469446951953614e-18
2019-04-04 14:04:06,-3.469446951953614e-18
2019-04-04 14:04:07,-3.469446951953614e-18
2019-04-04 14:04:08,-3.469446951953614e-18
2019-04-04 14:04:09,-3.469446951953614e-18
2019-04-04 14:04:10,-3.469446951953614e-18
2019-04-04 14:04:11,-3.469446951953614e-18
2019-04-04 14:04:12,-3.469446951953614e-18
2019-04-04 14:04:13,-3.469446951953614e-18
2019-04-04 14:04:14,-3.469446951953614e-18
2019-04-04 14:04:15,-3.469446951953614e-18
2019-04-04 14:04:16,-3.469446951953614e-18
2019-04-04 14:04:17,-3.469446951953614e-18
2019-04-04 14:04:18,-3.469446951953614e-18
2019-04-04 14:04:19,-3.469446951953614e-18
2019-04-04 14:04:20,-3.469446951953614e-18
2019-04-04 14:04:21,-3.469446951953614e-18
2019-04-04 14:04:22,-3.469446951953614e-18
2019-04-04 14:04:23,-3.469446951953614e-18
2019-04-04 14:04:24,-3.469446951953614e-18
2019-04-04 14:04:25,-3.469446951953614e-18
2019-04-04 14:04:26,-3.469446951953614e-18
2019-04-04 14:04:27,-3.469446951953614e-18
2019-04-04 14:04:28,-3.469446951953614e-18
2019-04-04 14:04:29,-3.469446951953614e-18
2019-04-04 14:04:30,-3.469446951953614e-18
2019-04-04 14:04:31,-3.469446951953614e-18
2019-04-04 14:04:32,-3.469446951953614e-18
2019-04-04 14:04:33,-3.469446951953614e-18
2019-04-04 14:04:34,-3.469446951953614e-18
2019-04-04 14:04:35,-3.469446951953614e-18
2019-04-04 14:04:36,-3.469446951953614e-18
2019-04-04 14:04:37,-3.469446951953614e-18
2019-04-04 14:04:38,-3.469446951953614e-18
2019-04-04 14:04:39,-3.469446951953614e-18
2019-04-04 14:04:40,-3.469446951953614e-18
2019-04-04 14:04:41,-3.469446951953614e-18
2019-04-04 14:04:42,-3.469446951953614e-18
2019-04-04 14:04:43,-3.469446951953614e-18
2019-04-04 14:04:44,-3.469446951953614e-18
2019-04-04 14:04:45,-3.469446951953614e-18
2019-04-04 14:04:46,-3.469446951953614e-18
2019-04-04 14:04:47,-3.469446951953614e-18
2019-04-04 14:04:48,-3.469446951953614e-18
2019-04-04 14:04:49,-3.469446951953614e-18
2019-04-04 14:04:50,-3.469446951953614e-18
2019-04-04 14:04:51,-3.469446951953614e-18
2019-04-04 14:04:52,-3.469446951953614e-18
2019-04-04 14:04:53,-3.469446951953614e-18
2019-04-04 14:04:54,-3.469446951953614e-18
2019-04-04 14:04:55,-3.469446951953614e-18
2019-04-04 14:04:56,-3.469446951953614e-18
2019-04-04 14:04:57,-3.469446951953614e-18
2019-04-04 14:04:58,-3.469446951953614e-18
2019-04-04 14:04:59,-3.469446951953614e-18
2019-04-04 14:05:00,-3.469446951953614e-18
2019-04-04 14:05:01,-3.469446951953614e-18
2019-04-04 14:05:02,-3.469446951953614e-18
2019-04-04 14:05:03,-3.469446951953614e-18
2019-04-04 14:05:04,-3.469446951953614e-18
2019-04-04 14:05:05,-3.469446951953614e-18
2019-04-04 14:05:06,-3.469446951953614e-18
2019-04-04 14:05:07,-3.469446951953614e-18
2019-04-04 14:05:08,-3.469446951953614e-18
2019-04-04 14:05:09,-3.469446951953614e-18
2019-04-04 14:05:10,-3.469446951953614e-18
2019-04-04 14:05:11,-3.469446951953614e-18
2019-04-04 14:05:12,-3.469446951953614e-18
2019-04-04 14:05:13,-3.469446951953614e-18
2019-04-04 14:05:14,-3.469446951953614e-18
2019-04-04 14:05:15,-3.469446951953614e-18
2019-04-04 14:05:16,-3.469446951953614e-18
2019-04-04 14:05:17,-3.469446951953614e-18
2019-04-04 14:05:18,-3.469446951953614e-18
2019-04-04 14:05:19,-3.469446951953614e-18
2019-04-04 14:05:20,-3.469446951953614e-18
2019-04-04 14:05:21,-3.469446951953614e-18
2019-04-04 14:05:22,-3.469446951953614e-18
2019-04-04 14:05:23,-3.469446951953614e-18
2019-04-04 14:05:24,-3.469446951953614e-18
2019-04-04 14:05:25,-3.469446951953614e-18
2019-04-04 14:05:26,-3.469446951953614e-18
2019-04-04 14:05:27,-3.469446951953614e-18
2019-04-04 14:05:28,-3.469446951953614e-18
2019-04-04 14:05:29,-3.469446951953614e-18
2019-04-04 14:05:30,-3.469446951953614e-18
2019-04-04 14:05:31,-3.469446951953614e-18
2019-04-04 14:05:32,-3.469446951953614e-18
2019-04-04 14:05:33,-3.469446951953614e-18
2019-04-04 14:05:34,-3.469446951953614e-18
2019-04-04 14:05:35,-3.469446951953614e-18
2019-04-04 14:05:36,-3.469446951953614e-18
2019-04-04 14:05:37,-3.469446951953614e-18
2019-04-04 14:05:38,-3.469446951953614e-18
2019-04-04 14:05:39,-3.469446951953614e-18
2019-04-04 14:05:40,-3.469446951953614e-18
2019-04-04 14:05:41,-3.469446951953614e-18
2019-04-04 14:05:42,-3.469446951953614e-18
2019-04-04 14:05:43,-3.469446951953614e-18
2019-04-04 14:05:44,-3.469446951953614e-18
2019-04-04 14:05:45,-3.469446951953614e-18
2019-04-04 14:05:46,-3.469446951953614e-18
2019-04-04 14:05:47,-3.469446951953614e-18
2019-04-04 14:05:48,-3.469446951953614e-18
2019-04-04 14:05:49,-3.469446951953614e-18
2019-04-04 14:05:50,-3.469446951953614e-18
2019-04-04 14:05:51,-3.469446951953614e-18
2019-04-04 14:05:52,-3.469446951953614e-18
2019-04-04 14:05:53,-3.469446951953614e-18
2019-04-04 14:05:54,-3.469446951953614e-18
2019-04-04 14:05:55,-3.469446951953614e-18
2019-04-04 14:05:56,-3.469446951953614e-18
2019-04-04 14:05:57,-3.469446951953614e-18
2019-04-04 14:05:58,-3.469446951953614e-18
2019-04-04 14:05:59,-3.469446951953614e-18
2019-04-04 14:06:00,-3.469446951953614e-18
2019-04-04 14:06:01,-3.469446951953614e-18
2019-04-04 14:06:02,-3.469446951953614e-18
2019-04-04 14:06:03,-3.469446951953614e-18
2019-04-04 14:06:04,-3.469446951953614e-18
2019-04-04 14:06:05,-3.469446951953614e-18
2019-04-04 14:06:06,-3.469446951953614e-18
2019-04-04 14:06:07,-3.469446951953614e-18
2019-04-04 14:06:08,-3.469446951953614e-18
2019-04-04 14:06:09,-3.469446951953614e-18
2019-04-04 14:06:10,-3.469446951953614e-18
2019-04-04 14:06:11,-3.469446951953614e-18
2019-04-04 14:06:12,-3.469446951953614e-18
2019-04-04 14:06:13,-3.469446951953614e-18
2019-04-04 14:06:14,-3.469446951953614e-18
2019-04-04 14:06:15,-3.469446951953614e-18
2019-04-04 14:06:16,-3.469446951953614e-18
2019-04-04 14:06:17,-3.469446951953614e-18
2019-04-04 14:06:18,-3.469446951953614e-18
2019-04-04 14:06:19,-3.469446951953614e-18
2019-04-04 14:06:20,-3.469446951953614e-18
2019-04-04 14:06:21,-3.469446951953614e-18
2019-04-04 14:06:22,-3.469446951953614e-18
2019-04-04 14:06:23,-3.469446951953614e-18
2019-04-04 14:06:24,-3.469446951953614e-18
2019-04-04 14:06:25,-3.469446951953614e-18
2019-04-04 14:06:26,-3.469446951953614e-18
2019-04-04 14:06:27,-3.469446951953614e-18
2019-04-04 14:06:28,-3.469446951953614e-18
2019-04-04 14:06:29,-3.469446951953614e-18
2019-04-04 14:06:30,-3.469446951953614e-18
2019-04-04 14:06:31,-3.469446951953614e-18
2019-04-04 14:06:32,-3.469446951953614e-18
2019-04-04 14:06:33,-3.469446951953614e-18
2019-04-04 14:06:34,-3.469446951953614e-18
2019-04-04 14:06:35,-3.469446951953614e-18
2019-04-04 14:06:36,-3.469446951953614e-18
2019-04-04 14:06:37,-3.469446951953614e-18
2019-04-04 14:06:38,-3.469446951953614e-18
2019-04-04 14:06:39,-3.469446951953614e-18
2019-04-04 14:06:40,-3.469446951953614e-18
2019-04-04 14:06:41,-3.469446951953614e-18
2019-04-04 14:06:42,-3.469446951953614e-18
2019-04-04 14:06:43,-3.469446951953614e-18
2019-04-04 14:06:44,-3.469446951953614e-18
2019-04-04 14:06:45,-3.469446951953614e-18
2019-04-04 14:06:46,-3.469446951953614e-18
2019-04-04 14:06:47,-3.469446951953614e-18
2019-04-04 14:06:48,-3.469446951953614e-18
2019-04-04 14:06:49,-3.469446951953614e-18
2019-04-04 14:06:50,-3.469446951953614e-18
2019-04-04 14:06:51,-3.469446951953614e-18
2019-04-04 14:06:52,-3.469446951953614e-18
2019-04-04 14:06:53,-3.469446951953614e-18
2019-04-04 14:06:54,-3.469446951953614e-18
2019-04-04 14:06:55,-3.469446951953614e-18
2019-04-04 14:06:56,-3.469446951953614e-18
2019-04-04 14:06:57,-3.469446951953614e-18
2019-04-04 14:06:58,-3.469446951953614e-18
2019-04-04 14:06:59,-3.469446951953614e-18
2019-04-04 14:07:00,-3.469446951953614e-18
2019-04-04 14:07:01,-3.469446951953614e-18
2019-04-04 14:07:02,-3.469446951953614e-18
2019-04-04 14:07:03,-3.469446951953614e-18
2019-04-04 14:07:04,-3.469446951953614e-18
2019-04-04 14:07:05,-3.469446951953614e-18
2019-04-04 14:07:06,-3.469446951953614e-18
2019-04-04 14:07:07,-3.469446951953614e-18
2019-04-04 14:07:08,-3.469446951953614e-18
2019-04-04 14:07:09,-3.469446951953614e-18
2019-04-04 14:07:10,-3.469446951953614e-18
2019-04-04 14:07:11,-3.469446951953614e-18
2019-04-04 14:07:12,-3.469446951953614e-18
2019-04-04 14:07:13,-3.469446951953614e-18
2019-04-04 14:07:14,-3.469446951953614e-18
2019-04-04 14:07:15,-3.469446951953614e-18
2019-04-04 14:07:16,-3.469446951953614e-18
2019-04-04 14:07:17,-3.469446951953614e-18
2019-04-04 14:07:18,-3.469446951953614e-18
2019-04-04 14:07:19,-3.469446951953614e-18
2019-04-04 14:07:20,-3.469446951953614e-18
2019-04-04 14:07:21,-3.469446951953614e-18
2019-04-04 14:07:22,-3.469446951953614e-18
2019-04-04 14:07:23,-3.469446951953614e-18
2019-04-04 14:07:24,-3.469446951953614e-18
2019-04-04 14:07:25,-3.469446951953614e-18
2019-04-04 14:07:26,-3.469446951953614e-18
2019-04-04 14:07:27,-3.469446951953614e-18
2019-04-04 14:07:28,-3.469446951953614e-18
2019-04-04 14:07:29,-3.469446951953614e-18
2019-04-04 14:07:30,-3.469446951953614e-18
2019-04-04 14:07:31,-3.469446951953614e-18
2019-04-04 14:07:32,-3.469446951953614e-18
2019-04-04 14:07:33,-3.469446951953614e-18
2019-04-04 14:07:34,-3.469446951953614e-18
2019-04-04 14:07:35,-3.469446951953614e-18
2019-04-04 14:07:36,-3.469446951953614e-18
2019-04-04 14:07:37,-3.469446951953614e-18
2019-04-04 14:07:38,-3.469446951953614e-18
2019-04-04 14:07:39,-3.469446951953614e-18
2019-04-04 14:07:40,-3.469446951953614e-18
2019-04-04 14:07:41,-3.469446951953614e-18
2019-04-04 14:07:42,-3.469446951953614e-18
2019-04-04 14:07:43,-3.469446951953614e-18
2019-04-04 14:07:44,-3.469446951953614e-18
2019-04-04 14:07:45,-3.469446951953614e-18
2019-04-04 14:07:46,-3.469446951953614e-18
2019-04-04 14:07:47,-3.469446951953614e-18
2019-04-04 14:07:48,-3.469446951953614e-18
2019-04-04 14:07:49,-3.469446951953614e-18
2019-04-04 14:07:50,-3.469446951953614e-18
2019-04-04 14:07:51,-3.469446951953614e-18
2019-04-04 14:07:52,-3.469446951953614e-18
2019-04-04 14:07:53,-3.469446951953614e-18
2019-04-04 14:07:54,-3.469446951953614e-18
2019-04-04 14:07:55,-3.469446951953614e-18
2019-04-04 14:07:56,-3.469446951953614e-18
2019-04-04 14:07:57,-3.469446951953614e-18
2019-04-04 14:07:58,-3.469446951953614e-18
2019-04-04 14:07:59,-3.469446951953614e-18
2019-04-04 14:08:00,-3.469446951953614e-18
2019-04-04 14:08:01,-3.469446951953614e-18
2019-04-04 14:08:02,-3.469446951953614e-18
2019-04-04 14:08:03,-3.469446951953614e-18
2019-04-04 14:08:04,-9.230769231083694e-05
2019-04-04 14:08:05,-9.23076923101257e-05
2019-04-04 14:08:06,-9.230769230941446e-05
2019-04-04 14:08:07,-9.230769230870496e-05
2019-04-04 14:08:08,-9.230769230799372e-05
2019-04-04 14:08:09,-3.469446951953614e-18
2019-04-04 14:08:10,-3.469446951953614e-18
2019-04-04 14:08:11,-3.469446951953614e-18
2019-04-04 14:08:12,-3.469446951953614e-18
2019-04-04 14:08:13,-3.469446951953614e-18
2019-04-04 14:08:14,-3.469446951953614e-18
2019-04-04 14:08:15,-3.469446951953614e-18
2019-04-04 14:08:16,-3.469446951953614e-18
2019-04-04 14:08:17,-3.469446951953614e-18
2019-04-04 14:08:18,-3.469446951953614e-18
2019-04-04 14:08:19,-3.469446951953614e-18
2019-04-04 14:08:20,-3.469446951953614e-18
2019-04-04 14:08:21,-3.469446951953614e-18
2019-04-04 14:08:22,-3.469446951953614e-18
2019-04-04 14:08:23,-3.469446951953614e-18
2019-04-04 14:08:24,-3.469446951953614e-18
2019-04-04 14:08:25,-3.469446951953614e-18
2019-04-04 14:08:26,-3.469446951953614e-18
2019-04-04 14:08:27,-3.469446951953614e-18
2019-04-04 14:08:28,-3.469446951953614e-18
2019-04-04 14:08:29,-3.469446951953614e-18
2019-04-04 14:08:30,-3.469446951953614e-18
2019-04-04 14:08:31,-3.469446951953614e-18
2019-04-04 14:08:32,-3.469446951953614e-18
2019-04-04 14:08:33,-3.469446951953614e-18
2019-04-04 14:08:34,-3.469446951953614e-18
2019-04-04 14:08:35,-3.469446951953614e-18
2019-04-04 14:08:36,-3.469446951953614e-18
2019-04-04 14:08:37,-3.469446951953614e-18
2019-04-04 14:08:38,-3.469446951953614e-18
2019-04-04 14:08:39,-3.469446951953614e-18
2019-04-04 14:08:40,-3.469446951953614e-18
2019-04-04 14:08:41,-3.469446951953614e-18
2019-04-04 14:08:42,-3.469446951953614e-18
2019-04-04 14:08:43,-3.469446951953614e-18
2019-04-04 14:08:44,-3.469446951953614e-18
2019-04-04 14:08:45,-3.469446951953614e-18
2019-04-04 14:08:46,-3.469446951953614e-18
2019-04-04 14:08:47,-3.469446951953614e-18
2019-04-04 14:08:48,-3.469446951953614e-18
2019-04-04 14:08:49,-3.469446951953614e-18
2019-04-04 14:08:50,-3.469446951953614e-18
2019-04-04 14:08:51,-3.469446951953614e-18
2019-04-04 14:08:52,-3.469446951953614e-18
2019-04-04 14:08:53,-3.469446951953614e-18
2019-04-04 14:08:54,-3.469446951953614e-18
2019-04-04 14:08:55,-3.469446951953614e-18
2019-04-04 14:08:56,-3.469446951953614e-18
2019-04-04 14:08:57,-3.469446951953614e-18
2019-04-04 14:08:58,-3.469446951953614e-18
2019-04-04 14:08:59,-3.469446951953614e-18
2019-04-04 14:09:00,-3.469446951953614e-18
2019-04-04 14:09:01,-3.469446951953614e-18
2019-04-04 14:09:02,-3.469446951953614e-18
2019-04-04 14:09:03,-3.469446951953614e-18
2019-04-04 14:09:04,-3.469446951953614e-18
2019-04-04 14:09:05,-3.469446951953614e-18
2019-04-04 14:09:06,-3.469446951953614e-18
2019-04-04 14:09:07,-3.469446951953614e-18
2019-04-04 14:09:08,-3.469446951953614e-18
2019-04-04 14:09:09,-3.469446951953614e-18
2019-04-04 14:09:10,-3.469446951953614e-18
2019-04-04 14:09:11,-3.469446951953614e-18
2019-04-04 14:09:12,-3.469446951953614e-18
2019-04-04 14:09:13,-3.469446951953614e-18
2019-04-04 14:09:14,-3.469446951953614e-18
2019-04-04 14:09:15,-3.469446951953614e-18
2019-04-04 14:09:16,-3.469446951953614e-18
2019-04-04 14:09:17,-3.469446951953614e-18
2019-04-04 14:09:18,-3.469446951953614e-18
2019-04-04 14:09:19,-3.469446951953614e-18
2019-04-04 14:09:20,-3.469446951953614e-18
2019-04-04 14:09:21,-3.469446951953614e-18
2019-04-04 14:09:22,-3.469446951953614e-18
2019-04-04 14:09:23,-3.469446951953614e-18
2019-04-04 14:09:24,-3.469446951953614e-18
2019-04-04 14:09:25,-3.469446951953614e-18
2019-04-04 14:09:26,-3.469446951953614e-18
2019-04-04 14:09:27,-3.469446951953614e-18
2019-04-04 14:09:28,-3.469446951953614e-18
2019-04-04 14:09:29,-3.469446951953614e-18
2019-04-04 14:09:30,-3.469446951953614e-18
2019-04-04 14:09:31,-3.469446951953614e-18
2019-04-04 14:09:32,-3.469446951953614e-18
2019-04-04 14:09:33,-3.469446951953614e-18
2019-04-04 14:09:34,-3.469446951953614e-18
2019-04-04 14:09:35,-3.469446951953614e-18
2019-04-04 14:09:36,-3.469446951953614e-18
2019-04-04 14:09:37,-3.469446951953614e-18
2019-04-04 14:09:38,-3.469446951953614e-18
2019-04-04 14:09:39,-3.469446951953614e-18
2019-04-04 14:09:40,-3.469446951953614e-18
2019-04-04 14:09:41,-3.469446951953614e-18
2019-04-04 14:09:42,-3.469446951953614e-18
2019-04-04 14:09:43,-3.469446951953614e-18
2019-04-04 14:09:44,-3.469446951953614e-18
2019-04-04 14:09:45,-3.469446951953614e-18
2019-04-04 14:09:46,-3.469446951953614e-18
2019-04-04 14:09:47,-3.469446951953614e-18
2019-04-04 14:09:48,-3.469446951953614e-18
2019-04-04 14:09:49,-3.469446951953614e-18
2019-04-04 14:09:50,-3.469446951953614e-18
2019-04-04 14:09:51,-3.469446951953614e-18
2019-04-04 14:09:52,-3.469446951953614e-18
2019-04-04 14:09:53,-3.469446951953614e-18
2019-04-04 14:09:54,-3.469446951953614e-18
2019-04-04 14:09:55,-3.469446951953614e-18
2019-04-04 14:09:56,-3.469446951953614e-18
2019-04-04 14:09:57,-3.469446951953614e-18
2019-04-04 14:09:58,-3.469446951953614e-18
2019-04-04 14:09:59,-3.469446951953614e-18
2019-04-04 14:10:00,-3.469446951953614e-18
2019-04-04 14:10:01,-3.469446951953614e-18
2019-04-04 14:10:02,-3.469446951953614e-18
2019-04-04 14:10:03,-3.469446951953614e-18
2019-04-04 14:10:04,-3.469446951953614e-18
2019-04-04 14:10:05,-3.469446951953614e-18
2019-04-04 14:10:06,-3.469446951953614e-18
2019-04-04 14:10:07,-3.469446951953614e-18
2019-04-04 14:10:08,-3.469446951953614e-18
2019-04-04 14:10:09,-3.469446951953614e-18
2019-04-04 14:10:10,-3.469446951953614e-18
2019-04-04 14:10:11,-3.469446951953614e-18
2019-04-04 14:10:12,-3.469446951953614e-18
2019-04-04 14:10:13,-3.469446951953614e-18
2019-04-04 14:10:14,-3.469446951953614e-18
2019-04-04 14:10:15,-3.469446951953614e-18
2019-04-04 14:10:16,-3.469446951953614e-18
2019-04-04 14:10:17,-3.469446951953614e-18
2019-04-04 14:10:18,-3.469446951953614e-18
2019-04-04 14:10:19,-3.469446951953614e-18
2019-04-04 14:10:20,-3.469446951953614e-18
2019-04-04 14:10:21,-3.469446951953614e-18
2019-04-04 14:10:22,-3.469446951953614e-18
2019-04-04 14:10:23,-3.469446951953614e-18
2019-04-04 14:10:24,-3.469446951953614e-18
2019-04-04 14:10:25,-3.469446951953614e-18
2019-04-04 14:10:26,-3.469446951953614e-18
2019-04-04 14:10:27,-3.469446951953614e-18
2019-04-04 14:10:28,-3.469446951953614e-18
2019-04-04 14:10:29,-3.469446951953614e-18
2019-04-04 14:10:30,-3.469446951953614e-18
2019-04-04 14:10:31,-3.469446951953614e-18
2019-04-04 14:10:32,-3.469446951953614e-18
2019-04-04 14:10:33,-3.469446951953614e-18
2019-04-04 14:10:34,-3.469446951953614e-18
2019-04-04 14:10:35,-3.469446951953614e-18
2019-04-04 14:10:36,-3.469446951953614e-18
2019-04-04 14:10:37,-3.469446951953614e-18
2019-04-04 14:10:38,-3.469446951953614e-18
2019-04-04 14:10:39,-3.469446951953614e-18
2019-04-04 14:10:40,-3.469446951953614e-18
2019-04-04 14:10:41,-3.469446951953614e-18
2019-04-04 14:10:42,-3.469446951953614e-18
2019-04-04 14:10:43,-3.469446951953614e-18
2019-04-04 14:10:44,-3.469446951953614e-18
2019-04-04 14:10:45,-3.469446951953614e-18
2019-04-04 14:10:46,-3.469446951953614e-18
2019-04-04 14:10:47,-3.469446951953614e-18
2019-04-04 14:10:48,-3.469446951953614e-18
2019-04-04 14:10:49,-3.469446951953614e-18
2019-04-04 14:10:50,-3.469446951953614e-18
2019-04-04 14:10:51,-3.469446951953614e-18
2019-04-04 14:10:52,-3.469446951953614e-18
2019-04-04 14:10:53,-3.469446951953614e-18
2019-04-04 14:10:54,-3.469446951953614e-18
2019-04-04 14:10:55,-3.469446951953614e-18
2019-04-04 14:10:56,-3.469446951953614e-18
2019-04-04 14:10:57,-3.469446951953614e-18
2019-04-04 14:10:58,-3.469446951953614e-18
2019-04-04 14:10:59,-3.469446951953614e-18
2019-04-04 14:11:00,-3.469446951953614e-18
2019-04-04 14:11:01,-3.469446951953614e-18
2019-04-04 14:11:02,-3.469446951953614e-18
2019-04-04 14:11:03,-3.469446951953614e-18
2019-04-04 14:11:04,-3.469446951953614e-18
2019-04-04 14:11:05,-3.469446951953614e-18
2019-04-04 14:11:06,-3.469446951953614e-18
2019-04-04 14:11:07,-3.469446951953614e-18
2019-04-04 14:11:08,-3.469446951953614e-18
2019-04-04 14:11:09,-3.469446951953614e-18
2019-04-04 14:11:10,-3.469446951953614e-18
2019-04-04 14:11:11,-3.469446951953614e-18
2019-04-04 14:11:12,-3.469446951953614e-18
2019-04-04 14:11:13,-3.469446951953614e-18
2019-04-04 14:11:14,-3.469446951953614e-18
2019-04-04 14:11:15,-3.469446951953614e-18
2019-04-04 14:11:16,-3.469446951953614e-18
2019-04-04 14:11:17,-3.469446951953614e-18
2019-04-04 14:11:18,-3.469446951953614e-18
2019-04-04 14:11:19,-3.469446951953614e-18
2019-04-04 14:11:20,-3.469446951953614e-18
2019-04-04 14:11:21,-3.469446951953614e-18
2019-04-04 14:11:22,-3.469446951953614e-18
2019-04-04 14:11:23,-3.469446951953614e-18
2019-04-04 14:11:24,-3.469446951953614e-18
2019-04-04 14:11:25,-3.469446951953614e-18
2019-04-04 14:11:26,-3.469446951953614e-18
2019-04-04 14:11:27,-3.469446951953614e-18
2019-04-04 14:11:28,-3.469446951953614e-18
2019-04-04 14:11:29,-3.469446951953614e-18
2019-04-04 14:11:30,-3.469446951953614e-18
2019-04-04 14:11:31,-3.469446951953614e-18
2019-04-04 14:11:32,-3.469446951953614e-18
2019-04-04 14:11:33,-3.469446951953614e-18
2019-04-04 14:11:34,-3.469446951953614e-18
2019-04-04 14:11:35,-3.469446951953614e-18
2019-04-04 14:11:36,-3.469446951953614e-18
2019-04-04 14:11:37,-3.469446951953614e-18
2019-04-04 14:11:38,-3.469446951953614e-18
2019-04-04 14:11:39,-3.469446951953614e-18
2019-04-04 14:11:40,-3.469446951953614e-18
2019-04-04 14:11:41,-3.469446951953614e-18
2019-04-04 14:11:42,-3.469446951953614e-18
2019-04-04 14:11:43,-3.469446951953614e-18
2019-04-04 14:11:44,-3.469446951953614e-18
2019-04-04 14:11:45,-3.469446951953614e-18
2019-04-04 14:11:46,-3.469446951953614e-18
2019-04-04 14:11:47,-3.469446951953614e-18
2019-04-04 14:11:48,-3.469446951953614e-18
2019-04-04 14:11:49,-3.469446951953614e-18
2019-04-04 14:11:50,-3.469446951953614e-18
2019-04-04 14:11:51,-3.469446951953614e-18
2019-04-04 14:11:52,-3.469446951953614e-18
2019-04-04 14:11:53,-3.469446951953614e-18
2019-04-04 14:11:54,-3.469446951953614e-18
2019-04-04 14:11:55,-3.469446951953614e-18
2019-04-04 14:11:56,-3.469446951953614e-18
2019-04-04 14:11:57,-3.469446951953614e-18
2019-04-04 14:11:58,-3.469446951953614e-18
2019-04-04 14:11:59,-3.469446951953614e-18
2019-04-04 14:12:00,-3.469446951953614e-18
2019-04-04 14:12:01,-3.469446951953614e-18
2019-04-04 14:12:02,-3.469446951953614e-18
2019-04-04 14:12:03,-3.469446951953614e-18
2019-04-04 14:12:04,-3.469446951953614e-18
2019-04-04 14:12:05,-3.469446951953614e-18
2019-04-04 14:12:06,-3.469446951953614e-18
2019-04-04 14:12:07,-3.469446951953614e-18
2019-04-04 14:12:08,-3.469446951953614e-18
2019-04-04 14:12:09,-3.469446951953614e-18
2019-04-04 14:12:10,-3.469446951953614e-18
2019-04-04 14:12:11,-3.469446951953614e-18
2019-04-04 14:12:12,-3.469446951953614e-18
2019-04-04 14:12:13,-3.469446951953614e-18
2019-04-04 14:12:14,-3.469446951953614e-18
2019-04-04 14:12:15,-3.469446951953614e-18
2019-04-04 14:12:16,-3.469446951953614e-18
2019-04-04 14:12:17,-3.469446951953614e-18
2019-04-04 14:12:18,-3.469446951953614e-18
2019-04-04 14:12:19,-3.469446951953614e-18
2019-04-04 14:12:20,-3.469446951953614e-18
2019-04-04 14:12:21,-3.469446951953614e-18
2019-04-04 14:12:22,-3.469446951953614e-18
2019-04-04 14:12:23,-3.469446951953614e-18
2019-04-04 14:12:24,-3.469446951953614e-18
2019-04-04 14:12:25,-3.469446951953614e-18
2019-04-04 14:12:26,-3.469446951953614e-18
2019-04-04 14:12:27,-3.469446951953614e-18
2019-04-04 14:12:28,-3.469446951953614e-18
2019-04-04 14:12:29,-3.469446951953614e-18
2019-04-04 14:12:30,-3.469446951953614e-18
2019-04-04 14:12:31,-3.469446951953614e-18
2019-04-04 14:12:32,-3.469446951953614e-18
2019-04-04 14:12:33,-3.469446951953614e-18
2019-04-04 14:12:34,-3.469446951953614e-18
2019-04-04 14:12:35,-3.469446951953614e-18
2019-04-04 14:12:36,-3.469446951953614e-18
2019-04-04 14:12:37,-3.469446951953614e-18
2019-04-04 14:12:38,-3.469446951953614e-18
2019-04-04 14:12:39,-3.469446951953614e-18
2019-04-04 14:12:40,-3.469446951953614e-18
2019-04-04 14:12:41,-3.469446951953614e-18
2019-04-04 14:12:42,-3.469446951953614e-18
2019-04-04 14:12:43,-3.469446951953614e-18
2019-04-04 14:12:44,-3.469446951953614e-18
2019-04-04 14:12:45,-3.469446951953614e-18
2019-04-04 14:12:46,-3.469446951953614e-18
2019-04-04 14:12:47,-3.469446951953614e-18
2019-04-04 14:12:48,-3.469446951953614e-18
2019-04-04 14:12:49,-3.469446951953614e-18
2019-04-04 14:12:50,-3.469446951953614e-18
2019-04-04 14:12:51,-3.469446951953614e-18
2019-04-04 14:12:52,-3.469446951953614e-18
2019-04-04 14:12:53,-3.469446951953614e-18
2019-04-04 14:12:54,-3.469446951953614e-18
2019-04-04 14:12:55,-3.469446951953614e-18
2019-04-04 14:12:56,-3.469446951953614e-18
2019-04-04 14:12:57,-3.469446951953614e-18
2019-04-04 14:12:58,-3.469446951953614e-18
2019-04-04 14:12:59,-3.469446951953614e-18
2019-04-04 14:13:00,-3.469446951953614e-18
2019-04-04 14:13:01,-3.469446951953614e-18
2019-04-04 14:13:02,-3.469446951953614e-18
2019-04-04 14:13:03,-3.469446951953614e-18
2019-04-04 14:13:04,-3.469446951953614e-18
2019-04-04 14:13:05,-3.469446951953614e-18
2019-04-04 14:13:06,-3.469446951953614e-18
2019-04-04 14:13:07,-3.469446951953614e-18
2019-04-04 14:13:08,-3.469446951953614e-18
2019-04-04 14:13:09,-3.469446951953614e-18
2019-04-04 14:13:10,-3.469446951953614e-18
2019-04-04 14:13:11,-3.469446951953614e-18
2019-04-04 14:13:12,-3.469446951953614e-18
2019-04-04 14:13:13,-3.469446951953614e-18
2019-04-04 14:13:14,-3.469446951953614e-18
2019-04-04 14:13:15,-3.469446951953614e-18
2019-04-04 14:13:16,-3.469446951953614e-18
2019-04-04 14:13:17,-3.469446951953614e-18
2019-04-04 14:13:18,-3.469446951953614e-18
2019-04-04 14:13:19,-3.469446951953614e-18
2019-04-04 14:13:20,-3.469446951953614e-18
2019-04-04 14:13:21,-3.469446951953614e-18
2019-04-04 14:13:22,-3.469446951953614e-18
2019-04-04 14:13:23,-3.469446951953614e-18
2019-04-04 14:13:24,-3.469446951953614e-18
2019-04-04 14:13:25,-3.469446951953614e-18
2019-04-04 14:13:26,-3.469446951953614e-18
2019-04-04 14:13:27,-3.469446951953614e-18
2019-04-04 14:13:28,-3.469446951953614e-18
2019-04-04 14:13:29,-3.469446951953614e-18
2019-04-04 14:13:30,-3.469446951953614e-18
2019-04-04 14:13:31,-3.469446951953614e-18
2019-04-04 14:13:32,-3.469446951953614e-18
2019-04-04 14:13:33,-3.469446951953614e-18
2019-04-04 14:13:34,-3.469446951953614e-18
2019-04-04 14:13:35,-3.469446951953614e-18
2019-04-04 14:13:36,-3.469446951953614e-18
2019-04-04 14:13:37,-3.469446951953614e-18
2019-04-04 14:13:38,-3.469446951953614e-18
2019-04-04 14:13:39,-3.469446951953614e-18
2019-04-04 14:13:40,-3.469446951953614e-18
2019-04-04 14:13:41,-3.469446951953614e-18
2019-04-04 14:13:42,-3.469446951953614e-18
2019-04-04 14:13:43,-3.469446951953614e-18
2019-04-04 14:13:44,-3.469446951953614e-18
2019-04-04 14:13:45,-3.469446951953614e-18
2019-04-04 14:13:46,-3.469446951953614e-18
2019-04-04 14:13:47,-3.469446951953614e-18
2019-04-04 14:13:48,-3.469446951953614e-18
2019-04-04 14:13:49,-3.469446951953614e-18
2019-04-04 14:13:50,-3.469446951953614e-18
2019-04-04 14:13:51,-3.469446951953614e-18
2019-04-04 14:13:52,-3.469446951953614e-18
2019-04-04 14:13:53,-3.469446951953614e-18
2019-04-04 14:13:54,-3.469446951953614e-18
2019-04-04 14:13:55,-3.469446951953614e-18
2019-04-04 14:13:56,-3.469446951953614e-18
2019-04-04 14:13:57,-3.469446951953614e-18
2019-04-04 14:13:58,-3.469446951953614e-18
2019-04-04 14:13:59,-3.469446951953614e-18
2019-04-04 14:14:00,-3.469446951953614e-18
2019-04-04 14:14:01,-3.469446951953614e-18
2019-04-04 14:14:02,-3.469446951953614e-18
2019-04-04 14:14:03,-3.469446951953614e-18
2019-04-04 14:14:04,-3.469446951953614e-18
2019-04-04 14:14:05,-3.469446951953614e-18
2019-04-04 14:14:06,-3.469446951953614e-18
2019-04-04 14:14:07,-3.469446951953614e-18
2019-04-04 14:14:08,-3.469446951953614e-18
2019-04-04 14:14:09,-3.469446951953614e-18
2019-04-04 14:14:10,-3.469446951953614e-18
2019-04-04 14:14:11,-3.469446951953614e-18
2019-04-04 14:14:12,-3.469446951953614e-18
2019-04-04 14:14:13,-3.469446951953614e-18
2019-04-04 14:14:14,-3.469446951953614e-18
2019-04-04 14:14:15,-3.469446951953614e-18
2019-04-04 14:14:16,-3.469446951953614e-18
2019-04-04 14:14:17,-3.469446951953614e-18
2019-04-04 14:14:18,-3.469446951953614e-18
2019-04-04 14:14:19,-3.469446951953614e-18
2019-04-04 14:14:20,-3.469446951953614e-18
2019-04-04 14:14:21,-3.469446951953614e-18
2019-04-04 14:14:22,-3.469446951953614e-18
2019-04-04 14:14:23,-3.469446951953614e-18
2019-04-04 14:14:24,-3.469446951953614e-18
2019-04-04 14:14:25,-3.469446951953614e-18
2019-04-04 14:14:26,-3.469446951953614e-18
2019-04-04 14:14:27,-3.469446951953614e-18
2019-04-04 14:14:28,-3.469446951953614e-18
2019-04-04 14:14:29,-3.469446951953614e-18
2019-04-04 14:14:30,-3.469446951953614e-18
2019-04-04 14:14:31,-3.469446951953614e-18
2019-04-04 14:14:32,-3.469446951953614e-18
2019-04-04 14:14:33,-3.469446951953614e-18
2019-04-04 14:14:34,-3.469446951953614e-18
2019-04-04 14:14:35,-3.469446951953614e-18
2019-04-04 14:14:36,-3.469446951953614e-18
2019-04-04 14:14:37,-3.469446951953614e-18
2019-04-04 14:14:38,-3.469446951953614e-18
2019-04-04 14:14:39,-3.469446951953614e-18
2019-04-04 14:14:40,-3.469446951953614e-18
2019-04-04 14:14:41,-3.469446951953614e-18
2019-04-04 14:14:42,-3.469446951953614e-18
2019-04-04 14:14:43,-3.469446951953614e-18
2019-04-04 14:14:44,-3.469446951953614e-18
2019-04-04 14:14:45,-3.469446951953614e-18
2019-04-04 14:14:46,-3.469446951953614e-18
2019-04-04 14:14:47,-3.469446951953614e-18
2019-04-04 14:14:48,-3.469446951953614e-18
2019-04-04 14:14:49,-3.469446951953614e-18
2019-04-04 14:14:50,-3.469446951953614e-18
2019-04-04 14:14:51,-3.469446951953614e-18
2019-04-04 14:14:52,-3.469446951953614e-18
2019-04-04 14:14:53,-3.469446951953614e-18
2019-04-04 14:14:54,-3.469446951953614e-18
2019-04-04 14:14:55,-3.469446951953614e-18
2019-04-04 14:14:56,-3.469446951953614e-18
2019-04-04 14:14:57,-3.469446951953614e-18
2019-04-04 14:14:58,-3.469446951953614e-18
2019-04-04 14:14:59,-3.469446951953614e-18
2019-04-04 14:15:00,-3.469446951953614e-18
2019-04-04 14:15:01,-3.469446951953614e-18
2019-04-04 14:15:02,-3.469446951953614e-18
2019-04-04 14:15:03,-3.469446951953614e-18
2019-04-04 14:15:04,-3.469446951953614e-18
2019-04-04 14:15:05,-3.469446951953614e-18
2019-04-04 14:15:06,-3.469446951953614e-18
2019-04-04 14:15:07,-3.469446951953614e-18
2019-04-04 14:15:08,-3.469446951953614e-18
2019-04-04 14:15:09,-3.469446951953614e-18
2019-04-04 14:15:10,-3.469446951953614e-18
2019-04-04 14:15:11,-3.469446951953614e-18
2019-04-04 14:15:12,-3.469446951953614e-18
2019-04-04 14:15:13,-3.469446951953614e-18
2019-04-04 14:15:14,-3.469446951953614e-18
2019-04-04 14:15:15,-3.469446951953614e-18
2019-04-04 14:15:16,-3.469446951953614e-18
2019-04-04 14:15:17,-3.469446951953614e-18
2019-04-04 14:15:18,-3.469446951953614e-18
2019-04-04 14:15:19,-3.469446951953614e-18
2019-04-04 14:15:20,-3.469446951953614e-18
2019-04-04 14:15:21,-3.469446951953614e-18
2019-04-04 14:15:22,-3.469446951953614e-18
2019-04-04 14:15:23,-3.469446951953614e-18
2019-04-04 14:15:24,-3.469446951953614e-18
2019-04-04 14:15:25,-3.469446951953614e-18
2019-04-04 14:15:26,-3.469446951953614e-18
2019-04-04 14:15:27,-3.469446951953614e-18
2019-04-04 14:15:28,-3.469446951953614e-18
2019-04-04 14:15:29,-3.469446951953614e-18
2019-04-04 14:15:30,-3.469446951953614e-18
2019-04-04 14:15:31,-3.469446951953614e-18
2019-04-04 14:15:32,-3.469446951953614e-18
2019-04-04 14:15:33,-3.469446951953614e-18
2019-04-04 14:15:34,-3.469446951953614e-18
2019-04-04 14:15:35,-3.469446951953614e-18
2019-04-04 14:15:36,-3.469446951953614e-18
2019-04-04 14:15:37,-3.469446951953614e-18
2019-04-04 14:15:38,-3.469446951953614e-18
2019-04-04 14:15:39,-3.469446951953614e-18
2019-04-04 14:15:40,-3.469446951953614e-18
2019-04-04 14:15:41,-3.469446951953614e-18
2019-04-04 14:15:42,-3.469446951953614e-18
2019-04-04 14:15:43,-3.469446951953614e-18
2019-04-04 14:15:44,-3.469446951953614e-18
2019-04-04 14:15:45,-3.469446951953614e-18
2019-04-04 14:15:46,-3.469446951953614e-18
2019-04-04 14:15:47,-3.469446951953614e-18
2019-04-04 14:15:48,-3.469446951953614e-18
2019-04-04 14:15:49,-3.469446951953614e-18
2019-04-04 14:15:50,-3.469446951953614e-18
2019-04-04 14:15:51,-3.469446951953614e-18
2019-04-04 14:15:52,-3.469446951953614e-18
2019-04-04 14:15:53,-3.469446951953614e-18
2019-04-04 14:15:54,-3.469446951953614e-18
2019-04-04 14:15:55,-3.469446951953614e-18
2019-04-04 14:15:56,-3.469446951953614e-18
2019-04-04 14:15:57,-3.469446951953614e-18
2019-04-04 14:15:58,-3.469446951953614e-18
2019-04-04 14:15:59,-3.469446951953614e-18
2019-04-04 14:16:00,-3.469446951953614e-18
2019-04-04 14:16:01,-3.469446951953614e-18
2019-04-04 14:16:02,-3.469446951953614e-18
2019-04-04 14:16:03,-3.469446951953614e-18
2019-04-04 14:16:04,-3.469446951953614e-18
2019-04-04 14:16:05,-3.469446951953614e-18
2019-04-04 14:16:06,-3.469446951953614e-18
2019-04-04 14:16:07,-3.469446951953614e-18
2019-04-04 14:16:08,-3.469446951953614e-18
2019-04-04 14:16:09,-3.469446951953614e-18
2019-04-04 14:16:10,-3.469446951953614e-18
2019-04-04 14:16:11,-3.469446951953614e-18
2019-04-04 14:16:12,-3.469446951953614e-18
2019-04-04 14:16:13,-3.469446951953614e-18
2019-04-04 14:16:14,-3.469446951953614e-18
2019-04-04 14:16:15,-3.469446951953614e-18
2019-04-04 14:16:16,-3.469446951953614e-18
2019-04-04 14:16:17,-3.469446951953614e-18
2019-04-04 14:16:18,-3.469446951953614e-18
2019-04-04 14:16:19,-3.469446951953614e-18
2019-04-04 14:16:20,-3.469446951953614e-18
2019-04-04 14:16:21,-3.469446951953614e-18
2019-04-04 14:16:22,-3.469446951953614e-18
2019-04-04 14:16:23,-3.469446951953614e-18
2019-04-04 14:16:24,-3.469446951953614e-18
2019-04-04 14:16:25,-3.469446951953614e-18
2019-04-04 14:16:26,-3.469446951953614e-18
2019-04-04 14:16:27,-3.469446951953614e-18
2019-04-04 14:16:28,-3.469446951953614e-18
2019-04-04 14:16:29,-3.469446951953614e-18
2019-04-04 14:16:30,-3.469446951953614e-18
2019-04-04 14:16:31,-3.469446951953614e-18
2019-04-04 14:16:32,-3.469446951953614e-18
2019-04-04 14:16:33,-3.469446951953614e-18
2019-04-04 14:16:34,-3.469446951953614e-18
2019-04-04 14:16:35,-3.469446951953614e-18
2019-04-04 14:16:36,-3.469446951953614e-18
2019-04-04 14:16:37,-3.469446951953614e-18
2019-04-04 14:16:38,-3.469446951953614e-18
2019-04-04 14:16:39,-3.469446951953614e-18
2019-04-04 14:16:40,-3.469446951953614e-18
2019-04-04 14:16:41,-3.469446951953614e-18
2019-04-04 14:16:42,-3.469446951953614e-18
2019-04-04 14:16:43,-3.469446951953614e-18
2019-04-04 14:16:44,-3.469446951953614e-18
2019-04-04 14:16:45,-3.469446951953614e-18
2019-04-04 14:16:46,-3.469446951953614e-18
2019-04-04 14:16:47,-3.469446951953614e-18
2019-04-04 14:16:48,-3.469446951953614e-18
2019-04-04 14:16:49,-3.469446951953614e-18
2019-04-04 14:16:50,-3.469446951953614e-18
2019-04-04 14:16:51,-3.469446951953614e-18
2019-04-04 14:16:52,-3.469446951953614e-18
2019-04-04 14:16:53,-3.469446951953614e-18
2019-04-04 14:16:54,-3.469446951953614e-18
2019-04-04 14:16:55,-3.469446951953614e-18
2019-04-04 14:16:56,-3.469446951953614e-18
2019-04-04 14:16:57,-3.469446951953614e-18
2019-04-04 14:16:58,-0.00011320754716649326
2019-04-04 14:16:59,-0.00011320754716720449
2019-04-04 14:17:00,-0.00011320754716791573
2019-04-04 14:17:01,-0.00011320754716862523
2019-04-04 14:17:02,-0.00011320754716933647
2019-04-04 14:17:03,-3.469446951953614e-18
2019-04-04 14:17:04,-3.469446951953614e-18
2019-04-04 14:17:05,-3.469446951953614e-18
2019-04-04 14:17:06,-3.469446951953614e-18
2019-04-04 14:17:07,-3.469446951953614e-18
2019-04-04 14:17:08,-3.469446951953614e-18
2019-04-04 14:17:09,-3.469446951953614e-18
2019-04-04 14:17:10,-3.469446951953614e-18
2019-04-04 14:17:11,-3.469446951953614e-18
2019-04-04 14:17:12,-3.469446951953614e-18
2019-04-04 14:17:13,-3.469446951953614e-18
2019-04-04 14:17:14,-3.469446951953614e-18
2019-04-04 14:17:15,-3.469446951953614e-18
2019-04-04 14:17:16,-3.469446951953614e-18
2019-04-04 14:17:17,-3.469446951953614e-18
2019-04-04 14:17:18,-3.469446951953614e-18
2019-04-04 14:17:19,-3.469446951953614e-18
2019-04-04 14:17:20,-3.469446951953614e-18
2019-04-04 14:17:21,-3.469446951953614e-18
2019-04-04 14:17:22,-3.469446951953614e-18
2019-04-04 14:17:23,-3.469446951953614e-18
2019-04-04 14:17:24,-3.469446951953614e-18
2019-04-04 14:17:25,-3.469446951953614e-18
2019-04-04 14:17:26,-3.469446951953614e-18
2019-04-04 14:17:27,-3.469446951953614e-18
2019-04-04 14:17:28,-3.469446951953614e-18
2019-04-04 14:17:29,-3.469446951953614e-18
2019-04-04 14:17:30,-3.469446951953614e-18
2019-04-04 14:17:31,-3.469446951953614e-18
2019-04-04 14:17:32,-3.469446951953614e-18
2019-04-04 14:17:33,-3.469446951953614e-18
2019-04-04 14:17:34,-3.469446951953614e-18
2019-04-04 14:17:35,-3.469446951953614e-18
2019-04-04 14:17:36,-3.469446951953614e-18
2019-04-04 14:17:37,-3.469446951953614e-18
2019-04-04 14:17:38,-3.469446951953614e-18
2019-04-04 14:17:39,-3.469446951953614e-18
2019-04-04 14:17:40,-3.469446951953614e-18
2019-04-04 14:17:41,-3.469446951953614e-18
2019-04-04 14:17:42,-3.469446951953614e-18
2019-04-04 14:17:43,-3.469446951953614e-18
2019-04-04 14:17:44,-3.469446951953614e-18
2019-04-04 14:17:45,-3.469446951953614e-18
2019-04-04 14:17:46,-3.469446951953614e-18
2019-04-04 14:17:47,-3.469446951953614e-18
2019-04-04 14:17:48,-3.469446951953614e-18
2019-04-04 14:17:49,-3.469446951953614e-18
2019-04-04 14:17:50,-3.469446951953614e-18
2019-04-04 14:17:51,-3.469446951953614e-18
2019-04-04 14:17:52,-3.469446951953614e-18
2019-04-04 14:17:53,-3.469446951953614e-18
2019-04-04 14:17:54,-3.469446951953614e-18
2019-04-04 14:17:55,-3.469446951953614e-18
2019-04-04 14:17:56,-3.469446951953614e-18
2019-04-04 14:17:57,-3.469446951953614e-18
2019-04-04 14:17:58,-3.469446951953614e-18
2019-04-04 14:17:59,-3.469446951953614e-18
2019-04-04 14:18:00,-3.469446951953614e-18
2019-04-04 14:18:01,-3.469446951953614e-18
2019-04-04 14:18:02,-3.469446951953614e-18
2019-04-04 14:18:03,-3.469446951953614e-18
2019-04-04 14:18:04,-3.469446951953614e-18
2019-04-04 14:18:05,-3.469446951953614e-18
2019-04-04 14:18:06,-3.469446951953614e-18
2019-04-04 14:18:07,-3.469446951953614e-18
2019-04-04 14:18:08,-3.469446951953614e-18
2019-04-04 14:18:09,-3.469446951953614e-18
2019-04-04 14:18:10,-3.469446951953614e-18
2019-04-04 14:18:11,-3.469446951953614e-18
2019-04-04 14:18:12,-3.469446951953614e-18
2019-04-04 14:18:13,-3.469446951953614e-18
2019-04-04 14:18:14,-3.469446951953614e-18
2019-04-04 14:18:15,-3.469446951953614e-18
2019-04-04 14:18:16,-3.469446951953614e-18
2019-04-04 14:18:17,-3.469446951953614e-18
2019-04-04 14:18:18,-3.469446951953614e-18
2019-04-04 14:18:19,-3.469446951953614e-18
2019-04-04 14:18:20,-3.469446951953614e-18
2019-04-04 14:18:21,-3.469446951953614e-18
2019-04-04 14:18:22,-3.469446951953614e-18
2019-04-04 14:18:23,-3.469446951953614e-18
2019-04-04 14:18:24,-3.469446951953614e-18
2019-04-04 14:18:25,-3.469446951953614e-18
2019-04-04 14:18:26,-3.469446951953614e-18
2019-04-04 14:18:27,-3.469446951953614e-18
2019-04-04 14:18:28,-3.469446951953614e-18
2019-04-04 14:18:29,-3.469446951953614e-18
2019-04-04 14:18:30,-3.469446951953614e-18
2019-04-04 14:18:31,-3.469446951953614e-18
2019-04-04 14:18:32,-3.469446951953614e-18
2019-04-04 14:18:33,-3.469446951953614e-18
2019-04-04 14:18:34,-3.469446951953614e-18
2019-04-04 14:18:35,-3.469446951953614e-18
2019-04-04 14:18:36,-3.469446951953614e-18
2019-04-04 14:18:37,-3.469446951953614e-18
2019-04-04 14:18:38,-3.469446951953614e-18
2019-04-04 14:18:39,-3.469446951953614e-18
2019-04-04 14:18:40,-3.469446951953614e-18
2019-04-04 14:18:41,-3.469446951953614e-18
2019-04-04 14:18:42,-3.469446951953614e-18
2019-04-04 14:18:43,-3.469446951953614e-18
2019-04-04 14:18:44,-3.469446951953614e-18
2019-04-04 14:18:45,-3.469446951953614e-18
2019-04-04 14:18:46,-3.469446951953614e-18
2019-04-04 14:18:47,-3.469446951953614e-18
2019-04-04 14:18:48,-3.469446951953614e-18
2019-04-04 14:18:49,-3.469446951953614e-18
2019-04-04 14:18:50,-3.469446951953614e-18
2019-04-04 14:18:51,-3.469446951953614e-18
2019-04-04 14:18:52,-3.469446951953614e-18
2019-04-04 14:18:53,-3.469446951953614e-18
2019-04-04 14:18:54,-3.469446951953614e-18
2019-04-04 14:18:55,-3.469446951953614e-18
2019-04-04 14:18:56,-3.469446951953614e-18
2019-04-04 14:18:57,-3.469446951953614e-18
2019-04-04 14:18:58,-3.469446951953614e-18
2019-04-04 14:18:59,-3.469446951953614e-18
2019-04-04 14:19:00,-3.469446951953614e-18
2019-04-04 14:19:01,-3.469446951953614e-18
2019-04-04 14:19:02,-3.469446951953614e-18
2019-04-04 14:19:03,-3.469446951953614e-18
2019-04-04 14:19:04,-3.469446951953614e-18
2019-04-04 14:19:05,-3.469446951953614e-18
2019-04-04 14:19:06,-3.469446951953614e-18
2019-04-04 14:19:07,-3.469446951953614e-18
2019-04-04 14:19:08,-3.469446951953614e-18
2019-04-04 14:19:09,-3.469446951953614e-18
2019-04-04 14:19:10,-3.469446951953614e-18
2019-04-04 14:19:11,-3.469446951953614e-18
2019-04-04 14:19:12,-3.469446951953614e-18
2019-04-04 14:19:13,-3.469446951953614e-18
2019-04-04 14:19:14,-3.469446951953614e-18
2019-04-04 14:19:15,-3.469446951953614e-18
2019-04-04 14:19:16,-3.469446951953614e-18
2019-04-04 14:19:17,-3.469446951953614e-18
2019-04-04 14:19:18,-3.469446951953614e-18
2019-04-04 14:19:19,-3.469446951953614e-18
2019-04-04 14:19:20,-3.469446951953614e-18
2019-04-04 14:19:21,-3.469446951953614e-18
2019-04-04 14:19:22,-3.469446951953614e-18
2019-04-04 14:19:23,-3.469446951953614e-18
2019-04-04 14:19:24,-3.469446951953614e-18
2019-04-04 14:19:25,-3.469446951953614e-18
2019-04-04 14:19:26,-3.469446951953614e-18
2019-04-04 14:19:27,-3.469446951953614e-18
2019-04-04 14:19:28,-3.469446951953614e-18
2019-04-04 14:19:29,-3.469446951953614e-18
2019-04-04 14:19:30,-3.469446951953614e-18
2019-04-04 14:19:31,-3.469446951953614e-18
2019-04-04 14:19:32,-3.469446951953614e-18
2019-04-04 14:19:33,-3.469446951953614e-18
2019-04-04 14:19:34,-3.469446951953614e-18
2019-04-04 14:19:35,-3.469446951953614e-18
2019-04-04 14:19:36,-3.469446951953614e-18
2019-04-04 14:19:37,-3.469446951953614e-18
2019-04-04 14:19:38,-3.469446951953614e-18
2019-04-04 14:19:39,-3.469446951953614e-18
2019-04-04 14:19:40,-3.469446951953614e-18
2019-04-04 14:19:41,-3.469446951953614e-18
2019-04-04 14:19:42,-3.469446951953614e-18
2019-04-04 14:19:43,-3.469446951953614e-18
2019-04-04 14:19:44,-3.469446951953614e-18
2019-04-04 14:19:45,-3.469446951953614e-18
2019-04-04 14:19:46,-3.469446951953614e-18
2019-04-04 14:19:47,-3.469446951953614e-18
2019-04-04 14:19:48,-3.469446951953614e-18
2019-04-04 14:19:49,-3.469446951953614e-18
2019-04-04 14:19:50,-3.469446951953614e-18
2019-04-04 14:19:51,-3.469446951953614e-18
2019-04-04 14:19:52,-3.469446951953614e-18
2019-04-04 14:19:53,-3.469446951953614e-18
2019-04-04 14:19:54,-3.469446951953614e-18
2019-04-04 14:19:55,-3.469446951953614e-18
2019-04-04 14:19:56,-3.469446951953614e-18
2019-04-04 14:19:57,-3.469446951953614e-18
2019-04-04 14:19:58,-3.469446951953614e-18
2019-04-04 14:19:59,-3.469446951953614e-18
2019-04-04 14:20:00,-3.469446951953614e-18
2019-04-04 14:20:01,-3.469446951953614e-18
2019-04-04 14:20:02,-3.469446951953614e-18
2019-04-04 14:20:03,-3.469446951953614e-18
2019-04-04 14:20:04,-3.469446951953614e-18
2019-04-04 14:20:05,-3.469446951953614e-18
2019-04-04 14:20:06,-3.469446951953614e-18
2019-04-04 14:20:07,-3.469446951953614e-18
2019-04-04 14:20:08,-3.469446951953614e-18
2019-04-04 14:20:09,-3.469446951953614e-18
2019-04-04 14:20:10,-3.469446951953614e-18
2019-04-04 14:20:11,-3.469446951953614e-18
2019-04-04 14:20:12,-3.469446951953614e-18
2019-04-04 14:20:13,-3.469446951953614e-18
2019-04-04 14:20:14,-3.469446951953614e-18
2019-04-04 14:20:15,-3.469446951953614e-18
2019-04-04 14:20:16,-3.469446951953614e-18
2019-04-04 14:20:17,-3.469446951953614e-18
2019-04-04 14:20:18,-3.469446951953614e-18
2019-04-04 14:20:19,-3.469446951953614e-18
2019-04-04 14:20:20,-3.469446951953614e-18
2019-04-04 14:20:21,-3.469446951953614e-18
2019-04-04 14:20:22,-3.469446951953614e-18
2019-04-04 14:20:23,-3.469446951953614e-18
2019-04-04 14:20:24,-3.469446951953614e-18
2019-04-04 14:20:25,-3.469446951953614e-18
2019-04-04 14:20:26,-3.469446951953614e-18
2019-04-04 14:20:27,-3.469446951953614e-18
2019-04-04 14:20:28,-3.469446951953614e-18
2019-04-04 14:20:29,-3.469446951953614e-18
2019-04-04 14:20:30,-3.469446951953614e-18
2019-04-04 14:20:31,-3.469446951953614e-18
2019-04-04 14:20:32,-3.469446951953614e-18
2019-04-04 14:20:33,-3.469446951953614e-18
2019-04-04 14:20:34,-3.469446951953614e-18
2019-04-04 14:20:35,-3.469446951953614e-18
2019-04-04 14:20:36,-3.469446951953614e-18
2019-04-04 14:20:37,-3.469446951953614e-18
2019-04-04 14:20:38,-3.469446951953614e-18
2019-04-04 14:20:39,-3.469446951953614e-18
2019-04-04 14:20:40,-3.469446951953614e-18
2019-04-04 14:20:41,-3.469446951953614e-18
2019-04-04 14:20:42,-3.469446951953614e-18
2019-04-04 14:20:43,-3.469446951953614e-18
2019-04-04 14:20:44,-3.469446951953614e-18
2019-04-04 14:20:45,-3.469446951953614e-18
2019-04-04 14:20:46,-3.469446951953614e-18
2019-04-04 14:20:47,-3.469446951953614e-18
2019-04-04 14:20:48,-3.469446951953614e-18
2019-04-04 14:20:49,-3.469446951953614e-18
2019-04-04 14:20:50,-3.469446951953614e-18
2019-04-04 14:20:51,-3.469446951953614e-18
2019-04-04 14:20:52,-3.469446951953614e-18
2019-04-04 14:20:53,-3.469446951953614e-18
2019-04-04 14:20:54,-3.469446951953614e-18
2019-04-04 14:20:55,-3.469446951953614e-18
2019-04-04 14:20:56,-3.469446951953614e-18
2019-04-04 14:20:57,-3.469446951953614e-18
2019-04-04 14:20:58,-3.469446951953614e-18
2019-04-04 14:20:59,-3.469446951953614e-18
2019-04-04 14:21:00,-3.469446951953614e-18
2019-04-04 14:21:01,-3.469446951953614e-18
2019-04-04 14:21:02,-3.469446951953614e-18
2019-04-04 14:21:03,-3.469446951953614e-18
2019-04-04 14:21:04,-3.469446951953614e-18
2019-04-04 14:21:05,-3.469446951953614e-18
2019-04-04 14:21:06,-3.469446951953614e-18
2019-04-04 14:21:07,-3.469446951953614e-18
2019-04-04 14:21:08,-3.469446951953614e-18
2019-04-04 14:21:09,-3.469446951953614e-18
2019-04-04 14:21:10,-3.469446951953614e-18
2019-04-04 14:21:11,-3.469446951953614e-18
2019-04-04 14:21:12,-3.469446951953614e-18
2019-04-04 14:21:13,-3.469446951953614e-18
2019-04-04 14:21:14,-3.469446951953614e-18
2019-04-04 14:21:15,-3.469446951953614e-18
2019-04-04 14:21:16,-3.469446951953614e-18
2019-04-04 14:21:17,-3.469446951953614e-18
2019-04-04 14:21:18,-3.469446951953614e-18
2019-04-04 14:21:19,-3.469446951953614e-18
2019-04-04 14:21:20,-3.469446951953614e-18
2019-04-04 14:21:21,-3.469446951953614e-18
2019-04-04 14:21:22,-3.469446951953614e-18
2019-04-04 14:21:23,-3.469446951953614e-18
2019-04-04 14:21:24,-3.469446951953614e-18
2019-04-04 14:21:25,-3.469446951953614e-18
2019-04-04 14:21:26,-3.469446951953614e-18
2019-04-04 14:21:27,-3.469446951953614e-18
2019-04-04 14:21:28,-3.469446951953614e-18
2019-04-04 14:21:29,-3.469446951953614e-18
2019-04-04 14:21:30,-3.469446951953614e-18
2019-04-04 14:21:31,-3.469446951953614e-18
2019-04-04 14:21:32,-3.469446951953614e-18
2019-04-04 14:21:33,-3.469446951953614e-18
2019-04-04 14:21:34,-3.469446951953614e-18
2019-04-04 14:21:35,-3.469446951953614e-18
2019-04-04 14:21:36,-3.469446951953614e-18
2019-04-04 14:21:37,-3.469446951953614e-18
2019-04-04 14:21:38,-3.469446951953614e-18
2019-04-04 14:21:39,-3.469446951953614e-18
2019-04-04 14:21:40,-3.469446951953614e-18
2019-04-04 14:21:41,-3.469446951953614e-18
2019-04-04 14:21:42,-3.469446951953614e-18
2019-04-04 14:21:43,-3.469446951953614e-18
2019-04-04 14:21:44,-3.469446951953614e-18
2019-04-04 14:21:45,-3.469446951953614e-18
2019-04-04 14:21:46,-3.469446951953614e-18
2019-04-04 14:21:47,-3.469446951953614e-18
2019-04-04 14:21:48,-3.469446951953614e-18
2019-04-04 14:21:49,-3.469446951953614e-18
2019-04-04 14:21:50,-3.469446951953614e-18
2019-04-04 14:21:51,-3.469446951953614e-18
2019-04-04 14:21:52,-3.469446951953614e-18
2019-04-04 14:21:53,-3.469446951953614e-18
2019-04-04 14:21:54,-3.469446951953614e-18
2019-04-04 14:21:55,-3.469446951953614e-18
2019-04-04 14:21:56,-3.469446951953614e-18
2019-04-04 14:21:57,-3.469446951953614e-18
2019-04-04 14:21:58,-3.469446951953614e-18
2019-04-04 14:21:59,-3.469446951953614e-18
2019-04-04 14:22:00,-3.469446951953614e-18
2019-04-04 14:22:01,-3.469446951953614e-18
2019-04-04 14:22:02,-3.469446951953614e-18
2019-04-04 14:22:03,-3.469446951953614e-18
2019-04-04 14:22:04,-3.469446951953614e-18
2019-04-04 14:22:05,-3.469446951953614e-18
2019-04-04 14:22:06,-3.469446951953614e-18
2019-04-04 14:22:07,-3.469446951953614e-18
2019-04-04 14:22:08,-3.469446951953614e-18
2019-04-04 14:22:09,-3.469446951953614e-18
2019-04-04 14:22:10,-3.469446951953614e-18
2019-04-04 14:22:11,-3.469446951953614e-18
2019-04-04 14:22:12,-3.469446951953614e-18
2019-04-04 14:22:13,-3.469446951953614e-18
2019-04-04 14:22:14,-3.469446951953614e-18
2019-04-04 14:22:15,-3.469446951953614e-18
2019-04-04 14:22:16,-3.469446951953614e-18
2019-04-04 14:22:17,-3.469446951953614e-18
2019-04-04 14:22:18,-3.469446951953614e-18
2019-04-04 14:22:19,-3.469446951953614e-18
2019-04-04 14:22:20,-3.469446951953614e-18
2019-04-04 14:22:21,-3.469446951953614e-18
2019-04-04 14:22:22,-3.469446951953614e-18
2019-04-04 14:22:23,-3.469446951953614e-18
2019-04-04 14:22:24,-3.469446951953614e-18
2019-04-04 14:22:25,-3.469446951953614e-18
2019-04-04 14:22:26,-3.469446951953614e-18
2019-04-04 14:22:27,-3.469446951953614e-18
2019-04-04 14:22:28,-3.469446951953614e-18
2019-04-04 14:22:29,-3.469446951953614e-18
2019-04-04 14:22:30,-3.469446951953614e-18
2019-04-04 14:22:31,-3.469446951953614e-18
2019-04-04 14:22:32,-3.469446951953614e-18
2019-04-04 14:22:33,-3.469446951953614e-18
2019-04-04 14:22:34,-3.469446951953614e-18
2019-04-04 14:22:35,-3.469446951953614e-18
2019-04-04 14:22:36,-3.469446951953614e-18
2019-04-04 14:22:37,-3.469446951953614e-18
2019-04-04 14:22:38,-3.469446951953614e-18
2019-04-04 14:22:39,-3.469446951953614e-18
2019-04-04 14:22:40,-3.469446951953614e-18
2019-04-04 14:22:41,-3.469446951953614e-18
2019-04-04 14:22:42,-3.469446951953614e-18
2019-04-04 14:22:43,-3.469446951953614e-18
2019-04-04 14:22:44,-3.469446951953614e-18
2019-04-04 14:22:45,-3.469446951953614e-18
2019-04-04 14:22:46,-3.469446951953614e-18
2019-04-04 14:22:47,-3.469446951953614e-18
2019-04-04 14:22:48,-3.469446951953614e-18
2019-04-04 14:22:49,-3.469446951953614e-18
2019-04-04 14:22:50,-3.469446951953614e-18
2019-04-04 14:22:51,-3.469446951953614e-18
2019-04-04 14:22:52,-3.469446951953614e-18
2019-04-04 14:22:53,-3.469446951953614e-18
2019-04-04 14:22:54,-3.469446951953614e-18
2019-04-04 14:22:55,-3.469446951953614e-18
2019-04-04 14:22:56,-3.469446951953614e-18
2019-04-04 14:22:57,-3.469446951953614e-18
2019-04-04 14:22:58,-3.469446951953614e-18
2019-04-04 14:22:59,-3.469446951953614e-18
2019-04-04 14:23:00,-3.469446951953614e-18
2019-04-04 14:23:01,-3.469446951953614e-18
2019-04-04 14:23:02,-3.469446951953614e-18
2019-04-04 14:23:03,-3.469446951953614e-18
2019-04-04 14:23:04,-3.469446951953614e-18
2019-04-04 14:23:05,-3.469446951953614e-18
2019-04-04 14:23:06,-3.469446951953614e-18
2019-04-04 14:23:07,-3.469446951953614e-18
2019-04-04 14:23:08,-3.469446951953614e-18
2019-04-04 14:23:09,-3.469446951953614e-18
2019-04-04 14:23:10,-3.469446951953614e-18
2019-04-04 14:23:11,-3.469446951953614e-18
2019-04-04 14:23:12,-3.469446951953614e-18
2019-04-04 14:23:13,-3.469446951953614e-18
2019-04-04 14:23:14,-3.469446951953614e-18
2019-04-04 14:23:15,-3.469446951953614e-18
2019-04-04 14:23:16,-3.469446951953614e-18
2019-04-04 14:23:17,-3.469446951953614e-18
2019-04-04 14:23:18,-3.469446951953614e-18
2019-04-04 14:23:19,-3.469446951953614e-18
2019-04-04 14:23:20,-3.469446951953614e-18
2019-04-04 14:23:21,-3.469446951953614e-18
2019-04-04 14:23:22,-3.469446951953614e-18
2019-04-04 14:23:23,-3.469446951953614e-18
2019-04-04 14:23:24,-3.469446951953614e-18
2019-04-04 14:23:25,-3.469446951953614e-18
2019-04-04 14:23:26,-3.469446951953614e-18
2019-04-04 14:23:27,-3.469446951953614e-18
2019-04-04 14:23:28,-3.469446951953614e-18
2019-04-04 14:23:29,-3.469446951953614e-18
2019-04-04 14:23:30,-3.469446951953614e-18
2019-04-04 14:23:31,-3.469446951953614e-18
2019-04-04 14:23:32,-3.469446951953614e-18
2019-04-04 14:23:33,-3.469446951953614e-18
2019-04-04 14:23:34,-3.469446951953614e-18
2019-04-04 14:23:35,-3.469446951953614e-18
2019-04-04 14:23:36,-3.469446951953614e-18
2019-04-04 14:23:37,-3.469446951953614e-18
2019-04-04 14:23:38,-3.469446951953614e-18
2019-04-04 14:23:39,-3.469446951953614e-18
2019-04-04 14:23:40,-3.469446951953614e-18
2019-04-04 14:23:41,-3.469446951953614e-18
2019-04-04 14:23:42,-3.469446951953614e-18
2019-04-04 14:23:43,-3.469446951953614e-18
2019-04-04 14:23:44,-3.469446951953614e-18
2019-04-04 14:23:45,-3.469446951953614e-18
2019-04-04 14:23:46,-3.469446951953614e-18
2019-04-04 14:23:47,-3.469446951953614e-18
2019-04-04 14:23:48,-3.469446951953614e-18
2019-04-04 14:23:49,-3.469446951953614e-18
2019-04-04 14:23:50,-3.469446951953614e-18
2019-04-04 14:23:51,-3.469446951953614e-18
2019-04-04 14:23:52,-3.469446951953614e-18
2019-04-04 14:23:53,-3.469446951953614e-18
2019-04-04 14:23:54,-3.469446951953614e-18
2019-04-04 14:23:55,-3.469446951953614e-18
2019-04-04 14:23:56,-3.469446951953614e-18
2019-04-04 14:23:57,-3.469446951953614e-18
2019-04-04 14:23:58,-3.469446951953614e-18
2019-04-04 14:23:59,-3.469446951953614e-18
2019-04-04 14:24:00,-3.469446951953614e-18
2019-04-04 14:24:01,-3.469446951953614e-18
2019-04-04 14:24:02,-3.469446951953614e-18
2019-04-04 14:24:03,-3.469446951953614e-18
2019-04-04 14:24:04,-3.469446951953614e-18
2019-04-04 14:24:05,-3.469446951953614e-18
2019-04-04 14:24:06,-3.469446951953614e-18
2019-04-04 14:24:07,-3.469446951953614e-18
2019-04-04 14:24:08,-3.469446951953614e-18
2019-04-04 14:24:09,-3.469446951953614e-18
2019-04-04 14:24:10,-3.469446951953614e-18
2019-04-04 14:24:11,-3.469446951953614e-18
2019-04-04 14:24:12,-3.469446951953614e-18
2019-04-04 14:24:13,-3.469446951953614e-18
2019-04-04 14:24:14,-3.469446951953614e-18
2019-04-04 14:24:15,-3.469446951953614e-18
2019-04-04 14:24:16,-3.469446951953614e-18
2019-04-04 14:24:17,-3.469446951953614e-18
2019-04-04 14:24:18,-3.469446951953614e-18
2019-04-04 14:24:19,-3.469446951953614e-18
2019-04-04 14:24:20,-3.469446951953614e-18
2019-04-04 14:24:21,-3.469446951953614e-18
2019-04-04 14:24:22,-3.469446951953614e-18
2019-04-04 14:24:23,-3.469446951953614e-18
2019-04-04 14:24:24,-3.469446951953614e-18
2019-04-04 14:24:25,-3.469446951953614e-18
2019-04-04 14:24:26,-3.469446951953614e-18
2019-04-04 14:24:27,-3.469446951953614e-18
2019-04-04 14:24:28,-3.469446951953614e-18
2019-04-04 14:24:29,-3.469446951953614e-18
2019-04-04 14:24:30,-3.469446951953614e-18
2019-04-04 14:24:31,-3.469446951953614e-18
2019-04-04 14:24:32,-3.469446951953614e-18
2019-04-04 14:24:33,-3.469446951953614e-18
2019-04-04 14:24:34,-3.469446951953614e-18
2019-04-04 14:24:35,-3.469446951953614e-18
2019-04-04 14:24:36,-3.469446951953614e-18
2019-04-04 14:24:37,-3.469446951953614e-18
2019-04-04 14:24:38,-3.469446951953614e-18
2019-04-04 14:24:39,-3.469446951953614e-18
2019-04-04 14:24:40,-3.469446951953614e-18
2019-04-04 14:24:41,-3.469446951953614e-18
2019-04-04 14:24:42,-3.469446951953614e-18
2019-04-04 14:24:43,-3.469446951953614e-18
2019-04-04 14:24:44,-3.469446951953614e-18
2019-04-04 14:24:45,-3.469446951953614e-18
2019-04-04 14:24:46,-3.469446951953614e-18
2019-04-04 14:24:47,-3.469446951953614e-18
2019-04-04 14:24:48,-3.469446951953614e-18
2019-04-04 14:24:49,-3.469446951953614e-18
2019-04-04 14:24:50,-3.469446951953614e-18
2019-04-04 14:24:51,-3.469446951953614e-18
2019-04-04 14:24:52,-3.469446951953614e-18
2019-04-04 14:24:53,-3.469446951953614e-18
2019-04-04 14:24:54,-3.469446951953614e-18
2019-04-04 14:24:55,-3.469446951953614e-18
2019-04-04 14:24:56,-3.469446951953614e-18
2019-04-04 14:24:57,-3.469446951953614e-18
2019-04-04 14:24:58,-3.469446951953614e-18
2019-04-04 14:24:59,-3.469446951953614e-18
2019-04-04 14:25:00,-3.469446951953614e-18
2019-04-04 14:25:01,-3.469446951953614e-18
2019-04-04 14:25:02,-3.469446951953614e-18
2019-04-04 14:25:03,-3.469446951953614e-18
2019-04-04 14:25:04,-3.469446951953614e-18
2019-04-04 14:25:05,-3.469446951953614e-18
2019-04-04 14:25:06,-3.469446951953614e-18
2019-04-04 14:25:07,-3.469446951953614e-18
2019-04-04 14:25:08,-3.469446951953614e-18
2019-04-04 14:25:09,-3.469446951953614e-18
2019-04-04 14:25:10,-3.469446951953614e-18
2019-04-04 14:25:11,-3.469446951953614e-18
2019-04-04 14:25:12,-3.469446951953614e-18
2019-04-04 14:25:13,-3.469446951953614e-18
2019-04-04 14:25:14,-3.469446951953614e-18
2019-04-04 14:25:15,-3.469446951953614e-18
2019-04-04 14:25:16,-3.469446951953614e-18
2019-04-04 14:25:17,-3.469446951953614e-18
2019-04-04 14:25:18,-3.469446951953614e-18
2019-04-04 14:25:19,-3.469446951953614e-18
2019-04-04 14:25:20,-3.469446951953614e-18
2019-04-04 14:25:21,-3.469446951953614e-18
2019-04-04 14:25:22,-3.469446951953614e-18
2019-04-04 14:25:23,-3.469446951953614e-18
2019-04-04 14:25:24,-3.469446951953614e-18
2019-04-04 14:25:25,-3.469446951953614e-18
2019-04-04 14:25:26,-3.469446951953614e-18
2019-04-04 14:25:27,-3.469446951953614e-18
2019-04-04 14:25:28,-3.469446951953614e-18
2019-04-04 14:25:29,-3.469446951953614e-18
2019-04-04 14:25:30,-3.469446951953614e-18
2019-04-04 14:25:31,-3.469446951953614e-18
2019-04-04 14:25:32,-3.469446951953614e-18
2019-04-04 14:25:33,-3.469446951953614e-18
2019-04-04 14:25:34,-3.469446951953614e-18
2019-04-04 14:25:35,-3.469446951953614e-18
2019-04-04 14:25:36,-3.469446951953614e-18
2019-04-04 14:25:37,-3.469446951953614e-18
2019-04-04 14:25:38,-3.469446951953614e-18
2019-04-04 14:25:39,-3.469446951953614e-18
2019-04-04 14:25:40,-3.469446951953614e-18
2019-04-04 14:25:41,-3.469446951953614e-18
2019-04-04 14:25:42,-3.469446951953614e-18
2019-04-04 14:25:43,-3.469446951953614e-18
2019-04-04 14:25:44,-3.469446951953614e-18
2019-04-04 14:25:45,-3.469446951953614e-18
2019-04-04 14:25:46,-3.469446951953614e-18
2019-04-04 14:25:47,-3.469446951953614e-18
2019-04-04 14:25:48,-3.469446951953614e-18
2019-04-04 14:25:49,-3.469446951953614e-18
2019-04-04 14:25:50,-3.469446951953614e-18
2019-04-04 14:25:51,-3.469446951953614e-18
2019-04-04 14:25:52,-3.469446951953614e-18
2019-04-04 14:25:53,-3.469446951953614e-18
2019-04-04 14:25:54,-3.469446951953614e-18
2019-04-04 14:25:55,-3.469446951953614e-18
2019-04-04 14:25:56,-3.469446951953614e-18
2019-04-04 14:25:57,-3.469446951953614e-18
2019-04-04 14:25:58,-3.469446951953614e-18
2019-04-04 14:25:59,-3.469446951953614e-18
2019-04-04 14:26:00,-3.469446951953614e-18
2019-04-04 14:26:01,-3.469446951953614e-18
2019-04-04 14:26:02,-3.469446951953614e-18
2019-04-04 14:26:03,-3.469446951953614e-18
2019-04-04 14:26:04,-3.469446951953614e-18
2019-04-04 14:26:05,-3.469446951953614e-18
2019-04-04 14:26:06,-3.469446951953614e-18
2019-04-04 14:26:07,-3.469446951953614e-18
2019-04-04 14:26:08,-3.469446951953614e-18
2019-04-04 14:26:09,-3.469446951953614e-18
2019-04-04 14:26:10,-3.469446951953614e-18
2019-04-04 14:26:11,-3.469446951953614e-18
2019-04-04 14:26:12,-3.469446951953614e-18
2019-04-04 14:26:13,-3.469446951953614e-18
2019-04-04 14:26:14,-3.469446951953614e-18
2019-04-04 14:26:15,-3.469446951953614e-18
2019-04-04 14:26:16,-3.469446951953614e-18
2019-04-04 14:26:17,-3.469446951953614e-18
2019-04-04 14:26:18,-3.469446951953614e-18
2019-04-04 14:26:19,-3.469446951953614e-18
2019-04-04 14:26:20,-3.469446951953614e-18
2019-04-04 14:26:21,-3.469446951953614e-18
2019-04-04 14:26:22,-3.469446951953614e-18
2019-04-04 14:26:23,-3.469446951953614e-18
2019-04-04 14:26:24,-3.469446951953614e-18
2019-04-04 14:26:25,-3.469446951953614e-18
2019-04-04 14:26:26,-3.469446951953614e-18
2019-04-04 14:26:27,-3.469446951953614e-18
2019-04-04 14:26:28,-3.469446951953614e-18
2019-04-04 14:26:29,-3.469446951953614e-18
2019-04-04 14:26:30,-3.469446951953614e-18
2019-04-04 14:26:31,-3.469446951953614e-18
2019-04-04 14:26:32,-3.469446951953614e-18
2019-04-04 14:26:33,-3.469446951953614e-18
2019-04-04 14:26:34,-3.469446951953614e-18
2019-04-04 14:26:35,-3.469446951953614e-18
2019-04-04 14:26:36,-3.469446951953614e-18
2019-04-04 14:26:37,-3.469446951953614e-18
2019-04-04 14:26:38,-3.469446951953614e-18
2019-04-04 14:26:39,-3.469446951953614e-18
2019-04-04 14:26:40,-3.469446951953614e-18
2019-04-04 14:26:41,-3.469446951953614e-18
2019-04-04 14:26:42,-3.469446951953614e-18
2019-04-04 14:26:43,-3.469446951953614e-18
2019-04-04 14:26:44,-3.469446951953614e-18
2019-04-04 14:26:45,-3.469446951953614e-18
2019-04-04 14:26:46,-3.469446951953614e-18
2019-04-04 14:26:47,-3.469446951953614e-18
2019-04-04 14:26:48,-3.469446951953614e-18
2019-04-04 14:26:49,-3.469446951953614e-18
2019-04-04 14:26:50,-3.469446951953614e-18
2019-04-04 14:26:51,-3.469446951953614e-18
2019-04-04 14:26:52,-3.469446951953614e-18
2019-04-04 14:26:53,-3.469446951953614e-18
2019-04-04 14:26:54,-3.469446951953614e-18
2019-04-04 14:26:55,-3.469446951953614e-18
2019-04-04 14:26:56,-3.469446951953614e-18
2019-04-04 14:26:57,-3.469446951953614e-18
2019-04-04 14:26:58,-3.469446951953614e-18
2019-04-04 14:26:59,-3.469446951953614e-18
2019-04-04 14:27:00,-3.469446951953614e-18
2019-04-04 14:27:01,-3.469446951953614e-18
2019-04-04 14:27:02,-3.469446951953614e-18
2019-04-04 14:27:03,-3.469446951953614e-18
2019-04-04 14:27:04,-3.469446951953614e-18
2019-04-04 14:27:05,-3.469446951953614e-18
2019-04-04 14:27:06,-3.469446951953614e-18
2019-04-04 14:27:07,-3.469446951953614e-18
2019-04-04 14:27:08,-3.469446951953614e-18
2019-04-04 14:27:09,-3.469446951953614e-18
2019-04-04 14:27:10,-3.469446951953614e-18
2019-04-04 14:27:11,-3.469446951953614e-18
2019-04-04 14:27:12,-3.469446951953614e-18
2019-04-04 14:27:13,-3.469446951953614e-18
2019-04-04 14:27:14,-3.469446951953614e-18
2019-04-04 14:27:15,-3.469446951953614e-18
2019-04-04 14:27:16,-3.469446951953614e-18
2019-04-04 14:27:17,-3.469446951953614e-18
2019-04-04 14:27:18,-3.469446951953614e-18
2019-04-04 14:27:19,-3.469446951953614e-18
2019-04-04 14:27:20,-3.469446951953614e-18
2019-04-04 14:27:21,-3.469446951953614e-18
2019-04-04 14:27:22,-3.469446951953614e-18
2019-04-04 14:27:23,-3.469446951953614e-18
2019-04-04 14:27:24,-3.469446951953614e-18
2019-04-04 14:27:25,-3.469446951953614e-18
2019-04-04 14:27:26,-3.469446951953614e-18
2019-04-04 14:27:27,-3.469446951953614e-18
2019-04-04 14:27:28,-3.469446951953614e-18
2019-04-04 14:27:29,-3.469446951953614e-18
2019-04-04 14:27:30,-3.469446951953614e-18
2019-04-04 14:27:31,-3.469446951953614e-18
2019-04-04 14:27:32,-3.469446951953614e-18
2019-04-04 14:27:33,-3.469446951953614e-18
2019-04-04 14:27:34,-3.469446951953614e-18
2019-04-04 14:27:35,-3.469446951953614e-18
2019-04-04 14:27:36,-3.469446951953614e-18
2019-04-04 14:27:37,-3.469446951953614e-18
2019-04-04 14:27:38,-3.469446951953614e-18
2019-04-04 14:27:39,-3.469446951953614e-18
2019-04-04 14:27:40,-3.469446951953614e-18
2019-04-04 14:27:41,-3.469446951953614e-18
2019-04-04 14:27:42,-3.469446951953614e-18
2019-04-04 14:27:43,-3.469446951953614e-18
2019-04-04 14:27:44,-3.469446951953614e-18
2019-04-04 14:27:45,-3.469446951953614e-18
2019-04-04 14:27:46,-3.469446951953614e-18
2019-04-04 14:27:47,-3.469446951953614e-18
2019-04-04 14:27:48,-3.469446951953614e-18
2019-04-04 14:27:49,-3.469446951953614e-18
2019-04-04 14:27:50,-3.469446951953614e-18
2019-04-04 14:27:51,-3.469446951953614e-18
2019-04-04 14:27:52,-3.469446951953614e-18
2019-04-04 14:27:53,-3.469446951953614e-18
2019-04-04 14:27:54,-3.469446951953614e-18
2019-04-04 14:27:55,-3.469446951953614e-18
2019-04-04 14:27:56,-3.469446951953614e-18
2019-04-04 14:27:57,-3.469446951953614e-18
2019-04-04 14:27:58,-3.469446951953614e-18
2019-04-04 14:27:59,-3.469446951953614e-18
2019-04-04 14:28:00,-3.469446951953614e-18
2019-04-04 14:28:01,-3.469446951953614e-18
2019-04-04 14:28:02,-3.469446951953614e-18
2019-04-04 14:28:03,-3.469446951953614e-18
2019-04-04 14:28:04,-3.469446951953614e-18
2019-04-04 14:28:05,-3.469446951953614e-18
2019-04-04 14:28:06,-3.469446951953614e-18
2019-04-04 14:28:07,-3.469446951953614e-18
2019-04-04 14:28:08,-3.469446951953614e-18
2019-04-04 14:28:09,-3.469446951953614e-18
2019-04-04 14:28:10,-3.469446951953614e-18
2019-04-04 14:28:11,-3.469446951953614e-18
2019-04-04 14:28:12,-3.469446951953614e-18
2019-04-04 14:28:13,-3.469446951953614e-18
2019-04-04 14:28:14,-3.469446951953614e-18
2019-04-04 14:28:15,-3.469446951953614e-18
2019-04-04 14:28:16,-0.00012820512820830264
2019-04-04 14:28:17,-0.00012820512820759314
2019-04-04 14:28:18,-0.0001282051282068819
2019-04-04 14:28:19,-0.00012820512820617067
2019-04-04 14:28:20,-0.00012820512820546116
2019-04-04 14:28:21,-3.469446951953614e-18
2019-04-04 14:28:22,-3.469446951953614e-18
2019-04-04 14:28:23,-3.469446951953614e-18
2019-04-04 14:28:24,-3.469446951953614e-18
2019-04-04 14:28:25,-3.469446951953614e-18
2019-04-04 14:28:26,-3.469446951953614e-18
2019-04-04 14:28:27,-3.469446951953614e-18
2019-04-04 14:28:28,-3.469446951953614e-18
2019-04-04 14:28:29,-3.469446951953614e-18
2019-04-04 14:28:30,-3.469446951953614e-18
2019-04-04 14:28:31,-3.469446951953614e-18
2019-04-04 14:28:32,-3.469446951953614e-18
2019-04-04 14:28:33,-3.469446951953614e-18
2019-04-04 14:28:34,-3.469446951953614e-18
2019-04-04 14:28:35,-3.469446951953614e-18
2019-04-04 14:28:36,-3.469446951953614e-18
2019-04-04 14:28:37,-3.469446951953614e-18
2019-04-04 14:28:38,-3.469446951953614e-18
2019-04-04 14:28:39,-3.469446951953614e-18
2019-04-04 14:28:40,-3.469446951953614e-18
2019-04-04 14:28:41,-3.469446951953614e-18
2019-04-04 14:28:42,-3.469446951953614e-18
2019-04-04 14:28:43,-3.469446951953614e-18
2019-04-04 14:28:44,-3.469446951953614e-18
2019-04-04 14:28:45,-3.469446951953614e-18
2019-04-04 14:28:46,-3.469446951953614e-18
2019-04-04 14:28:47,-3.469446951953614e-18
2019-04-04 14:28:48,-3.469446951953614e-18
2019-04-04 14:28:49,-3.469446951953614e-18
2019-04-04 14:28:50,-3.469446951953614e-18
2019-04-04 14:28:51,-3.469446951953614e-18
2019-04-04 14:28:52,-3.469446951953614e-18
2019-04-04 14:28:53,-3.469446951953614e-18
2019-04-04 14:28:54,-3.469446951953614e-18
2019-04-04 14:28:55,-3.469446951953614e-18
2019-04-04 14:28:56,-3.469446951953614e-18
2019-04-04 14:28:57,-3.469446951953614e-18
2019-04-04 14:28:58,-3.469446951953614e-18
2019-04-04 14:28:59,-3.469446951953614e-18
2019-04-04 14:29:00,-3.469446951953614e-18
2019-04-04 14:29:01,-3.469446951953614e-18
2019-04-04 14:29:02,-3.469446951953614e-18
2019-04-04 14:29:03,-3.469446951953614e-18
2019-04-04 14:29:04,-3.469446951953614e-18
2019-04-04 14:29:05,-3.469446951953614e-18
2019-04-04 14:29:06,-3.469446951953614e-18
2019-04-04 14:29:07,-3.469446951953614e-18
2019-04-04 14:29:08,-3.469446951953614e-18
2019-04-04 14:29:09,-3.469446951953614e-18
2019-04-04 14:29:10,-3.469446951953614e-18
2019-04-04 14:29:11,-3.469446951953614e-18
2019-04-04 14:29:12,-3.469446951953614e-18
2019-04-04 14:29:13,-3.469446951953614e-18
2019-04-04 14:29:14,-3.469446951953614e-18
2019-04-04 14:29:15,-3.469446951953614e-18
2019-04-04 14:29:16,-3.469446951953614e-18
2019-04-04 14:29:17,-3.469446951953614e-18
2019-04-04 14:29:18,-3.469446951953614e-18
2019-04-04 14:29:19,-3.469446951953614e-18
2019-04-04 14:29:20,-3.469446951953614e-18
2019-04-04 14:29:21,-3.469446951953614e-18
2019-04-04 14:29:22,-3.469446951953614e-18
2019-04-04 14:29:23,-3.469446951953614e-18
2019-04-04 14:29:24,-3.469446951953614e-18
2019-04-04 14:29:25,-3.469446951953614e-18
2019-04-04 14:29:26,-3.469446951953614e-18
2019-04-04 14:29:27,-3.469446951953614e-18
2019-04-04 14:29:28,-3.469446951953614e-18
2019-04-04 14:29:29,-3.469446951953614e-18
2019-04-04 14:29:30,-3.469446951953614e-18
2019-04-04 14:29:31,-3.469446951953614e-18
2019-04-04 14:29:32,-3.469446951953614e-18
2019-04-04 14:29:33,-3.469446951953614e-18
2019-04-04 14:29:34,-3.469446951953614e-18
2019-04-04 14:29:35,-3.469446951953614e-18
2019-04-04 14:29:36,-3.469446951953614e-18
2019-04-04 14:29:37,-3.469446951953614e-18
2019-04-04 14:29:38,-3.469446951953614e-18
2019-04-04 14:29:39,-3.469446951953614e-18
2019-04-04 14:29:40,-3.469446951953614e-18
2019-04-04 14:29:41,-3.469446951953614e-18
2019-04-04 14:29:42,-3.469446951953614e-18
2019-04-04 14:29:43,-3.469446951953614e-18
2019-04-04 14:29:44,-3.469446951953614e-18
2019-04-04 14:29:45,-3.469446951953614e-18
2019-04-04 14:29:46,-3.469446951953614e-18
2019-04-04 14:29:47,-3.469446951953614e-18
2019-04-04 14:29:48,-3.469446951953614e-18
2019-04-04 14:29:49,-3.469446951953614e-18
2019-04-04 14:29:50,-3.469446951953614e-18
2019-04-04 14:29:51,-3.469446951953614e-18
2019-04-04 14:29:52,-3.469446951953614e-18
2019-04-04 14:29:53,-3.469446951953614e-18
2019-04-04 14:29:54,-3.469446951953614e-18
2019-04-04 14:29:55,-3.469446951953614e-18
2019-04-04 14:29:56,-3.469446951953614e-18
2019-04-04 14:29:57,-3.469446951953614e-18
2019-04-04 14:29:58,-3.469446951953614e-18
2019-04-04 14:29:59,-3.469446951953614e-18
2019-04-04 14:30:00,-3.469446951953614e-18
2019-04-04 14:30:01,-3.469446951953614e-18
2019-04-04 14:30:02,-3.469446951953614e-18
2019-04-04 14:30:03,-3.469446951953614e-18
2019-04-04 14:30:04,-3.469446951953614e-18
2019-04-04 14:30:05,-3.469446951953614e-18
2019-04-04 14:30:06,-3.469446951953614e-18
2019-04-04 14:30:07,-3.469446951953614e-18
2019-04-04 14:30:08,-3.469446951953614e-18
2019-04-04 14:30:09,-3.469446951953614e-18
2019-04-04 14:30:10,-3.469446951953614e-18
2019-04-04 14:30:11,-3.469446951953614e-18
2019-04-04 14:30:12,-3.469446951953614e-18
2019-04-04 14:30:13,-3.469446951953614e-18
2019-04-04 14:30:14,-3.469446951953614e-18
2019-04-04 14:30:15,-3.469446951953614e-18
2019-04-04 14:30:16,-3.469446951953614e-18
2019-04-04 14:30:17,-3.469446951953614e-18
2019-04-04 14:30:18,-3.469446951953614e-18
2019-04-04 14:30:19,-3.469446951953614e-18
2019-04-04 14:30:20,-3.469446951953614e-18
2019-04-04 14:30:21,-3.469446951953614e-18
2019-04-04 14:30:22,-3.469446951953614e-18
2019-04-04 14:30:23,-3.469446951953614e-18
2019-04-04 14:30:24,-3.469446951953614e-18
2019-04-04 14:30:25,-3.469446951953614e-18
2019-04-04 14:30:26,-3.469446951953614e-18
2019-04-04 14:30:27,-3.469446951953614e-18
2019-04-04 14:30:28,-3.469446951953614e-18
2019-04-04 14:30:29,-3.469446951953614e-18
2019-04-04 14:30:30,-3.469446951953614e-18
2019-04-04 14:30:31,-3.469446951953614e-18
2019-04-04 14:30:32,-3.469446951953614e-18
2019-04-04 14:30:33,-3.469446951953614e-18
2019-04-04 14:30:34,-3.469446951953614e-18
2019-04-04 14:30:35,-3.469446951953614e-18
2019-04-04 14:30:36,-3.469446951953614e-18
2019-04-04 14:30:37,-3.469446951953614e-18
2019-04-04 14:30:38,-3.469446951953614e-18
2019-04-04 14:30:39,-3.469446951953614e-18
2019-04-04 14:30:40,-3.469446951953614e-18
2019-04-04 14:30:41,-3.469446951953614e-18
2019-04-04 14:30:42,-3.469446951953614e-18
2019-04-04 14:30:43,-3.469446951953614e-18
2019-04-04 14:30:44,-3.469446951953614e-18
2019-04-04 14:30:45,-3.469446951953614e-18
2019-04-04 14:30:46,-3.469446951953614e-18
2019-04-04 14:30:47,-3.469446951953614e-18
2019-04-04 14:30:48,-3.469446951953614e-18
2019-04-04 14:30:49,-3.469446951953614e-18
2019-04-04 14:30:50,-3.469446951953614e-18
2019-04-04 14:30:51,-3.469446951953614e-18
2019-04-04 14:30:52,-3.469446951953614e-18
2019-04-04 14:30:53,-3.469446951953614e-18
2019-04-04 14:30:54,-3.469446951953614e-18
2019-04-04 14:30:55,-3.469446951953614e-18
2019-04-04 14:30:56,-3.469446951953614e-18
2019-04-04 14:30:57,-3.469446951953614e-18
2019-04-04 14:30:58,-3.469446951953614e-18
2019-04-04 14:30:59,-3.469446951953614e-18
2019-04-04 14:31:00,-3.469446951953614e-18
2019-04-04 14:31:01,-3.469446951953614e-18
2019-04-04 14:31:02,-3.469446951953614e-18
2019-04-04 14:31:03,-3.469446951953614e-18
2019-04-04 14:31:04,-3.469446951953614e-18
2019-04-04 14:31:05,-3.469446951953614e-18
2019-04-04 14:31:06,-3.469446951953614e-18
2019-04-04 14:31:07,-3.469446951953614e-18
2019-04-04 14:31:08,-3.469446951953614e-18
2019-04-04 14:31:09,-3.469446951953614e-18
2019-04-04 14:31:10,-3.469446951953614e-18
2019-04-04 14:31:11,-3.469446951953614e-18
2019-04-04 14:31:12,-3.469446951953614e-18
2019-04-04 14:31:13,-3.469446951953614e-18
2019-04-04 14:31:14,-3.469446951953614e-18
2019-04-04 14:31:15,-3.469446951953614e-18
2019-04-04 14:31:16,-3.469446951953614e-18
2019-04-04 14:31:17,-3.469446951953614e-18
2019-04-04 14:31:18,-3.469446951953614e-18
2019-04-04 14:31:19,-3.469446951953614e-18
2019-04-04 14:31:20,-3.469446951953614e-18
2019-04-04 14:31:21,-3.469446951953614e-18
2019-04-04 14:31:22,-3.469446951953614e-18
2019-04-04 14:31:23,-3.469446951953614e-18
2019-04-04 14:31:24,-3.469446951953614e-18
2019-04-04 14:31:25,-3.469446951953614e-18
2019-04-04 14:31:26,-3.469446951953614e-18
2019-04-04 14:31:27,-3.469446951953614e-18
2019-04-04 14:31:28,-3.469446951953614e-18
2019-04-04 14:31:29,-3.469446951953614e-18
2019-04-04 14:31:30,-3.469446951953614e-18
2019-04-04 14:31:31,-3.469446951953614e-18
2019-04-04 14:31:32,-3.469446951953614e-18
2019-04-04 14:31:33,-3.469446951953614e-18
2019-04-04 14:31:34,-3.469446951953614e-18
2019-04-04 14:31:35,-3.469446951953614e-18
2019-04-04 14:31:36,-3.469446951953614e-18
2019-04-04 14:31:37,-3.469446951953614e-18
2019-04-04 14:31:38,-3.469446951953614e-18
2019-04-04 14:31:39,-3.469446951953614e-18
2019-04-04 14:31:40,-3.469446951953614e-18
2019-04-04 14:31:41,-3.469446951953614e-18
2019-04-04 14:31:42,-3.469446951953614e-18
2019-04-04 14:31:43,-3.469446951953614e-18
2019-04-04 14:31:44,-3.469446951953614e-18
2019-04-04 14:31:45,-3.469446951953614e-18
2019-04-04 14:31:46,-3.469446951953614e-18
2019-04-04 14:31:47,-3.469446951953614e-18
2019-04-04 14:31:48,-3.469446951953614e-18
2019-04-04 14:31:49,-3.469446951953614e-18
2019-04-04 14:31:50,-3.469446951953614e-18
2019-04-04 14:31:51,-3.469446951953614e-18
2019-04-04 14:31:52,-3.469446951953614e-18
2019-04-04 14:31:53,-3.469446951953614e-18
2019-04-04 14:31:54,-3.469446951953614e-18
2019-04-04 14:31:55,-3.469446951953614e-18
2019-04-04 14:31:56,-3.469446951953614e-18
2019-04-04 14:31:57,-3.469446951953614e-18
2019-04-04 14:31:58,-3.469446951953614e-18
2019-04-04 14:31:59,-3.469446951953614e-18
2019-04-04 14:32:00,-3.469446951953614e-18
2019-04-04 14:32:01,-3.469446951953614e-18
2019-04-04 14:32:02,-3.469446951953614e-18
2019-04-04 14:32:03,-3.469446951953614e-18
2019-04-04 14:32:04,-3.469446951953614e-18
2019-04-04 14:32:05,-3.469446951953614e-18
2019-04-04 14:32:06,-3.469446951953614e-18
2019-04-04 14:32:07,-3.469446951953614e-18
2019-04-04 14:32:08,-3.469446951953614e-18
2019-04-04 14:32:09,-3.469446951953614e-18
2019-04-04 14:32:10,-3.469446951953614e-18
2019-04-04 14:32:11,-3.469446951953614e-18
2019-04-04 14:32:12,-3.469446951953614e-18
2019-04-04 14:32:13,-3.469446951953614e-18
2019-04-04 14:32:14,-3.469446951953614e-18
2019-04-04 14:32:15,-3.469446951953614e-18
2019-04-04 14:32:16,-3.469446951953614e-18
2019-04-04 14:32:17,-3.469446951953614e-18
2019-04-04 14:32:18,-3.469446951953614e-18
2019-04-04 14:32:19,-3.469446951953614e-18
2019-04-04 14:32:20,-3.469446951953614e-18
2019-04-04 14:32:21,-3.469446951953614e-18
2019-04-04 14:32:22,-3.469446951953614e-18
2019-04-04 14:32:23,-3.469446951953614e-18
2019-04-04 14:32:24,-3.469446951953614e-18
2019-04-04 14:32:25,-3.469446951953614e-18
2019-04-04 14:32:26,-3.469446951953614e-18
2019-04-04 14:32:27,-3.469446951953614e-18
2019-04-04 14:32:28,-3.469446951953614e-18
2019-04-04 14:32:29,-3.469446951953614e-18
2019-04-04 14:32:30,-3.469446951953614e-18
2019-04-04 14:32:31,-3.469446951953614e-18
2019-04-04 14:32:32,-3.469446951953614e-18
2019-04-04 14:32:33,-3.469446951953614e-18
2019-04-04 14:32:34,-3.469446951953614e-18
2019-04-04 14:32:35,-3.469446951953614e-18
2019-04-04 14:32:36,-3.469446951953614e-18
2019-04-04 14:32:37,-3.469446951953614e-18
2019-04-04 14:32:38,-3.469446951953614e-18
2019-04-04 14:32:39,-3.469446951953614e-18
2019-04-04 14:32:40,-3.469446951953614e-18
2019-04-04 14:32:41,-3.469446951953614e-18
2019-04-04 14:32:42,-3.469446951953614e-18
2019-04-04 14:32:43,-3.469446951953614e-18
2019-04-04 14:32:44,-3.469446951953614e-18
2019-04-04 14:32:45,-3.469446951953614e-18
2019-04-04 14:32:46,-3.469446951953614e-18
2019-04-04 14:32:47,-3.469446951953614e-18
2019-04-04 14:32:48,-3.469446951953614e-18
2019-04-04 14:32:49,-3.469446951953614e-18
2019-04-04 14:32:50,-3.469446951953614e-18
2019-04-04 14:32:51,-3.469446951953614e-18
2019-04-04 14:32:52,-3.469446951953614e-18
2019-04-04 14:32:53,-3.469446951953614e-18
2019-04-04 14:32:54,-3.469446951953614e-18
2019-04-04 14:32:55,-3.469446951953614e-18
2019-04-04 14:32:56,-3.469446951953614e-18
2019-04-04 14:32:57,-3.469446951953614e-18
2019-04-04 14:32:58,-3.469446951953614e-18
2019-04-04 14:32:59,-3.469446951953614e-18
2019-04-04 14:33:00,-3.469446951953614e-18
2019-04-04 14:33:01,-3.469446951953614e-18
2019-04-04 14:33:02,-3.469446951953614e-18
2019-04-04 14:33:03,-3.469446951953614e-18
2019-04-04 14:33:04,-3.469446951953614e-18
2019-04-04 14:33:05,-3.469446951953614e-18
2019-04-04 14:33:06,-3.469446951953614e-18
2019-04-04 14:33:07,-3.469446951953614e-18
2019-04-04 14:33:08,-3.469446951953614e-18
2019-04-04 14:33:09,-3.469446951953614e-18
2019-04-04 14:33:10,-3.469446951953614e-18
2019-04-04 14:33:11,-3.469446951953614e-18
2019-04-04 14:33:12,-3.469446951953614e-18
2019-04-04 14:33:13,-3.469446951953614e-18
2019-04-04 14:33:14,-3.469446951953614e-18
2019-04-04 14:33:15,-3.469446951953614e-18
2019-04-04 14:33:16,-3.469446951953614e-18
2019-04-04 14:33:17,-3.469446951953614e-18
2019-04-04 14:33:18,-3.469446951953614e-18
2019-04-04 14:33:19,-3.469446951953614e-18
2019-04-04 14:33:20,-3.469446951953614e-18
2019-04-04 14:33:21,-3.469446951953614e-18
2019-04-04 14:33:22,-3.469446951953614e-18
2019-04-04 14:33:23,-3.469446951953614e-18
2019-04-04 14:33:24,-3.469446951953614e-18
2019-04-04 14:33:25,-3.469446951953614e-18
2019-04-04 14:33:26,-3.469446951953614e-18
2019-04-04 14:33:27,-3.469446951953614e-18
2019-04-04 14:33:28,-3.469446951953614e-18
2019-04-04 14:33:29,-3.469446951953614e-18
2019-04-04 14:33:30,-3.469446951953614e-18
2019-04-04 14:33:31,-3.469446951953614e-18
2019-04-04 14:33:32,-3.469446951953614e-18
2019-04-04 14:33:33,-3.469446951953614e-18
2019-04-04 14:33:34,-3.469446951953614e-18
2019-04-04 14:33:35,-3.469446951953614e-18
2019-04-04 14:33:36,-3.469446951953614e-18
2019-04-04 14:33:37,-3.469446951953614e-18
2019-04-04 14:33:38,-3.469446951953614e-18
2019-04-04 14:33:39,-3.469446951953614e-18
2019-04-04 14:33:40,-3.469446951953614e-18
2019-04-04 14:33:41,-3.469446951953614e-18
2019-04-04 14:33:42,-3.469446951953614e-18
2019-04-04 14:33:43,-3.469446951953614e-18
2019-04-04 14:33:44,-3.469446951953614e-18
2019-04-04 14:33:45,-3.469446951953614e-18
2019-04-04 14:33:46,-3.469446951953614e-18
2019-04-04 14:33:47,-3.469446951953614e-18
2019-04-04 14:33:48,-3.469446951953614e-18
2019-04-04 14:33:49,-3.469446951953614e-18
2019-04-04 14:33:50,-3.469446951953614e-18
2019-04-04 14:33:51,-3.469446951953614e-18
2019-04-04 14:33:52,-3.469446951953614e-18
2019-04-04 14:33:53,-3.469446951953614e-18
2019-04-04 14:33:54,-3.469446951953614e-18
2019-04-04 14:33:55,-3.469446951953614e-18
2019-04-04 14:33:56,-3.469446951953614e-18
2019-04-04 14:33:57,-3.469446951953614e-18
2019-04-04 14:33:58,-3.469446951953614e-18
2019-04-04 14:33:59,-3.469446951953614e-18
2019-04-04 14:34:00,-3.469446951953614e-18
2019-04-04 14:34:01,-3.469446951953614e-18
2019-04-04 14:34:02,-3.469446951953614e-18
2019-04-04 14:34:03,-3.469446951953614e-18
2019-04-04 14:34:04,-3.469446951953614e-18
2019-04-04 14:34:05,-3.469446951953614e-18
2019-04-04 14:34:06,-3.469446951953614e-18
2019-04-04 14:34:07,-3.469446951953614e-18
2019-04-04 14:34:08,-3.469446951953614e-18
2019-04-04 14:34:09,-3.469446951953614e-18
2019-04-04 14:34:10,-3.469446951953614e-18
2019-04-04 14:34:11,-3.469446951953614e-18
2019-04-04 14:34:12,-3.469446951953614e-18
2019-04-04 14:34:13,-3.469446951953614e-18
2019-04-04 14:34:14,-3.469446951953614e-18
2019-04-04 14:34:15,-3.469446951953614e-18
2019-04-04 14:34:16,-3.469446951953614e-18
2019-04-04 14:34:17,-3.469446951953614e-18
2019-04-04 14:34:18,-3.469446951953614e-18
2019-04-04 14:34:19,-3.469446951953614e-18
2019-04-04 14:34:20,-3.469446951953614e-18
2019-04-04 14:34:21,-3.469446951953614e-18
2019-04-04 14:34:22,-3.469446951953614e-18
2019-04-04 14:34:23,-3.469446951953614e-18
2019-04-04 14:34:24,-3.469446951953614e-18
2019-04-04 14:34:25,-3.469446951953614e-18
2019-04-04 14:34:26,-3.469446951953614e-18
2019-04-04 14:34:27,-3.469446951953614e-18
2019-04-04 14:34:28,-3.469446951953614e-18
2019-04-04 14:34:29,-3.469446951953614e-18
2019-04-04 14:34:30,-3.469446951953614e-18
2019-04-04 14:34:31,-3.469446951953614e-18
2019-04-04 14:34:32,-3.469446951953614e-18
2019-04-04 14:34:33,-3.469446951953614e-18
2019-04-04 14:34:34,-3.469446951953614e-18
2019-04-04 14:34:35,-3.469446951953614e-18
2019-04-04 14:34:36,-3.469446951953614e-18
2019-04-04 14:34:37,-3.469446951953614e-18
2019-04-04 14:34:38,-3.469446951953614e-18
2019-04-04 14:34:39,-3.469446951953614e-18
2019-04-04 14:34:40,-3.469446951953614e-18
2019-04-04 14:34:41,-3.469446951953614e-18
2019-04-04 14:34:42,-3.469446951953614e-18
2019-04-04 14:34:43,-3.469446951953614e-18
2019-04-04 14:34:44,-3.469446951953614e-18
2019-04-04 14:34:45,-3.469446951953614e-18
2019-04-04 14:34:46,-3.469446951953614e-18
2019-04-04 14:34:47,-3.469446951953614e-18
2019-04-04 14:34:48,-3.469446951953614e-18
2019-04-04 14:34:49,-3.469446951953614e-18
2019-04-04 14:34:50,-3.469446951953614e-18
2019-04-04 14:34:51,-3.469446951953614e-18
2019-04-04 14:34:52,-3.469446951953614e-18
2019-04-04 14:34:53,-3.469446951953614e-18
2019-04-04 14:34:54,-3.469446951953614e-18
2019-04-04 14:34:55,-3.469446951953614e-18
2019-04-04 14:34:56,-3.469446951953614e-18
2019-04-04 14:34:57,-3.469446951953614e-18
2019-04-04 14:34:58,-3.469446951953614e-18
2019-04-04 14:34:59,-3.469446951953614e-18
2019-04-04 14:35:00,-3.469446951953614e-18
2019-04-04 14:35:01,-3.469446951953614e-18
2019-04-04 14:35:02,-3.469446951953614e-18
2019-04-04 14:35:03,-3.469446951953614e-18
2019-04-04 14:35:04,-3.469446951953614e-18
2019-04-04 14:35:05,-3.469446951953614e-18
2019-04-04 14:35:06,-3.469446951953614e-18
2019-04-04 14:35:07,-3.469446951953614e-18
2019-04-04 14:35:08,-3.469446951953614e-18
2019-04-04 14:35:09,-3.469446951953614e-18
2019-04-04 14:35:10,-3.469446951953614e-18
2019-04-04 14:35:11,-3.469446951953614e-18
2019-04-04 14:35:12,-3.469446951953614e-18
2019-04-04 14:35:13,-3.469446951953614e-18
2019-04-04 14:35:14,-3.469446951953614e-18
2019-04-04 14:35:15,-3.469446951953614e-18
2019-04-04 14:35:16,-3.469446951953614e-18
2019-04-04 14:35:17,-3.469446951953614e-18
2019-04-04 14:35:18,-3.469446951953614e-18
2019-04-04 14:35:19,-3.469446951953614e-18
2019-04-04 14:35:20,-3.469446951953614e-18
2019-04-04 14:35:21,-3.469446951953614e-18
2019-04-04 14:35:22,-3.469446951953614e-18
2019-04-04 14:35:23,-3.469446951953614e-18
2019-04-04 14:35:24,-3.469446951953614e-18
2019-04-04 14:35:25,-3.469446951953614e-18
2019-04-04 14:35:26,-3.469446951953614e-18
2019-04-04 14:35:27,-3.469446951953614e-18
2019-04-04 14:35:28,-3.469446951953614e-18
2019-04-04 14:35:29,-3.469446951953614e-18
2019-04-04 14:35:30,-3.469446951953614e-18
2019-04-04 14:35:31,-3.469446951953614e-18
2019-04-04 14:35:32,-3.469446951953614e-18
2019-04-04 14:35:33,-3.469446951953614e-18
2019-04-04 14:35:34,-3.469446951953614e-18
2019-04-04 14:35:35,-3.469446951953614e-18
2019-04-04 14:35:36,-3.469446951953614e-18
2019-04-04 14:35:37,-3.469446951953614e-18
2019-04-04 14:35:38,-3.469446951953614e-18
2019-04-04 14:35:39,-3.469446951953614e-18
2019-04-04 14:35:40,-3.469446951953614e-18
2019-04-04 14:35:41,-3.469446951953614e-18
2019-04-04 14:35:42,-3.469446951953614e-18
2019-04-04 14:35:43,-3.469446951953614e-18
2019-04-04 14:35:44,-3.469446951953614e-18
2019-04-04 14:35:45,-3.469446951953614e-18
2019-04-04 14:35:46,-3.469446951953614e-18
2019-04-04 14:35:47,-3.469446951953614e-18
2019-04-04 14:35:48,-3.469446951953614e-18
2019-04-04 14:35:49,-3.469446951953614e-18
2019-04-04 14:35:50,-3.469446951953614e-18
2019-04-04 14:35:51,-3.469446951953614e-18
2019-04-04 14:35:52,-3.469446951953614e-18
2019-04-04 14:35:53,-3.469446951953614e-18
2019-04-04 14:35:54,-3.469446951953614e-18
2019-04-04 14:35:55,-3.469446951953614e-18
2019-04-04 14:35:56,-3.469446951953614e-18
2019-04-04 14:35:57,-3.469446951953614e-18
2019-04-04 14:35:58,-3.469446951953614e-18
2019-04-04 14:35:59,-3.469446951953614e-18
2019-04-04 14:36:00,-3.469446951953614e-18
2019-04-04 14:36:01,-3.469446951953614e-18
2019-04-04 14:36:02,-3.469446951953614e-18
2019-04-04 14:36:03,-3.469446951953614e-18
2019-04-04 14:36:04,-3.469446951953614e-18
2019-04-04 14:36:05,-3.469446951953614e-18
2019-04-04 14:36:06,-3.469446951953614e-18
2019-04-04 14:36:07,-3.469446951953614e-18
2019-04-04 14:36:08,-3.469446951953614e-18
2019-04-04 14:36:09,-3.469446951953614e-18
2019-04-04 14:36:10,-3.469446951953614e-18
2019-04-04 14:36:11,-3.469446951953614e-18
2019-04-04 14:36:12,-3.469446951953614e-18
2019-04-04 14:36:13,-3.469446951953614e-18
2019-04-04 14:36:14,-3.469446951953614e-18
2019-04-04 14:36:15,-3.469446951953614e-18
2019-04-04 14:36:16,-3.469446951953614e-18
2019-04-04 14:36:17,-3.469446951953614e-18
2019-04-04 14:36:18,-3.469446951953614e-18
2019-04-04 14:36:19,-3.469446951953614e-18
2019-04-04 14:36:20,-3.469446951953614e-18
2019-04-04 14:36:21,-3.469446951953614e-18
2019-04-04 14:36:22,-3.469446951953614e-18
2019-04-04 14:36:23,-3.469446951953614e-18
2019-04-04 14:36:24,-3.469446951953614e-18
2019-04-04 14:36:25,-3.469446951953614e-18
2019-04-04 14:36:26,-3.469446951953614e-18
2019-04-04 14:36:27,-3.469446951953614e-18
2019-04-04 14:36:28,-3.469446951953614e-18
2019-04-04 14:36:29,-3.469446951953614e-18
2019-04-04 14:36:30,-3.469446951953614e-18
2019-04-04 14:36:31,-3.469446951953614e-18
2019-04-04 14:36:32,-3.469446951953614e-18
2019-04-04 14:36:33,-3.469446951953614e-18
2019-04-04 14:36:34,-3.469446951953614e-18
2019-04-04 14:36:35,-3.469446951953614e-18
2019-04-04 14:36:36,-3.469446951953614e-18
2019-04-04 14:36:37,-3.469446951953614e-18
2019-04-04 14:36:38,-3.469446951953614e-18
2019-04-04 14:36:39,-3.469446951953614e-18
2019-04-04 14:36:40,-3.469446951953614e-18
2019-04-04 14:36:41,-3.469446951953614e-18
2019-04-04 14:36:42,-3.469446951953614e-18
2019-04-04 14:36:43,-3.469446951953614e-18
2019-04-04 14:36:44,-3.469446951953614e-18
2019-04-04 14:36:45,-3.469446951953614e-18
2019-04-04 14:36:46,-3.469446951953614e-18
2019-04-04 14:36:47,-3.469446951953614e-18
2019-04-04 14:36:48,-3.469446951953614e-18
2019-04-04 14:36:49,-3.469446951953614e-18
2019-04-04 14:36:50,-3.469446951953614e-18
2019-04-04 14:36:51,-3.469446951953614e-18
2019-04-04 14:36:52,-3.469446951953614e-18
2019-04-04 14:36:53,-3.469446951953614e-18
2019-04-04 14:36:54,-3.469446951953614e-18
2019-04-04 14:36:55,-3.469446951953614e-18
2019-04-04 14:36:56,-3.469446951953614e-18
2019-04-04 14:36:57,-3.469446951953614e-18
2019-04-04 14:36:58,-3.469446951953614e-18
2019-04-04 14:36:59,-3.469446951953614e-18
2019-04-04 14:37:00,-3.469446951953614e-18
2019-04-04 14:37:01,-3.469446951953614e-18
2019-04-04 14:37:02,-3.469446951953614e-18
2019-04-04 14:37:03,-3.469446951953614e-18
2019-04-04 14:37:04,-3.469446951953614e-18
2019-04-04 14:37:05,-3.469446951953614e-18
2019-04-04 14:37:06,-3.469446951953614e-18
2019-04-04 14:37:07,-3.469446951953614e-18
2019-04-04 14:37:08,-3.469446951953614e-18
2019-04-04 14:37:09,-3.469446951953614e-18
2019-04-04 14:37:10,-3.469446951953614e-18
2019-04-04 14:37:11,-3.469446951953614e-18
2019-04-04 14:37:12,-3.469446951953614e-18
2019-04-04 14:37:13,-3.469446951953614e-18
2019-04-04 14:37:14,-3.469446951953614e-18
2019-04-04 14:37:15,-3.469446951953614e-18
2019-04-04 14:37:16,-3.469446951953614e-18
2019-04-04 14:37:17,-3.469446951953614e-18
2019-04-04 14:37:18,-3.469446951953614e-18
2019-04-04 14:37:19,-3.469446951953614e-18
2019-04-04 14:37:20,-3.469446951953614e-18
2019-04-04 14:37:21,-3.469446951953614e-18
2019-04-04 14:37:22,-3.469446951953614e-18
2019-04-04 14:37:23,-3.469446951953614e-18
2019-04-04 14:37:24,-3.469446951953614e-18
2019-04-04 14:37:25,-3.469446951953614e-18
2019-04-04 14:37:26,-3.469446951953614e-18
2019-04-04 14:37:27,-3.469446951953614e-18
2019-04-04 14:37:28,-3.469446951953614e-18
2019-04-04 14:37:29,-3.469446951953614e-18
2019-04-04 14:37:30,-3.469446951953614e-18
2019-04-04 14:37:31,-3.469446951953614e-18
2019-04-04 14:37:32,-3.469446951953614e-18
2019-04-04 14:37:33,-3.469446951953614e-18
2019-04-04 14:37:34,-3.469446951953614e-18
2019-04-04 14:37:35,-3.469446951953614e-18
2019-04-04 14:37:36,-3.469446951953614e-18
2019-04-04 14:37:37,-3.469446951953614e-18
2019-04-04 14:37:38,-3.469446951953614e-18
2019-04-04 14:37:39,-3.469446951953614e-18
2019-04-04 14:37:40,-3.469446951953614e-18
2019-04-04 14:37:41,-3.469446951953614e-18
2019-04-04 14:37:42,-3.469446951953614e-18
2019-04-04 14:37:43,-3.469446951953614e-18
2019-04-04 14:37:44,-3.469446951953614e-18
2019-04-04 14:37:45,-3.469446951953614e-18
2019-04-04 14:37:46,-3.469446951953614e-18
2019-04-04 14:37:47,-3.469446951953614e-18
2019-04-04 14:37:48,-3.469446951953614e-18
2019-04-04 14:37:49,-3.469446951953614e-18
2019-04-04 14:37:50,-3.469446951953614e-18
2019-04-04 14:37:51,-3.469446951953614e-18
2019-04-04 14:37:52,-3.469446951953614e-18
2019-04-04 14:37:53,-3.469446951953614e-18
2019-04-04 14:37:54,-3.469446951953614e-18
2019-04-04 14:37:55,-3.469446951953614e-18
2019-04-04 14:37:56,-3.469446951953614e-18
2019-04-04 14:37:57,-3.469446951953614e-18
2019-04-04 14:37:58,-3.469446951953614e-18
2019-04-04 14:37:59,-3.469446951953614e-18
2019-04-04 14:38:00,-3.469446951953614e-18
2019-04-04 14:38:01,-3.469446951953614e-18
2019-04-04 14:38:02,-3.469446951953614e-18
2019-04-04 14:38:03,-3.469446951953614e-18
2019-04-04 14:38:04,-3.469446951953614e-18
2019-04-04 14:38:05,-3.469446951953614e-18
2019-04-04 14:38:06,-3.469446951953614e-18
2019-04-04 14:38:07,-3.469446951953614e-18
2019-04-04 14:38:08,-3.469446951953614e-18
2019-04-04 14:38:09,-3.469446951953614e-18
2019-04-04 14:38:10,-3.469446951953614e-18
2019-04-04 14:38:11,-3.469446951953614e-18
2019-04-04 14:38:12,-3.469446951953614e-18
2019-04-04 14:38:13,-3.469446951953614e-18
2019-04-04 14:38:14,-3.469446951953614e-18
2019-04-04 14:38:15,-3.469446951953614e-18
2019-04-04 14:38:16,-3.469446951953614e-18
2019-04-04 14:38:17,-3.469446951953614e-18
2019-04-04 14:38:18,-3.469446951953614e-18
2019-04-04 14:38:19,-3.469446951953614e-18
2019-04-04 14:38:20,-3.469446951953614e-18
2019-04-04 14:38:21,-3.469446951953614e-18
2019-04-04 14:38:22,-3.469446951953614e-18
2019-04-04 14:38:23,-3.469446951953614e-18
2019-04-04 14:38:24,-3.469446951953614e-18
2019-04-04 14:38:25,-3.469446951953614e-18
2019-04-04 14:38:26,-3.469446951953614e-18
2019-04-04 14:38:27,-3.469446951953614e-18
2019-04-04 14:38:28,-3.469446951953614e-18
2019-04-04 14:38:29,-3.469446951953614e-18
2019-04-04 14:38:30,-3.469446951953614e-18
2019-04-04 14:38:31,-3.469446951953614e-18
2019-04-04 14:38:32,-3.469446951953614e-18
2019-04-04 14:38:33,-3.469446951953614e-18
2019-04-04 14:38:34,-3.469446951953614e-18
2019-04-04 14:38:35,-3.469446951953614e-18
2019-04-04 14:38:36,-3.469446951953614e-18
2019-04-04 14:38:37,-3.469446951953614e-18
2019-04-04 14:38:38,-3.469446951953614e-18
2019-04-04 14:38:39,-3.469446951953614e-18
2019-04-04 14:38:40,-3.469446951953614e-18
2019-04-04 14:38:41,-3.469446951953614e-18
2019-04-04 14:38:42,-3.469446951953614e-18
2019-04-04 14:38:43,-3.469446951953614e-18
2019-04-04 14:38:44,-3.469446951953614e-18
2019-04-04 14:38:45,-3.469446951953614e-18
2019-04-04 14:38:46,-3.469446951953614e-18
2019-04-04 14:38:47,-3.469446951953614e-18
2019-04-04 14:38:48,-3.469446951953614e-18
2019-04-04 14:38:49,-3.469446951953614e-18
2019-04-04 14:38:50,-3.469446951953614e-18
2019-04-04 14:38:51,-3.469446951953614e-18
2019-04-04 14:38:52,-3.469446951953614e-18
2019-04-04 14:38:53,-3.469446951953614e-18
2019-04-04 14:38:54,-3.469446951953614e-18
2019-04-04 14:38:55,-3.469446951953614e-18
2019-04-04 14:38:56,-3.469446951953614e-18
2019-04-04 14:38:57,-3.469446951953614e-18
2019-04-04 14:38:58,-3.469446951953614e-18
2019-04-04 14:38:59,-3.469446951953614e-18
2019-04-04 14:39:00,-3.469446951953614e-18
2019-04-04 14:39:01,-3.469446951953614e-18
2019-04-04 14:39:02,-3.469446951953614e-18
2019-04-04 14:39:03,-3.469446951953614e-18
2019-04-04 14:39:04,-3.469446951953614e-18
2019-04-04 14:39:05,-3.469446951953614e-18
2019-04-04 14:39:06,-3.469446951953614e-18
2019-04-04 14:39:07,-3.469446951953614e-18
2019-04-04 14:39:08,-3.469446951953614e-18
2019-04-04 14:39:09,-3.469446951953614e-18
2019-04-04 14:39:10,-3.469446951953614e-18
2019-04-04 14:39:11,-3.469446951953614e-18
2019-04-04 14:39:12,-3.469446951953614e-18
2019-04-04 14:39:13,-3.469446951953614e-18
2019-04-04 14:39:14,-3.469446951953614e-18
2019-04-04 14:39:15,-3.469446951953614e-18
2019-04-04 14:39:16,-3.469446951953614e-18
2019-04-04 14:39:17,-3.469446951953614e-18
2019-04-04 14:39:18,-3.469446951953614e-18
2019-04-04 14:39:19,-3.469446951953614e-18
2019-04-04 14:39:20,-3.469446951953614e-18
2019-04-04 14:39:21,-3.469446951953614e-18
2019-04-04 14:39:22,-3.469446951953614e-18
2019-04-04 14:39:23,-3.469446951953614e-18
2019-04-04 14:39:24,-3.469446951953614e-18
2019-04-04 14:39:25,-3.469446951953614e-18
2019-04-04 14:39:26,-3.469446951953614e-18
2019-04-04 14:39:27,-3.469446951953614e-18
2019-04-04 14:39:28,-3.469446951953614e-18
2019-04-04 14:39:29,-3.469446951953614e-18
2019-04-04 14:39:30,-3.469446951953614e-18
2019-04-04 14:39:31,-3.469446951953614e-18
2019-04-04 14:39:32,-3.469446951953614e-18
2019-04-04 14:39:33,-3.469446951953614e-18
2019-04-04 14:39:34,-3.469446951953614e-18
2019-04-04 14:39:35,-3.469446951953614e-18
2019-04-04 14:39:36,-3.469446951953614e-18
2019-04-04 14:39:37,-3.469446951953614e-18
2019-04-04 14:39:38,-3.469446951953614e-18
2019-04-04 14:39:39,-3.469446951953614e-18
2019-04-04 14:39:40,-3.469446951953614e-18
2019-04-04 14:39:41,-3.469446951953614e-18
2019-04-04 14:39:42,-3.469446951953614e-18
2019-04-04 14:39:43,-3.469446951953614e-18
2019-04-04 14:39:44,-3.469446951953614e-18
2019-04-04 14:39:45,-3.469446951953614e-18
2019-04-04 14:39:46,-3.469446951953614e-18
2019-04-04 14:39:47,-3.469446951953614e-18
2019-04-04 14:39:48,-3.469446951953614e-18
2019-04-04 14:39:49,-3.469446951953614e-18
2019-04-04 14:39:50,-3.469446951953614e-18
2019-04-04 14:39:51,-3.469446951953614e-18
2019-04-04 14:39:52,-3.469446951953614e-18
2019-04-04 14:39:53,-3.469446951953614e-18
2019-04-04 14:39:54,-3.469446951953614e-18
2019-04-04 14:39:55,-3.469446951953614e-18
2019-04-04 14:39:56,-3.469446951953614e-18
2019-04-04 14:39:57,-3.469446951953614e-18
2019-04-04 14:39:58,-3.469446951953614e-18
2019-04-04 14:39:59,-3.469446951953614e-18
2019-04-04 14:40:00,-3.469446951953614e-18
2019-04-04 14:40:01,-3.469446951953614e-18
2019-04-04 14:40:02,-3.469446951953614e-18
2019-04-04 14:40:03,-3.469446951953614e-18
2019-04-04 14:40:04,-3.469446951953614e-18
2019-04-04 14:40:05,-3.469446951953614e-18
2019-04-04 14:40:06,-3.469446951953614e-18
2019-04-04 14:40:07,-3.469446951953614e-18
2019-04-04 14:40:08,-3.469446951953614e-18
2019-04-04 14:40:09,-3.469446951953614e-18
2019-04-04 14:40:10,-3.469446951953614e-18
2019-04-04 14:40:11,-3.469446951953614e-18
2019-04-04 14:40:12,-3.469446951953614e-18
2019-04-04 14:40:13,-3.469446951953614e-18
2019-04-04 14:40:14,-3.469446951953614e-18
2019-04-04 14:40:15,-3.469446951953614e-18
2019-04-04 14:40:16,-3.469446951953614e-18
2019-04-04 14:40:17,-3.469446951953614e-18
2019-04-04 14:40:18,-3.469446951953614e-18
2019-04-04 14:40:19,-3.469446951953614e-18
2019-04-04 14:40:20,-3.469446951953614e-18
2019-04-04 14:40:21,-3.469446951953614e-18
2019-04-04 14:40:22,-3.469446951953614e-18
2019-04-04 14:40:23,-3.469446951953614e-18
2019-04-04 14:40:24,-3.469446951953614e-18
2019-04-04 14:40:25,-3.469446951953614e-18
2019-04-04 14:40:26,-3.469446951953614e-18
2019-04-04 14:40:27,-3.469446951953614e-18
2019-04-04 14:40:28,-3.469446951953614e-18
2019-04-04 14:40:29,-3.469446951953614e-18
2019-04-04 14:40:30,-3.469446951953614e-18
2019-04-04 14:40:31,-3.469446951953614e-18
2019-04-04 14:40:32,-3.469446951953614e-18
2019-04-04 14:40:33,-3.469446951953614e-18
2019-04-04 14:40:34,-3.469446951953614e-18
2019-04-04 14:40:35,-3.469446951953614e-18
2019-04-04 14:40:36,-3.469446951953614e-18
2019-04-04 14:40:37,-3.469446951953614e-18
2019-04-04 14:40:38,-3.469446951953614e-18
2019-04-04 14:40:39,-3.469446951953614e-18
2019-04-04 14:40:40,-3.469446951953614e-18
2019-04-04 14:40:41,-3.469446951953614e-18
2019-04-04 14:40:42,-3.469446951953614e-18
2019-04-04 14:40:43,-3.469446951953614e-18
2019-04-04 14:40:44,-3.469446951953614e-18
2019-04-04 14:40:45,-3.469446951953614e-18
2019-04-04 14:40:46,-3.469446951953614e-18
2019-04-04 14:40:47,-3.469446951953614e-18
2019-04-04 14:40:48,-3.469446951953614e-18
2019-04-04 14:40:49,-3.469446951953614e-18
2019-04-04 14:40:50,-3.469446951953614e-18
2019-04-04 14:40:51,-3.469446951953614e-18
2019-04-04 14:40:52,-3.469446951953614e-18
2019-04-04 14:40:53,-3.469446951953614e-18
2019-04-04 14:40:54,-3.469446951953614e-18
2019-04-04 14:40:55,-3.469446951953614e-18
2019-04-04 14:40:56,-3.469446951953614e-18
2019-04-04 14:40:57,-3.469446951953614e-18
2019-04-04 14:40:58,-3.469446951953614e-18
2019-04-04 14:40:59,-3.469446951953614e-18
2019-04-04 14:41:00,-3.469446951953614e-18
2019-04-04 14:41:01,-3.469446951953614e-18
2019-04-04 14:41:02,-3.469446951953614e-18
2019-04-04 14:41:03,-3.469446951953614e-18
2019-04-04 14:41:04,-3.469446951953614e-18
2019-04-04 14:41:05,-3.469446951953614e-18
2019-04-04 14:41:06,-3.469446951953614e-18
2019-04-04 14:41:07,-3.469446951953614e-18
2019-04-04 14:41:08,-3.469446951953614e-18
2019-04-04 14:41:09,-3.469446951953614e-18
2019-04-04 14:41:10,-3.469446951953614e-18
2019-04-04 14:41:11,-3.469446951953614e-18
2019-04-04 14:41:12,-3.469446951953614e-18
2019-04-04 14:41:13,-3.469446951953614e-18
2019-04-04 14:41:14,-3.469446951953614e-18
2019-04-04 14:41:15,-3.469446951953614e-18
2019-04-04 14:41:16,-3.469446951953614e-18
2019-04-04 14:41:17,-3.469446951953614e-18
2019-04-04 14:41:18,-3.469446951953614e-18
2019-04-04 14:41:19,-3.469446951953614e-18
2019-04-04 14:41:20,-3.469446951953614e-18
2019-04-04 14:41:21,-3.469446951953614e-18
2019-04-04 14:41:22,-3.469446951953614e-18
2019-04-04 14:41:23,-3.469446951953614e-18
2019-04-04 14:41:24,-3.469446951953614e-18
2019-04-04 14:41:25,-3.469446951953614e-18
2019-04-04 14:41:26,-3.469446951953614e-18
2019-04-04 14:41:27,-3.469446951953614e-18
2019-04-04 14:41:28,-3.469446951953614e-18
2019-04-04 14:41:29,-3.469446951953614e-18
2019-04-04 14:41:30,-3.469446951953614e-18
2019-04-04 14:41:31,-3.469446951953614e-18
2019-04-04 14:41:32,-3.469446951953614e-18
2019-04-04 14:41:33,-3.469446951953614e-18
2019-04-04 14:41:34,-3.469446951953614e-18
2019-04-04 14:41:35,-3.469446951953614e-18
2019-04-04 14:41:36,-3.469446951953614e-18
2019-04-04 14:41:37,-3.469446951953614e-18
2019-04-04 14:41:38,-3.469446951953614e-18
2019-04-04 14:41:39,-3.469446951953614e-18
2019-04-04 14:41:40,-3.469446951953614e-18
2019-04-04 14:41:41,-3.469446951953614e-18
2019-04-04 14:41:42,-3.469446951953614e-18
2019-04-04 14:41:43,-3.469446951953614e-18
2019-04-04 14:41:44,-3.469446951953614e-18
2019-04-04 14:41:45,-3.469446951953614e-18
2019-04-04 14:41:46,-3.469446951953614e-18
2019-04-04 14:41:47,-3.469446951953614e-18
2019-04-04 14:41:48,-3.469446951953614e-18
2019-04-04 14:41:49,-3.469446951953614e-18
2019-04-04 14:41:50,-3.469446951953614e-18
2019-04-04 14:41:51,-3.469446951953614e-18
2019-04-04 14:41:52,-3.469446951953614e-18
2019-04-04 14:41:53,-3.469446951953614e-18
2019-04-04 14:41:54,-3.469446951953614e-18
2019-04-04 14:41:55,-3.469446951953614e-18
2019-04-04 14:41:56,-3.469446951953614e-18
2019-04-04 14:41:57,-3.469446951953614e-18
2019-04-04 14:41:58,-3.469446951953614e-18
2019-04-04 14:41:59,-3.469446951953614e-18
2019-04-04 14:42:00,-3.469446951953614e-18
2019-04-04 14:42:01,-3.469446951953614e-18
2019-04-04 14:42:02,-3.469446951953614e-18
2019-04-04 14:42:03,-3.469446951953614e-18
2019-04-04 14:42:04,-3.469446951953614e-18
2019-04-04 14:42:05,-0.00012499999999691404
2019-04-04 14:42:06,-0.00012499999999762354
2019-04-04 14:42:07,-0.00012499999999833478
2019-04-04 14:42:08,-0.000124999999999046
2019-04-04 14:42:09,-0.00012499999999975552
2019-04-04 14:42:10,-3.469446951953614e-18
2019-04-04 14:42:11,-3.469446951953614e-18
2019-04-04 14:42:12,-3.469446951953614e-18
2019-04-04 14:42:13,-3.469446951953614e-18
2019-04-04 14:42:14,-3.469446951953614e-18
2019-04-04 14:42:15,-3.469446951953614e-18
2019-04-04 14:42:16,-3.469446951953614e-18
2019-04-04 14:42:17,-3.469446951953614e-18
2019-04-04 14:42:18,-3.469446951953614e-18
2019-04-04 14:42:19,-3.469446951953614e-18
2019-04-04 14:42:20,-3.469446951953614e-18
2019-04-04 14:42:21,-3.469446951953614e-18
2019-04-04 14:42:22,-3.469446951953614e-18
2019-04-04 14:42:23,-3.469446951953614e-18
2019-04-04 14:42:24,-3.469446951953614e-18
2019-04-04 14:42:25,-3.469446951953614e-18
2019-04-04 14:42:26,-3.469446951953614e-18
2019-04-04 14:42:27,-3.469446951953614e-18
2019-04-04 14:42:28,-3.469446951953614e-18
2019-04-04 14:42:29,-3.469446951953614e-18
2019-04-04 14:42:30,-3.469446951953614e-18
2019-04-04 14:42:31,-3.469446951953614e-18
2019-04-04 14:42:32,-3.469446951953614e-18
2019-04-04 14:42:33,-3.469446951953614e-18
2019-04-04 14:42:34,-3.469446951953614e-18
2019-04-04 14:42:35,-3.469446951953614e-18
2019-04-04 14:42:36,-3.469446951953614e-18
2019-04-04 14:42:37,-3.469446951953614e-18
2019-04-04 14:42:38,-3.469446951953614e-18
2019-04-04 14:42:39,-3.469446951953614e-18
2019-04-04 14:42:40,-3.469446951953614e-18
2019-04-04 14:42:41,-3.469446951953614e-18
2019-04-04 14:42:42,-3.469446951953614e-18
2019-04-04 14:42:43,-3.469446951953614e-18
2019-04-04 14:42:44,-3.469446951953614e-18
2019-04-04 14:42:45,-3.469446951953614e-18
2019-04-04 14:42:46,-3.469446951953614e-18
2019-04-04 14:42:47,-3.469446951953614e-18
2019-04-04 14:42:48,-3.469446951953614e-18
2019-04-04 14:42:49,-3.469446951953614e-18
2019-04-04 14:42:50,-3.469446951953614e-18
2019-04-04 14:42:51,-3.469446951953614e-18
2019-04-04 14:42:52,-3.469446951953614e-18
2019-04-04 14:42:53,-3.469446951953614e-18
2019-04-04 14:42:54,-3.469446951953614e-18
2019-04-04 14:42:55,-3.469446951953614e-18
2019-04-04 14:42:56,-3.469446951953614e-18
2019-04-04 14:42:57,-3.469446951953614e-18
2019-04-04 14:42:58,-3.469446951953614e-18
2019-04-04 14:42:59,-3.469446951953614e-18
2019-04-04 14:43:00,-3.469446951953614e-18
2019-04-04 14:43:01,-3.469446951953614e-18
2019-04-04 14:43:02,-3.469446951953614e-18
2019-04-04 14:43:03,-3.469446951953614e-18
2019-04-04 14:43:04,-3.469446951953614e-18
2019-04-04 14:43:05,-3.469446951953614e-18
2019-04-04 14:43:06,-3.469446951953614e-18
2019-04-04 14:43:07,-3.469446951953614e-18
2019-04-04 14:43:08,-3.469446951953614e-18
2019-04-04 14:43:09,-3.469446951953614e-18
2019-04-04 14:43:10,-3.469446951953614e-18
2019-04-04 14:43:11,-3.469446951953614e-18
2019-04-04 14:43:12,-3.469446951953614e-18
2019-04-04 14:43:13,-3.469446951953614e-18
2019-04-04 14:43:14,-3.469446951953614e-18
2019-04-04 14:43:15,-3.469446951953614e-18
2019-04-04 14:43:16,-3.469446951953614e-18
2019-04-04 14:43:17,-3.469446951953614e-18
2019-04-04 14:43:18,-3.469446951953614e-18
2019-04-04 14:43:19,-3.469446951953614e-18
2019-04-04 14:43:20,-3.469446951953614e-18
2019-04-04 14:43:21,-3.469446951953614e-18
2019-04-04 14:43:22,-0.00035294117647357084
2019-04-04 14:43:23,-0.00035294117647286134
2019-04-04 14:43:24,-0.0003529411764721501
2019-04-04 14:43:25,-0.0003529411764714406
2019-04-04 14:43:26,-0.00035294117647072937
2019-04-04 14:43:27,-3.469446951953614e-18
2019-04-04 14:43:28,-3.469446951953614e-18
2019-04-04 14:43:29,-3.469446951953614e-18
2019-04-04 14:43:30,-3.469446951953614e-18
2019-04-04 14:43:31,-3.469446951953614e-18
2019-04-04 14:43:32,-3.469446951953614e-18
2019-04-04 14:43:33,-3.469446951953614e-18
2019-04-04 14:43:34,-3.469446951953614e-18
2019-04-04 14:43:35,-3.469446951953614e-18
2019-04-04 14:43:36,-3.469446951953614e-18
2019-04-04 14:43:37,-3.469446951953614e-18
2019-04-04 14:43:38,-3.469446951953614e-18
2019-04-04 14:43:39,-3.469446951953614e-18
2019-04-04 14:43:40,-3.469446951953614e-18
2019-04-04 14:43:41,-3.469446951953614e-18
2019-04-04 14:43:42,-3.469446951953614e-18
2019-04-04 14:43:43,-3.469446951953614e-18
2019-04-04 14:43:44,-3.469446951953614e-18
2019-04-04 14:43:45,-3.469446951953614e-18
2019-04-04 14:43:46,-3.469446951953614e-18
2019-04-04 14:43:47,-3.469446951953614e-18
2019-04-04 14:43:48,-3.469446951953614e-18
2019-04-04 14:43:49,-3.469446951953614e-18
2019-04-04 14:43:50,-3.469446951953614e-18
2019-04-04 14:43:51,-3.469446951953614e-18
2019-04-04 14:43:52,-3.469446951953614e-18
2019-04-04 14:43:53,-3.469446951953614e-18
2019-04-04 14:43:54,-3.469446951953614e-18
2019-04-04 14:43:55,-3.469446951953614e-18
2019-04-04 14:43:56,-3.469446951953614e-18
2019-04-04 14:43:57,-3.469446951953614e-18
2019-04-04 14:43:58,-3.469446951953614e-18
2019-04-04 14:43:59,-3.469446951953614e-18
2019-04-04 14:44:00,-3.469446951953614e-18
2019-04-04 14:44:01,-3.469446951953614e-18
2019-04-04 14:44:02,-3.469446951953614e-18
2019-04-04 14:44:03,-3.469446951953614e-18
2019-04-04 14:44:04,-3.469446951953614e-18
2019-04-04 14:44:05,-3.469446951953614e-18
2019-04-04 14:44:06,-3.469446951953614e-18
2019-04-04 14:44:07,-3.469446951953614e-18
2019-04-04 14:44:08,-3.469446951953614e-18
2019-04-04 14:44:09,-3.469446951953614e-18
2019-04-04 14:44:10,-3.469446951953614e-18
2019-04-04 14:44:11,-3.469446951953614e-18
2019-04-04 14:44:12,-3.469446951953614e-18
2019-04-04 14:44:13,-3.469446951953614e-18
2019-04-04 14:44:14,-3.469446951953614e-18
2019-04-04 14:44:15,-3.469446951953614e-18
2019-04-04 14:44:16,-3.469446951953614e-18
2019-04-04 14:44:17,-3.469446951953614e-18
2019-04-04 14:44:18,-3.469446951953614e-18
2019-04-04 14:44:19,-3.469446951953614e-18
2019-04-04 14:44:20,-3.469446951953614e-18
2019-04-04 14:44:21,-3.469446951953614e-18
2019-04-04 14:44:22,-3.469446951953614e-18
2019-04-04 14:44:23,-3.469446951953614e-18
2019-04-04 14:44:24,-3.469446951953614e-18
2019-04-04 14:44:25,-3.469446951953614e-18
2019-04-04 14:44:26,-3.469446951953614e-18
2019-04-04 14:44:27,-3.469446951953614e-18
2019-04-04 14:44:28,-3.469446951953614e-18
2019-04-04 14:44:29,-3.469446951953614e-18
2019-04-04 14:44:30,-3.469446951953614e-18
2019-04-04 14:44:31,-3.469446951953614e-18
2019-04-04 14:44:32,-3.469446951953614e-18
2019-04-04 14:44:33,-3.469446951953614e-18
2019-04-04 14:44:34,-3.469446951953614e-18
2019-04-04 14:44:35,-3.469446951953614e-18
2019-04-04 14:44:36,-3.469446951953614e-18
2019-04-04 14:44:37,-3.469446951953614e-18
2019-04-04 14:44:38,-3.469446951953614e-18
2019-04-04 14:44:39,-3.469446951953614e-18
2019-04-04 14:44:40,-3.469446951953614e-18
2019-04-04 14:44:41,-3.469446951953614e-18
2019-04-04 14:44:42,-3.469446951953614e-18
2019-04-04 14:44:43,-3.469446951953614e-18
2019-04-04 14:44:44,-3.469446951953614e-18
2019-04-04 14:44:45,-3.469446951953614e-18
2019-04-04 14:44:46,-3.469446951953614e-18
2019-04-04 14:44:47,-3.469446951953614e-18
2019-04-04 14:44:48,-3.469446951953614e-18
2019-04-04 14:44:49,-3.469446951953614e-18
2019-04-04 14:44:50,-3.469446951953614e-18
2019-04-04 14:44:51,-3.469446951953614e-18
2019-04-04 14:44:52,-3.469446951953614e-18
2019-04-04 14:44:53,-3.469446951953614e-18
2019-04-04 14:44:54,-3.469446951953614e-18
2019-04-04 14:44:55,-3.469446951953614e-18
2019-04-04 14:44:56,-3.469446951953614e-18
2019-04-04 14:44:57,-3.469446951953614e-18
2019-04-04 14:44:58,-3.469446951953614e-18
2019-04-04 14:44:59,-3.469446951953614e-18
2019-04-04 14:45:00,-3.469446951953614e-18
2019-04-04 14:45:01,-3.469446951953614e-18
2019-04-04 14:45:02,-3.469446951953614e-18
2019-04-04 14:45:03,-3.469446951953614e-18
2019-04-04 14:45:04,-3.469446951953614e-18
2019-04-04 14:45:05,-3.469446951953614e-18
2019-04-04 14:45:06,-3.469446951953614e-18
2019-04-04 14:45:07,-3.469446951953614e-18
2019-04-04 14:45:08,-3.469446951953614e-18
2019-04-04 14:45:09,-3.469446951953614e-18
2019-04-04 14:45:10,-3.469446951953614e-18
2019-04-04 14:45:11,-3.469446951953614e-18
2019-04-04 14:45:12,-3.469446951953614e-18
2019-04-04 14:45:13,-3.469446951953614e-18
2019-04-04 14:45:14,-3.469446951953614e-18
2019-04-04 14:45:15,-3.469446951953614e-18
2019-04-04 14:45:16,-3.469446951953614e-18
2019-04-04 14:45:17,-3.469446951953614e-18
2019-04-04 14:45:18,-3.469446951953614e-18
2019-04-04 14:45:19,-3.469446951953614e-18
2019-04-04 14:45:20,-3.469446951953614e-18
2019-04-04 14:45:21,-3.469446951953614e-18
2019-04-04 14:45:22,-3.469446951953614e-18
2019-04-04 14:45:23,-3.469446951953614e-18
2019-04-04 14:45:24,-3.469446951953614e-18
2019-04-04 14:45:25,-3.469446951953614e-18
2019-04-04 14:45:26,-3.469446951953614e-18
2019-04-04 14:45:27,-3.469446951953614e-18
2019-04-04 14:45:28,-3.469446951953614e-18
2019-04-04 14:45:29,-3.469446951953614e-18
2019-04-04 14:45:30,-3.469446951953614e-18
2019-04-04 14:45:31,-3.469446951953614e-18
2019-04-04 14:45:32,-3.469446951953614e-18
2019-04-04 14:45:33,-3.469446951953614e-18
2019-04-04 14:45:34,-3.469446951953614e-18
2019-04-04 14:45:35,-3.469446951953614e-18
2019-04-04 14:45:36,-3.469446951953614e-18
2019-04-04 14:45:37,-3.469446951953614e-18
2019-04-04 14:45:38,-3.469446951953614e-18
2019-04-04 14:45:39,-3.469446951953614e-18
2019-04-04 14:45:40,-3.469446951953614e-18
2019-04-04 14:45:41,-3.469446951953614e-18
2019-04-04 14:45:42,-3.469446951953614e-18
2019-04-04 14:45:43,-3.469446951953614e-18
2019-04-04 14:45:44,-3.469446951953614e-18
2019-04-04 14:45:45,-3.469446951953614e-18
2019-04-04 14:45:46,-3.469446951953614e-18
2019-04-04 14:45:47,-3.469446951953614e-18
2019-04-04 14:45:48,-3.469446951953614e-18
2019-04-04 14:45:49,-3.469446951953614e-18
2019-04-04 14:45:50,-3.469446951953614e-18
2019-04-04 14:45:51,-3.469446951953614e-18
2019-04-04 14:45:52,-3.469446951953614e-18
2019-04-04 14:45:53,-3.469446951953614e-18
2019-04-04 14:45:54,-3.469446951953614e-18
2019-04-04 14:45:55,-3.469446951953614e-18
2019-04-04 14:45:56,-3.469446951953614e-18
2019-04-04 14:45:57,-3.469446951953614e-18
2019-04-04 14:45:58,-3.469446951953614e-18
2019-04-04 14:45:59,-3.469446951953614e-18
2019-04-04 14:46:00,-3.469446951953614e-18
2019-04-04 14:46:01,-3.469446951953614e-18
2019-04-04 14:46:02,-3.469446951953614e-18
2019-04-04 14:46:03,-3.469446951953614e-18
2019-04-04 14:46:04,-3.469446951953614e-18
2019-04-04 14:46:05,-3.469446951953614e-18
2019-04-04 14:46:06,-3.469446951953614e-18
2019-04-04 14:46:07,-3.469446951953614e-18
2019-04-04 14:46:08,-3.469446951953614e-18
2019-04-04 14:46:09,-3.469446951953614e-18
2019-04-04 14:46:10,-3.469446951953614e-18
2019-04-04 14:46:11,-3.469446951953614e-18
2019-04-04 14:46:12,-3.469446951953614e-18
2019-04-04 14:46:13,-3.469446951953614e-18
2019-04-04 14:46:14,-3.469446951953614e-18
2019-04-04 14:46:15,-3.469446951953614e-18
2019-04-04 14:46:16,-3.469446951953614e-18
2019-04-04 14:46:17,-3.469446951953614e-18
2019-04-04 14:46:18,-3.469446951953614e-18
2019-04-04 14:46:19,-3.469446951953614e-18
2019-04-04 14:46:20,-3.469446951953614e-18
2019-04-04 14:46:21,-3.469446951953614e-18
2019-04-04 14:46:22,-3.469446951953614e-18
2019-04-04 14:46:23,-3.469446951953614e-18
2019-04-04 14:46:24,-3.469446951953614e-18
2019-04-04 14:46:25,-3.469446951953614e-18
2019-04-04 14:46:26,-3.469446951953614e-18
2019-04-04 14:46:27,-3.469446951953614e-18
2019-04-04 14:46:28,-3.469446951953614e-18
2019-04-04 14:46:29,-3.469446951953614e-18
2019-04-04 14:46:30,-3.469446951953614e-18
2019-04-04 14:46:31,-3.469446951953614e-18
2019-04-04 14:46:32,-3.469446951953614e-18
2019-04-04 14:46:33,-3.469446951953614e-18
2019-04-04 14:46:34,-3.469446951953614e-18
2019-04-04 14:46:35,-3.469446951953614e-18
2019-04-04 14:46:36,-3.469446951953614e-18
2019-04-04 14:46:37,-3.469446951953614e-18
2019-04-04 14:46:38,-3.469446951953614e-18
2019-04-04 14:46:39,-3.469446951953614e-18
2019-04-04 14:46:40,-3.469446951953614e-18
2019-04-04 14:46:41,-3.469446951953614e-18
2019-04-04 14:46:42,-3.469446951953614e-18
2019-04-04 14:46:43,-3.469446951953614e-18
2019-04-04 14:46:44,-3.469446951953614e-18
2019-04-04 14:46:45,-3.469446951953614e-18
2019-04-04 14:46:46,-3.469446951953614e-18
2019-04-04 14:46:47,-3.469446951953614e-18
2019-04-04 14:46:48,-3.469446951953614e-18
2019-04-04 14:46:49,-3.469446951953614e-18
2019-04-04 14:46:50,-3.469446951953614e-18
2019-04-04 14:46:51,-3.469446951953614e-18
2019-04-04 14:46:52,-3.469446951953614e-18
2019-04-04 14:46:53,-3.469446951953614e-18
2019-04-04 14:46:54,-3.469446951953614e-18
2019-04-04 14:46:55,-3.469446951953614e-18
2019-04-04 14:46:56,-3.469446951953614e-18
2019-04-04 14:46:57,-3.469446951953614e-18
2019-04-04 14:46:58,-3.469446951953614e-18
2019-04-04 14:46:59,-3.469446951953614e-18
2019-04-04 14:47:00,-3.469446951953614e-18
2019-04-04 14:47:01,-3.469446951953614e-18
2019-04-04 14:47:02,-3.469446951953614e-18
2019-04-04 14:47:03,-3.469446951953614e-18
2019-04-04 14:47:04,-3.469446951953614e-18
2019-04-04 14:47:05,-3.469446951953614e-18
2019-04-04 14:47:06,-3.469446951953614e-18
2019-04-04 14:47:07,-3.469446951953614e-18
2019-04-04 14:47:08,-3.469446951953614e-18
2019-04-04 14:47:09,-3.469446951953614e-18
2019-04-04 14:47:10,-3.469446951953614e-18
2019-04-04 14:47:11,-3.469446951953614e-18
2019-04-04 14:47:12,-3.469446951953614e-18
2019-04-04 14:47:13,-3.469446951953614e-18
2019-04-04 14:47:14,-3.469446951953614e-18
2019-04-04 14:47:15,-3.469446951953614e-18
2019-04-04 14:47:16,-3.469446951953614e-18
2019-04-04 14:47:17,-3.469446951953614e-18
2019-04-04 14:47:18,-3.469446951953614e-18
2019-04-04 14:47:19,-3.469446951953614e-18
2019-04-04 14:47:20,-3.469446951953614e-18
2019-04-04 14:47:21,-3.469446951953614e-18
2019-04-04 14:47:22,-3.469446951953614e-18
2019-04-04 14:47:23,-3.469446951953614e-18
2019-04-04 14:47:24,-3.469446951953614e-18
2019-04-04 14:47:25,-3.469446951953614e-18
2019-04-04 14:47:26,-3.469446951953614e-18
2019-04-04 14:47:27,-3.469446951953614e-18
2019-04-04 14:47:28,-3.469446951953614e-18
2019-04-04 14:47:29,-3.469446951953614e-18
2019-04-04 14:47:30,-3.469446951953614e-18
2019-04-04 14:47:31,-3.469446951953614e-18
2019-04-04 14:47:32,-3.469446951953614e-18
2019-04-04 14:47:33,-3.469446951953614e-18
2019-04-04 14:47:34,-3.469446951953614e-18
2019-04-04 14:47:35,-3.469446951953614e-18
2019-04-04 14:47:36,-3.469446951953614e-18
2019-04-04 14:47:37,-3.469446951953614e-18
2019-04-04 14:47:38,-3.469446951953614e-18
2019-04-04 14:47:39,-3.469446951953614e-18
2019-04-04 14:47:40,-3.469446951953614e-18
2019-04-04 14:47:41,-3.469446951953614e-18
2019-04-04 14:47:42,-3.469446951953614e-18
2019-04-04 14:47:43,-3.469446951953614e-18
2019-04-04 14:47:44,-3.469446951953614e-18
2019-04-04 14:47:45,-3.469446951953614e-18
2019-04-04 14:47:46,-3.469446951953614e-18
2019-04-04 14:47:47,-3.469446951953614e-18
2019-04-04 14:47:48,-3.469446951953614e-18
2019-04-04 14:47:49,-3.469446951953614e-18
2019-04-04 14:47:50,-3.469446951953614e-18
2019-04-04 14:47:51,-3.469446951953614e-18
2019-04-04 14:47:52,-3.469446951953614e-18
2019-04-04 14:47:53,-3.469446951953614e-18
2019-04-04 14:47:54,-3.469446951953614e-18
2019-04-04 14:47:55,-3.469446951953614e-18
2019-04-04 14:47:56,-3.469446951953614e-18
2019-04-04 14:47:57,-3.469446951953614e-18
2019-04-04 14:47:58,-3.469446951953614e-18
2019-04-04 14:47:59,-3.469446951953614e-18
2019-04-04 14:48:00,-3.469446951953614e-18
2019-04-04 14:48:01,-3.469446951953614e-18
2019-04-04 14:48:02,-3.469446951953614e-18
2019-04-04 14:48:03,-3.469446951953614e-18
2019-04-04 14:48:04,-3.469446951953614e-18
2019-04-04 14:48:05,-3.469446951953614e-18
2019-04-04 14:48:06,-3.469446951953614e-18
2019-04-04 14:48:07,-3.469446951953614e-18
2019-04-04 14:48:08,-3.469446951953614e-18
2019-04-04 14:48:09,-3.469446951953614e-18
2019-04-04 14:48:10,-3.469446951953614e-18
2019-04-04 14:48:11,-3.469446951953614e-18
2019-04-04 14:48:12,-3.469446951953614e-18
2019-04-04 14:48:13,-3.469446951953614e-18
2019-04-04 14:48:14,-3.469446951953614e-18
2019-04-04 14:48:15,-3.469446951953614e-18
2019-04-04 14:48:16,-3.469446951953614e-18
2019-04-04 14:48:17,-3.469446951953614e-18
2019-04-04 14:48:18,-3.469446951953614e-18
2019-04-04 14:48:19,-3.469446951953614e-18
2019-04-04 14:48:20,-3.469446951953614e-18
2019-04-04 14:48:21,-3.469446951953614e-18
2019-04-04 14:48:22,-3.469446951953614e-18
2019-04-04 14:48:23,-3.469446951953614e-18
2019-04-04 14:48:24,-3.469446951953614e-18
2019-04-04 14:48:25,-3.469446951953614e-18
2019-04-04 14:48:26,-3.469446951953614e-18
2019-04-04 14:48:27,-3.469446951953614e-18
2019-04-04 14:48:28,-3.469446951953614e-18
2019-04-04 14:48:29,-3.469446951953614e-18
2019-04-04 14:48:30,-3.469446951953614e-18
2019-04-04 14:48:31,-3.469446951953614e-18
2019-04-04 14:48:32,-3.469446951953614e-18
2019-04-04 14:48:33,-3.469446951953614e-18
2019-04-04 14:48:34,-3.469446951953614e-18
2019-04-04 14:48:35,-3.469446951953614e-18
2019-04-04 14:48:36,-3.469446951953614e-18
2019-04-04 14:48:37,-3.469446951953614e-18
2019-04-04 14:48:38,-3.469446951953614e-18
2019-04-04 14:48:39,-3.469446951953614e-18
2019-04-04 14:48:40,-3.469446951953614e-18
2019-04-04 14:48:41,-3.469446951953614e-18
2019-04-04 14:48:42,-3.469446951953614e-18
2019-04-04 14:48:43,-3.469446951953614e-18
2019-04-04 14:48:44,-3.469446951953614e-18
2019-04-04 14:48:45,-3.469446951953614e-18
2019-04-04 14:48:46,-3.469446951953614e-18
2019-04-04 14:48:47,-3.469446951953614e-18
2019-04-04 14:48:48,-3.469446951953614e-18
2019-04-04 14:48:49,-3.469446951953614e-18
2019-04-04 14:48:50,-3.469446951953614e-18
2019-04-04 14:48:51,-3.469446951953614e-18
2019-04-04 14:48:52,-3.469446951953614e-18
2019-04-04 14:48:53,-3.469446951953614e-18
2019-04-04 14:48:54,-3.469446951953614e-18
2019-04-04 14:48:55,-3.469446951953614e-18
2019-04-04 14:48:56,-3.469446951953614e-18
2019-04-04 14:48:57,-3.469446951953614e-18
2019-04-04 14:48:58,-3.469446951953614e-18
2019-04-04 14:48:59,-3.469446951953614e-18
2019-04-04 14:49:00,-3.469446951953614e-18
2019-04-04 14:49:01,-3.469446951953614e-18
2019-04-04 14:49:02,-3.469446951953614e-18
2019-04-04 14:49:03,-3.469446951953614e-18
2019-04-04 14:49:04,-3.469446951953614e-18
2019-04-04 14:49:05,-3.469446951953614e-18
2019-04-04 14:49:06,-3.469446951953614e-18
2019-04-04 14:49:07,-3.469446951953614e-18
2019-04-04 14:49:08,-3.469446951953614e-18
2019-04-04 14:49:09,-3.469446951953614e-18
2019-04-04 14:49:10,-3.469446951953614e-18
2019-04-04 14:49:11,-3.469446951953614e-18
2019-04-04 14:49:12,-3.469446951953614e-18
2019-04-04 14:49:13,-3.469446951953614e-18
2019-04-04 14:49:14,-3.469446951953614e-18
2019-04-04 14:49:15,-3.469446951953614e-18
2019-04-04 14:49:16,-3.469446951953614e-18
2019-04-04 14:49:17,-3.469446951953614e-18
2019-04-04 14:49:18,-3.469446951953614e-18
2019-04-04 14:49:19,-3.469446951953614e-18
2019-04-04 14:49:20,-3.469446951953614e-18
2019-04-04 14:49:21,-3.469446951953614e-18
2019-04-04 14:49:22,-3.469446951953614e-18
2019-04-04 14:49:23,-3.469446951953614e-18
2019-04-04 14:49:24,-3.469446951953614e-18
2019-04-04 14:49:25,-3.469446951953614e-18
2019-04-04 14:49:26,-3.469446951953614e-18
2019-04-04 14:49:27,-3.469446951953614e-18
2019-04-04 14:49:28,-3.469446951953614e-18
2019-04-04 14:49:29,-3.469446951953614e-18
2019-04-04 14:49:30,-3.469446951953614e-18
2019-04-04 14:49:31,-3.469446951953614e-18
2019-04-04 14:49:32,-3.469446951953614e-18
2019-04-04 14:49:33,-3.469446951953614e-18
2019-04-04 14:49:34,-3.469446951953614e-18
2019-04-04 14:49:35,-3.469446951953614e-18
2019-04-04 14:49:36,-3.469446951953614e-18
2019-04-04 14:49:37,-3.469446951953614e-18
2019-04-04 14:49:38,-3.469446951953614e-18
2019-04-04 14:49:39,-3.469446951953614e-18
2019-04-04 14:49:40,-3.469446951953614e-18
2019-04-04 14:49:41,-3.469446951953614e-18
2019-04-04 14:49:42,-3.469446951953614e-18
2019-04-04 14:49:43,-3.469446951953614e-18
2019-04-04 14:49:44,-3.469446951953614e-18
2019-04-04 14:49:45,-3.469446951953614e-18
2019-04-04 14:49:46,-3.469446951953614e-18
2019-04-04 14:49:47,-3.469446951953614e-18
2019-04-04 14:49:48,-3.469446951953614e-18
2019-04-04 14:49:49,-3.469446951953614e-18
2019-04-04 14:49:50,-3.469446951953614e-18
2019-04-04 14:49:51,-3.469446951953614e-18
2019-04-04 14:49:52,-3.469446951953614e-18
2019-04-04 14:49:53,-3.469446951953614e-18
2019-04-04 14:49:54,-3.469446951953614e-18
2019-04-04 14:49:55,-3.469446951953614e-18
2019-04-04 14:49:56,-3.469446951953614e-18
2019-04-04 14:49:57,-3.469446951953614e-18
2019-04-04 14:49:58,-3.469446951953614e-18
2019-04-04 14:49:59,-3.469446951953614e-18
2019-04-04 14:50:00,-3.469446951953614e-18
2019-04-04 14:50:01,-3.469446951953614e-18
2019-04-04 14:50:02,-3.469446951953614e-18
2019-04-04 14:50:03,-3.469446951953614e-18
2019-04-04 14:50:04,-3.469446951953614e-18
2019-04-04 14:50:05,-3.469446951953614e-18
2019-04-04 14:50:06,-3.469446951953614e-18
2019-04-04 14:50:07,-3.469446951953614e-18
2019-04-04 14:50:08,-3.469446951953614e-18
2019-04-04 14:50:09,-3.469446951953614e-18
2019-04-04 14:50:10,-3.469446951953614e-18
2019-04-04 14:50:11,-3.469446951953614e-18
2019-04-04 14:50:12,-3.469446951953614e-18
2019-04-04 14:50:13,-3.469446951953614e-18
2019-04-04 14:50:14,-3.469446951953614e-18
2019-04-04 14:50:15,-3.469446951953614e-18
2019-04-04 14:50:16,-3.469446951953614e-18
2019-04-04 14:50:17,-3.469446951953614e-18
2019-04-04 14:50:18,-3.469446951953614e-18
2019-04-04 14:50:19,-3.469446951953614e-18
2019-04-04 14:50:20,-3.469446951953614e-18
2019-04-04 14:50:21,-3.469446951953614e-18
2019-04-04 14:50:22,-3.469446951953614e-18
2019-04-04 14:50:23,-3.469446951953614e-18
2019-04-04 14:50:24,-3.469446951953614e-18
2019-04-04 14:50:25,-3.469446951953614e-18
2019-04-04 14:50:26,-3.469446951953614e-18
2019-04-04 14:50:27,-3.469446951953614e-18
2019-04-04 14:50:28,-3.469446951953614e-18
2019-04-04 14:50:29,-3.469446951953614e-18
2019-04-04 14:50:30,-3.469446951953614e-18
2019-04-04 14:50:31,-3.469446951953614e-18
2019-04-04 14:50:32,-3.469446951953614e-18
2019-04-04 14:50:33,-3.469446951953614e-18
2019-04-04 14:50:34,-3.469446951953614e-18
2019-04-04 14:50:35,-3.469446951953614e-18
2019-04-04 14:50:36,-3.469446951953614e-18
2019-04-04 14:50:37,-3.469446951953614e-18
2019-04-04 14:50:38,-3.469446951953614e-18
2019-04-04 14:50:39,-3.469446951953614e-18
2019-04-04 14:50:40,-3.469446951953614e-18
2019-04-04 14:50:41,-3.469446951953614e-18
2019-04-04 14:50:42,-3.469446951953614e-18
2019-04-04 14:50:43,-3.469446951953614e-18
2019-04-04 14:50:44,-3.469446951953614e-18
2019-04-04 14:50:45,-3.469446951953614e-18
2019-04-04 14:50:46,-3.469446951953614e-18
2019-04-04 14:50:47,-3.469446951953614e-18
2019-04-04 14:50:48,-3.469446951953614e-18
2019-04-04 14:50:49,-3.469446951953614e-18
2019-04-04 14:50:50,-3.469446951953614e-18
2019-04-04 14:50:51,-3.469446951953614e-18
2019-04-04 14:50:52,-3.469446951953614e-18
2019-04-04 14:50:53,-3.469446951953614e-18
2019-04-04 14:50:54,-3.469446951953614e-18
2019-04-04 14:50:55,-3.469446951953614e-18
2019-04-04 14:50:56,-3.469446951953614e-18
2019-04-04 14:50:57,-3.469446951953614e-18
2019-04-04 14:50:58,-3.469446951953614e-18
2019-04-04 14:50:59,-3.469446951953614e-18
2019-04-04 14:51:00,-3.469446951953614e-18
2019-04-04 14:51:01,-3.469446951953614e-18
2019-04-04 14:51:02,-3.469446951953614e-18
2019-04-04 14:51:03,-3.469446951953614e-18
2019-04-04 14:51:04,-3.469446951953614e-18
2019-04-04 14:51:05,-3.469446951953614e-18
2019-04-04 14:51:06,-3.469446951953614e-18
2019-04-04 14:51:07,-3.469446951953614e-18
2019-04-04 14:51:08,-3.469446951953614e-18
2019-04-04 14:51:09,-3.469446951953614e-18
2019-04-04 14:51:10,-3.469446951953614e-18
2019-04-04 14:51:11,-3.469446951953614e-18
2019-04-04 14:51:12,-3.469446951953614e-18
2019-04-04 14:51:13,-3.469446951953614e-18
2019-04-04 14:51:14,-3.469446951953614e-18
2019-04-04 14:51:15,-3.469446951953614e-18
2019-04-04 14:51:16,-3.469446951953614e-18
2019-04-04 14:51:17,-3.469446951953614e-18
2019-04-04 14:51:18,-3.469446951953614e-18
2019-04-04 14:51:19,-3.469446951953614e-18
2019-04-04 14:51:20,-3.469446951953614e-18
2019-04-04 14:51:21,-3.469446951953614e-18
2019-04-04 14:51:22,-3.469446951953614e-18
2019-04-04 14:51:23,-3.469446951953614e-18
2019-04-04 14:51:24,-3.469446951953614e-18
2019-04-04 14:51:25,-3.469446951953614e-18
2019-04-04 14:51:26,-3.469446951953614e-18
2019-04-04 14:51:27,-3.469446951953614e-18
2019-04-04 14:51:28,-3.469446951953614e-18
2019-04-04 14:51:29,-3.469446951953614e-18
2019-04-04 14:51:30,-3.469446951953614e-18
2019-04-04 14:51:31,-3.469446951953614e-18
2019-04-04 14:51:32,-3.469446951953614e-18
2019-04-04 14:51:33,-3.469446951953614e-18
2019-04-04 14:51:34,-3.469446951953614e-18
2019-04-04 14:51:35,-3.469446951953614e-18
2019-04-04 14:51:36,-3.469446951953614e-18
2019-04-04 14:51:37,-3.469446951953614e-18
2019-04-04 14:51:38,-3.469446951953614e-18
2019-04-04 14:51:39,-3.469446951953614e-18
2019-04-04 14:51:40,-3.469446951953614e-18
2019-04-04 14:51:41,-3.469446951953614e-18
2019-04-04 14:51:42,-3.469446951953614e-18
2019-04-04 14:51:43,-3.469446951953614e-18
2019-04-04 14:51:44,-3.469446951953614e-18
2019-04-04 14:51:45,-3.469446951953614e-18
2019-04-04 14:51:46,-3.469446951953614e-18
2019-04-04 14:51:47,-3.469446951953614e-18
2019-04-04 14:51:48,-3.469446951953614e-18
2019-04-04 14:51:49,-3.469446951953614e-18
2019-04-04 14:51:50,-3.469446951953614e-18
2019-04-04 14:51:51,-3.469446951953614e-18
2019-04-04 14:51:52,-3.469446951953614e-18
2019-04-04 14:51:53,-3.469446951953614e-18
2019-04-04 14:51:54,-3.469446951953614e-18
2019-04-04 14:51:55,-3.469446951953614e-18
2019-04-04 14:51:56,-3.469446951953614e-18
2019-04-04 14:51:57,-3.469446951953614e-18
2019-04-04 14:51:58,-3.469446951953614e-18
2019-04-04 14:51:59,-3.469446951953614e-18
2019-04-04 14:52:00,-3.469446951953614e-18
2019-04-04 14:52:01,-3.469446951953614e-18
2019-04-04 14:52:02,-3.469446951953614e-18
2019-04-04 14:52:03,-3.469446951953614e-18
2019-04-04 14:52:04,-3.469446951953614e-18
2019-04-04 14:52:05,-3.469446951953614e-18
2019-04-04 14:52:06,-3.469446951953614e-18
2019-04-04 14:52:07,-3.469446951953614e-18
2019-04-04 14:52:08,-3.469446951953614e-18
2019-04-04 14:52:09,-3.469446951953614e-18
2019-04-04 14:52:10,-3.469446951953614e-18
2019-04-04 14:52:11,-3.469446951953614e-18
2019-04-04 14:52:12,-3.469446951953614e-18
2019-04-04 14:52:13,-3.469446951953614e-18
2019-04-04 14:52:14,-3.469446951953614e-18
2019-04-04 14:52:15,-3.469446951953614e-18
2019-04-04 14:52:16,-3.469446951953614e-18
2019-04-04 14:52:17,-3.469446951953614e-18
2019-04-04 14:52:18,-3.469446951953614e-18
2019-04-04 14:52:19,-3.469446951953614e-18
2019-04-04 14:52:20,-3.469446951953614e-18
2019-04-04 14:52:21,-3.469446951953614e-18
2019-04-04 14:52:22,-3.469446951953614e-18
2019-04-04 14:52:23,-3.469446951953614e-18
2019-04-04 14:52:24,-3.469446951953614e-18
2019-04-04 14:52:25,-3.469446951953614e-18
2019-04-04 14:52:26,-3.469446951953614e-18
2019-04-04 14:52:27,-3.469446951953614e-18
2019-04-04 14:52:28,-3.469446951953614e-18
2019-04-04 14:52:29,-3.469446951953614e-18
2019-04-04 14:52:30,-3.469446951953614e-18
2019-04-04 14:52:31,-3.469446951953614e-18
2019-04-04 14:52:32,-3.469446951953614e-18
2019-04-04 14:52:33,-3.469446951953614e-18
2019-04-04 14:52:34,-3.469446951953614e-18
2019-04-04 14:52:35,-3.469446951953614e-18
2019-04-04 14:52:36,-3.469446951953614e-18
2019-04-04 14:52:37,-3.469446951953614e-18
2019-04-04 14:52:38,-3.469446951953614e-18
2019-04-04 14:52:39,-3.469446951953614e-18
2019-04-04 14:52:40,-3.469446951953614e-18
2019-04-04 14:52:41,-3.469446951953614e-18
2019-04-04 14:52:42,-3.469446951953614e-18
2019-04-04 14:52:43,-3.469446951953614e-18
2019-04-04 14:52:44,-3.469446951953614e-18
2019-04-04 14:52:45,-3.469446951953614e-18
2019-04-04 14:52:46,-3.469446951953614e-18
2019-04-04 14:52:47,-3.469446951953614e-18
2019-04-04 14:52:48,-3.469446951953614e-18
2019-04-04 14:52:49,-3.469446951953614e-18
2019-04-04 14:52:50,-3.469446951953614e-18
2019-04-04 14:52:51,-3.469446951953614e-18
2019-04-04 14:52:52,-3.469446951953614e-18
2019-04-04 14:52:53,-3.469446951953614e-18
2019-04-04 14:52:54,-3.469446951953614e-18
2019-04-04 14:52:55,-3.469446951953614e-18
2019-04-04 14:52:56,-3.469446951953614e-18
2019-04-04 14:52:57,-3.469446951953614e-18
2019-04-04 14:52:58,-3.469446951953614e-18
2019-04-04 14:52:59,-3.469446951953614e-18
2019-04-04 14:53:00,-3.469446951953614e-18
2019-04-04 14:53:01,-3.469446951953614e-18
2019-04-04 14:53:02,-3.469446951953614e-18
2019-04-04 14:53:03,-3.469446951953614e-18
2019-04-04 14:53:04,-3.469446951953614e-18
2019-04-04 14:53:05,-3.469446951953614e-18
2019-04-04 14:53:06,-3.469446951953614e-18
2019-04-04 14:53:07,-3.469446951953614e-18
2019-04-04 14:53:08,-3.469446951953614e-18
2019-04-04 14:53:09,-3.469446951953614e-18
2019-04-04 14:53:10,-3.469446951953614e-18
2019-04-04 14:53:11,-3.469446951953614e-18
2019-04-04 14:53:12,-3.469446951953614e-18
2019-04-04 14:53:13,-3.469446951953614e-18
2019-04-04 14:53:14,-3.469446951953614e-18
2019-04-04 14:53:15,-3.469446951953614e-18
2019-04-04 14:53:16,-3.469446951953614e-18
2019-04-04 14:53:17,-3.469446951953614e-18
2019-04-04 14:53:18,-3.469446951953614e-18
2019-04-04 14:53:19,-3.469446951953614e-18
2019-04-04 14:53:20,-3.469446951953614e-18
2019-04-04 14:53:21,-3.469446951953614e-18
2019-04-04 14:53:22,-3.469446951953614e-18
2019-04-04 14:53:23,-3.469446951953614e-18
2019-04-04 14:53:24,-3.469446951953614e-18
2019-04-04 14:53:25,-3.469446951953614e-18
2019-04-04 14:53:26,-3.469446951953614e-18
2019-04-04 14:53:27,-3.469446951953614e-18
2019-04-04 14:53:28,-3.469446951953614e-18
2019-04-04 14:53:29,-3.469446951953614e-18
2019-04-04 14:53:30,-3.469446951953614e-18
2019-04-04 14:53:31,-3.469446951953614e-18
2019-04-04 14:53:32,-3.469446951953614e-18
2019-04-04 14:53:33,-3.469446951953614e-18
2019-04-04 14:53:34,-3.469446951953614e-18
2019-04-04 14:53:35,-3.469446951953614e-18
2019-04-04 14:53:36,-3.469446951953614e-18
2019-04-04 14:53:37,-3.469446951953614e-18
2019-04-04 14:53:38,-3.469446951953614e-18
2019-04-04 14:53:39,-3.469446951953614e-18
2019-04-04 14:53:40,-3.469446951953614e-18
2019-04-04 14:53:41,-3.469446951953614e-18
2019-04-04 14:53:42,-3.469446951953614e-18
2019-04-04 14:53:43,-3.469446951953614e-18
2019-04-04 14:53:44,-3.469446951953614e-18
2019-04-04 14:53:45,-3.469446951953614e-18
2019-04-04 14:53:46,-3.469446951953614e-18
2019-04-04 14:53:47,-3.469446951953614e-18
2019-04-04 14:53:48,-3.469446951953614e-18
2019-04-04 14:53:49,-3.469446951953614e-18
2019-04-04 14:53:50,-3.469446951953614e-18
2019-04-04 14:53:51,-3.469446951953614e-18
2019-04-04 14:53:52,-3.469446951953614e-18
2019-04-04 14:53:53,-3.469446951953614e-18
2019-04-04 14:53:54,-3.469446951953614e-18
2019-04-04 14:53:55,-3.469446951953614e-18
2019-04-04 14:53:56,-3.469446951953614e-18
2019-04-04 14:53:57,-3.469446951953614e-18
2019-04-04 14:53:58,-3.469446951953614e-18
2019-04-04 14:53:59,-3.469446951953614e-18
2019-04-04 14:54:00,-3.469446951953614e-18
2019-04-04 14:54:01,-3.469446951953614e-18
2019-04-04 14:54:02,-3.469446951953614e-18
2019-04-04 14:54:03,-3.469446951953614e-18
2019-04-04 14:54:04,-3.469446951953614e-18
2019-04-04 14:54:05,-3.469446951953614e-18
2019-04-04 14:54:06,-3.469446951953614e-18
2019-04-04 14:54:07,-3.469446951953614e-18
2019-04-04 14:54:08,-3.469446951953614e-18
2019-04-04 14:54:09,-3.469446951953614e-18
2019-04-04 14:54:10,-3.469446951953614e-18
2019-04-04 14:54:11,-3.469446951953614e-18
2019-04-04 14:54:12,-3.469446951953614e-18
2019-04-04 14:54:13,-3.469446951953614e-18
2019-04-04 14:54:14,-3.469446951953614e-18
2019-04-04 14:54:15,-3.469446951953614e-18
2019-04-04 14:54:16,-3.469446951953614e-18
2019-04-04 14:54:17,-3.469446951953614e-18
2019-04-04 14:54:18,-3.469446951953614e-18
2019-04-04 14:54:19,-3.469446951953614e-18
2019-04-04 14:54:20,-3.469446951953614e-18
2019-04-04 14:54:21,-3.469446951953614e-18
2019-04-04 14:54:22,-3.469446951953614e-18
2019-04-04 14:54:23,-3.469446951953614e-18
2019-04-04 14:54:24,-3.469446951953614e-18
2019-04-04 14:54:25,-3.469446951953614e-18
2019-04-04 14:54:26,-3.469446951953614e-18
2019-04-04 14:54:27,-3.469446951953614e-18
2019-04-04 14:54:28,-3.469446951953614e-18
2019-04-04 14:54:29,-3.469446951953614e-18
2019-04-04 14:54:30,-3.469446951953614e-18
2019-04-04 14:54:31,-3.469446951953614e-18
2019-04-04 14:54:32,-3.469446951953614e-18
2019-04-04 14:54:33,-3.469446951953614e-18
2019-04-04 14:54:34,-3.469446951953614e-18
2019-04-04 14:54:35,-3.469446951953614e-18
2019-04-04 14:54:36,-3.469446951953614e-18
2019-04-04 14:54:37,-3.469446951953614e-18
2019-04-04 14:54:38,-3.469446951953614e-18
2019-04-04 14:54:39,-3.469446951953614e-18
2019-04-04 14:54:40,-3.469446951953614e-18
2019-04-04 14:54:41,-3.469446951953614e-18
2019-04-04 14:54:42,-3.469446951953614e-18
2019-04-04 14:54:43,-3.469446951953614e-18
2019-04-04 14:54:44,-3.469446951953614e-18
2019-04-04 14:54:45,-3.469446951953614e-18
2019-04-04 14:54:46,-3.469446951953614e-18
2019-04-04 14:54:47,-3.469446951953614e-18
2019-04-04 14:54:48,-3.469446951953614e-18
2019-04-04 14:54:49,-3.469446951953614e-18
2019-04-04 14:54:50,-3.469446951953614e-18
2019-04-04 14:54:51,-3.469446951953614e-18
2019-04-04 14:54:52,-3.469446951953614e-18
2019-04-04 14:54:53,-3.469446951953614e-18
2019-04-04 14:54:54,-3.469446951953614e-18
2019-04-04 14:54:55,-3.469446951953614e-18
2019-04-04 14:54:56,-3.469446951953614e-18
2019-04-04 14:54:57,-3.469446951953614e-18
2019-04-04 14:54:58,-3.469446951953614e-18
2019-04-04 14:54:59,-3.469446951953614e-18
2019-04-04 14:55:00,-3.469446951953614e-18
2019-04-04 14:55:01,-3.469446951953614e-18
2019-04-04 14:55:02,-3.469446951953614e-18
2019-04-04 14:55:03,-3.469446951953614e-18
2019-04-04 14:55:04,-3.469446951953614e-18
2019-04-04 14:55:05,-3.469446951953614e-18
2019-04-04 14:55:06,-3.469446951953614e-18
2019-04-04 14:55:07,-3.469446951953614e-18
2019-04-04 14:55:08,-3.469446951953614e-18
2019-04-04 14:55:09,-3.469446951953614e-18
2019-04-04 14:55:10,-3.469446951953614e-18
2019-04-04 14:55:11,-3.469446951953614e-18
2019-04-04 14:55:12,-3.469446951953614e-18
2019-04-04 14:55:13,-3.469446951953614e-18
2019-04-04 14:55:14,-3.469446951953614e-18
2019-04-04 14:55:15,-3.469446951953614e-18
2019-04-04 14:55:16,-3.469446951953614e-18
2019-04-04 14:55:17,-3.469446951953614e-18
2019-04-04 14:55:18,-3.469446951953614e-18
2019-04-04 14:55:19,-3.469446951953614e-18
2019-04-04 14:55:20,-3.469446951953614e-18
2019-04-04 14:55:21,-3.469446951953614e-18
2019-04-04 14:55:22,-3.469446951953614e-18
2019-04-04 14:55:23,-3.469446951953614e-18
2019-04-04 14:55:24,-3.469446951953614e-18
2019-04-04 14:55:25,-3.469446951953614e-18
2019-04-04 14:55:26,-3.469446951953614e-18
2019-04-04 14:55:27,-3.469446951953614e-18
2019-04-04 14:55:28,-3.469446951953614e-18
2019-04-04 14:55:29,-3.469446951953614e-18
2019-04-04 14:55:30,-3.469446951953614e-18
2019-04-04 14:55:31,-3.469446951953614e-18
2019-04-04 14:55:32,-3.469446951953614e-18
2019-04-04 14:55:33,-3.469446951953614e-18
2019-04-04 14:55:34,-3.469446951953614e-18
2019-04-04 14:55:35,-3.469446951953614e-18
2019-04-04 14:55:36,-3.469446951953614e-18
2019-04-04 14:55:37,-3.469446951953614e-18
2019-04-04 14:55:38,-3.469446951953614e-18
2019-04-04 14:55:39,-3.469446951953614e-18
2019-04-04 14:55:40,-3.469446951953614e-18
2019-04-04 14:55:41,-3.469446951953614e-18
2019-04-04 14:55:42,-3.469446951953614e-18
2019-04-04 14:55:43,-3.469446951953614e-18
2019-04-04 14:55:44,-3.469446951953614e-18
2019-04-04 14:55:45,-3.469446951953614e-18
2019-04-04 14:55:46,-3.469446951953614e-18
2019-04-04 14:55:47,-3.469446951953614e-18
2019-04-04 14:55:48,-3.469446951953614e-18
2019-04-04 14:55:49,-3.469446951953614e-18
2019-04-04 14:55:50,-3.469446951953614e-18
2019-04-04 14:55:51,-3.469446951953614e-18
2019-04-04 14:55:52,-3.469446951953614e-18
2019-04-04 14:55:53,-3.469446951953614e-18
2019-04-04 14:55:54,-3.469446951953614e-18
2019-04-04 14:55:55,-3.469446951953614e-18
2019-04-04 14:55:56,-3.469446951953614e-18
2019-04-04 14:55:57,-3.469446951953614e-18
2019-04-04 14:55:58,-3.469446951953614e-18
2019-04-04 14:55:59,-3.469446951953614e-18
2019-04-04 14:56:00,-3.469446951953614e-18
2019-04-04 14:56:01,-3.469446951953614e-18
2019-04-04 14:56:02,-3.469446951953614e-18
2019-04-04 14:56:03,-3.469446951953614e-18
2019-04-04 14:56:04,-3.469446951953614e-18
2019-04-04 14:56:05,-3.469446951953614e-18
2019-04-04 14:56:06,-3.469446951953614e-18
2019-04-04 14:56:07,-3.469446951953614e-18
2019-04-04 14:56:08,-3.469446951953614e-18
2019-04-04 14:56:09,-3.469446951953614e-18
2019-04-04 14:56:10,-3.469446951953614e-18
2019-04-04 14:56:11,-3.469446951953614e-18
2019-04-04 14:56:12,-3.469446951953614e-18
2019-04-04 14:56:13,-3.469446951953614e-18
2019-04-04 14:56:14,-3.469446951953614e-18
2019-04-04 14:56:15,-3.469446951953614e-18
2019-04-04 14:56:16,-3.469446951953614e-18
2019-04-04 14:56:17,-3.469446951953614e-18
2019-04-04 14:56:18,-3.469446951953614e-18
2019-04-04 14:56:19,-3.469446951953614e-18
2019-04-04 14:56:20,-3.469446951953614e-18
2019-04-04 14:56:21,-3.469446951953614e-18
2019-04-04 14:56:22,-3.469446951953614e-18
2019-04-04 14:56:23,-3.469446951953614e-18
2019-04-04 14:56:24,-3.469446951953614e-18
2019-04-04 14:56:25,-3.469446951953614e-18
2019-04-04 14:56:26,-3.469446951953614e-18
2019-04-04 14:56:27,-3.469446951953614e-18
2019-04-04 14:56:28,-3.469446951953614e-18
2019-04-04 14:56:29,-3.469446951953614e-18
2019-04-04 14:56:30,-3.469446951953614e-18
2019-04-04 14:56:31,-3.469446951953614e-18
2019-04-04 14:56:32,-3.469446951953614e-18
2019-04-04 14:56:33,-3.469446951953614e-18
2019-04-04 14:56:34,-3.469446951953614e-18
2019-04-04 14:56:35,-3.469446951953614e-18
2019-04-04 14:56:36,-3.469446951953614e-18
2019-04-04 14:56:37,-3.469446951953614e-18
2019-04-04 14:56:38,-3.469446951953614e-18
2019-04-04 14:56:39,-3.469446951953614e-18
2019-04-04 14:56:40,-3.469446951953614e-18
2019-04-04 14:56:41,-3.469446951953614e-18
2019-04-04 14:56:42,-3.469446951953614e-18
2019-04-04 14:56:43,-3.469446951953614e-18
2019-04-04 14:56:44,-3.469446951953614e-18
2019-04-04 14:56:45,-3.469446951953614e-18
2019-04-04 14:56:46,-3.469446951953614e-18
2019-04-04 14:56:47,-3.469446951953614e-18
2019-04-04 14:56:48,-3.469446951953614e-18
2019-04-04 14:56:49,-3.469446951953614e-18
2019-04-04 14:56:50,-3.469446951953614e-18
2019-04-04 14:56:51,-3.469446951953614e-18
2019-04-04 14:56:52,-3.469446951953614e-18
2019-04-04 14:56:53,-3.469446951953614e-18
2019-04-04 14:56:54,-3.469446951953614e-18
2019-04-04 14:56:55,-3.469446951953614e-18
2019-04-04 14:56:56,-3.469446951953614e-18
2019-04-04 14:56:57,-3.469446951953614e-18
2019-04-04 14:56:58,-3.469446951953614e-18
2019-04-04 14:56:59,-3.469446951953614e-18
2019-04-04 14:57:00,-3.469446951953614e-18
2019-04-04 14:57:01,-3.469446951953614e-18
2019-04-04 14:57:02,-3.469446951953614e-18
2019-04-04 14:57:03,-3.469446951953614e-18
2019-04-04 14:57:04,-3.469446951953614e-18
2019-04-04 14:57:05,-3.469446951953614e-18
2019-04-04 14:57:06,-3.469446951953614e-18
2019-04-04 14:57:07,-3.469446951953614e-18
2019-04-04 14:57:08,-3.469446951953614e-18
2019-04-04 14:57:09,-3.469446951953614e-18
2019-04-04 14:57:10,-3.469446951953614e-18
2019-04-04 14:57:11,-3.469446951953614e-18
2019-04-04 14:57:12,-3.469446951953614e-18
2019-04-04 14:57:13,-3.469446951953614e-18
2019-04-04 14:57:14,-3.469446951953614e-18
2019-04-04 14:57:15,-3.469446951953614e-18
2019-04-04 14:57:16,-3.469446951953614e-18
2019-04-04 14:57:17,-3.469446951953614e-18
2019-04-04 14:57:18,-3.469446951953614e-18
2019-04-04 14:57:19,-3.469446951953614e-18
2019-04-04 14:57:20,-3.469446951953614e-18
2019-04-04 14:57:21,-3.469446951953614e-18
2019-04-04 14:57:22,-3.469446951953614e-18
2019-04-04 14:57:23,-3.469446951953614e-18
2019-04-04 14:57:24,-3.469446951953614e-18
2019-04-04 14:57:25,-3.469446951953614e-18
2019-04-04 14:57:26,-3.469446951953614e-18
2019-04-04 14:57:27,-3.469446951953614e-18
2019-04-04 14:57:28,-3.469446951953614e-18
2019-04-04 14:57:29,-3.469446951953614e-18
2019-04-04 14:57:30,-3.469446951953614e-18
2019-04-04 14:57:31,-3.469446951953614e-18
2019-04-04 14:57:32,-3.469446951953614e-18
2019-04-04 14:57:33,-3.469446951953614e-18
2019-04-04 14:57:34,-3.469446951953614e-18
2019-04-04 14:57:35,-3.469446951953614e-18
2019-04-04 14:57:36,-3.469446951953614e-18
2019-04-04 14:57:37,-3.469446951953614e-18
2019-04-04 14:57:38,-3.469446951953614e-18
2019-04-04 14:57:39,-3.469446951953614e-18
2019-04-04 14:57:40,-3.469446951953614e-18
2019-04-04 14:57:41,-3.469446951953614e-18
2019-04-04 14:57:42,-3.469446951953614e-18
2019-04-04 14:57:43,-3.469446951953614e-18
2019-04-04 14:57:44,-3.469446951953614e-18
2019-04-04 14:57:45,-3.469446951953614e-18
2019-04-04 14:57:46,-3.469446951953614e-18
2019-04-04 14:57:47,-3.469446951953614e-18
2019-04-04 14:57:48,-3.469446951953614e-18
2019-04-04 14:57:49,-3.469446951953614e-18
2019-04-04 14:57:50,-3.469446951953614e-18
2019-04-04 14:57:51,-3.469446951953614e-18
2019-04-04 14:57:52,-3.469446951953614e-18
2019-04-04 14:57:53,-3.469446951953614e-18
2019-04-04 14:57:54,-3.469446951953614e-18
2019-04-04 14:57:55,-3.469446951953614e-18
2019-04-04 14:57:56,-3.469446951953614e-18
2019-04-04 14:57:57,-3.469446951953614e-18
2019-04-04 14:57:58,-3.469446951953614e-18
2019-04-04 14:57:59,-3.469446951953614e-18
2019-04-04 14:58:00,-3.469446951953614e-18
2019-04-04 14:58:01,-3.469446951953614e-18
2019-04-04 14:58:02,-3.469446951953614e-18
2019-04-04 14:58:03,-3.469446951953614e-18
2019-04-04 14:58:04,-3.469446951953614e-18
2019-04-04 14:58:05,-3.469446951953614e-18
2019-04-04 14:58:06,-3.469446951953614e-18
2019-04-04 14:58:07,-3.469446951953614e-18
2019-04-04 14:58:08,-3.469446951953614e-18
2019-04-04 14:58:09,-3.469446951953614e-18
2019-04-04 14:58:10,-3.469446951953614e-18
2019-04-04 14:58:11,-3.469446951953614e-18
2019-04-04 14:58:12,-0.0004761904761905536
2019-04-04 14:58:13,-0.0004761904761905536
2019-04-04 14:58:14,-0.0004761904761905536
2019-04-04 14:58:15,-0.0004761904761905536
2019-04-04 14:58:16,-0.0004761904761905536
2019-04-04 14:58:17,-3.469446951953614e-18
2019-04-04 14:58:18,-3.469446951953614e-18
2019-04-04 14:58:19,-3.469446951953614e-18
2019-04-04 14:58:20,-3.469446951953614e-18
2019-04-04 14:58:21,-3.469446951953614e-18
2019-04-04 14:58:22,-3.469446951953614e-18
2019-04-04 14:58:23,-3.469446951953614e-18
2019-04-04 14:58:24,-3.469446951953614e-18
2019-04-04 14:58:25,-3.469446951953614e-18
2019-04-04 14:58:26,-3.469446951953614e-18
2019-04-04 14:58:27,-3.469446951953614e-18
2019-04-04 14:58:28,-3.469446951953614e-18
2019-04-04 14:58:29,-3.469446951953614e-18
2019-04-04 14:58:30,-3.469446951953614e-18
2019-04-04 14:58:31,-3.469446951953614e-18
2019-04-04 14:58:32,-3.469446951953614e-18
2019-04-04 14:58:33,-3.469446951953614e-18
2019-04-04 14:58:34,-3.469446951953614e-18
2019-04-04 14:58:35,-3.469446951953614e-18
2019-04-04 14:58:36,-3.469446951953614e-18
2019-04-04 14:58:37,-3.469446951953614e-18
2019-04-04 14:58:38,-3.469446951953614e-18
2019-04-04 14:58:39,-3.469446951953614e-18
2019-04-04 14:58:40,-3.469446951953614e-18
2019-04-04 14:58:41,-3.469446951953614e-18
2019-04-04 14:58:42,-3.469446951953614e-18
2019-04-04 14:58:43,-3.469446951953614e-18
2019-04-04 14:58:44,-3.469446951953614e-18
2019-04-04 14:58:45,-3.469446951953614e-18
2019-04-04 14:58:46,-3.469446951953614e-18
2019-04-04 14:58:47,-3.469446951953614e-18
2019-04-04 14:58:48,-3.469446951953614e-18
2019-04-04 14:58:49,-3.469446951953614e-18
2019-04-04 14:58:50,-3.469446951953614e-18
2019-04-04 14:58:51,-3.469446951953614e-18
2019-04-04 14:58:52,-3.469446951953614e-18
2019-04-04 14:58:53,-3.469446951953614e-18
2019-04-04 14:58:54,-3.469446951953614e-18
2019-04-04 14:58:55,-3.469446951953614e-18
2019-04-04 14:58:56,-3.469446951953614e-18
2019-04-04 14:58:57,-3.469446951953614e-18
2019-04-04 14:58:58,-3.469446951953614e-18
2019-04-04 14:58:59,-3.469446951953614e-18
2019-04-04 14:59:00,-3.469446951953614e-18
2019-04-04 14:59:01,-3.469446951953614e-18
2019-04-04 14:59:02,-3.469446951953614e-18
2019-04-04 14:59:03,-3.469446951953614e-18
2019-04-04 14:59:04,-3.469446951953614e-18
2019-04-04 14:59:05,-3.469446951953614e-18
2019-04-04 14:59:06,-3.469446951953614e-18
2019-04-04 14:59:07,-3.469446951953614e-18
2019-04-04 14:59:08,-3.469446951953614e-18
2019-04-04 14:59:09,-3.469446951953614e-18
2019-04-04 14:59:10,-3.469446951953614e-18
2019-04-04 14:59:11,-3.469446951953614e-18
2019-04-04 14:59:12,-3.469446951953614e-18
2019-04-04 14:59:13,-3.469446951953614e-18
2019-04-04 14:59:14,-3.469446951953614e-18
2019-04-04 14:59:15,-3.469446951953614e-18
2019-04-04 14:59:16,-3.469446951953614e-18
2019-04-04 14:59:17,-3.469446951953614e-18
2019-04-04 14:59:18,-3.469446951953614e-18
2019-04-04 14:59:19,-3.469446951953614e-18
2019-04-04 14:59:20,-3.469446951953614e-18
2019-04-04 14:59:21,-3.469446951953614e-18
2019-04-04 14:59:22,-3.469446951953614e-18
2019-04-04 14:59:23,-3.469446951953614e-18
2019-04-04 14:59:24,-3.469446951953614e-18
2019-04-04 14:59:25,-3.469446951953614e-18
2019-04-04 14:59:26,-3.469446951953614e-18
2019-04-04 14:59:27,-3.469446951953614e-18
2019-04-04 14:59:28,-3.469446951953614e-18
2019-04-04 14:59:29,-3.469446951953614e-18
2019-04-04 14:59:30,-3.469446951953614e-18
2019-04-04 14:59:31,-3.469446951953614e-18
2019-04-04 14:59:32,-3.469446951953614e-18
2019-04-04 14:59:33,-3.469446951953614e-18
2019-04-04 14:59:34,-3.469446951953614e-18
2019-04-04 14:59:35,-3.469446951953614e-18
2019-04-04 14:59:36,-3.469446951953614e-18
2019-04-04 14:59:37,-3.469446951953614e-18
2019-04-04 14:59:38,-3.469446951953614e-18
2019-04-04 14:59:39,-3.469446951953614e-18
2019-04-04 14:59:40,-3.469446951953614e-18
2019-04-04 14:59:41,-3.469446951953614e-18
2019-04-04 14:59:42,-3.469446951953614e-18
2019-04-04 14:59:43,-3.469446951953614e-18
2019-04-04 14:59:44,-3.469446951953614e-18
2019-04-04 14:59:45,-3.469446951953614e-18
2019-04-04 14:59:46,-3.469446951953614e-18
2019-04-04 14:59:47,-3.469446951953614e-18
2019-04-04 14:59:48,-3.469446951953614e-18
2019-04-04 14:59:49,-3.469446951953614e-18
2019-04-04 14:59:50,-3.469446951953614e-18
2019-04-04 14:59:51,-3.469446951953614e-18
2019-04-04 14:59:52,-3.469446951953614e-18
2019-04-04 14:59:53,-3.469446951953614e-18
2019-04-04 14:59:54,-3.469446951953614e-18
2019-04-04 14:59:55,-3.469446951953614e-18
2019-04-04 14:59:56,-3.469446951953614e-18
2019-04-04 14:59:57,-3.469446951953614e-18
2019-04-04 14:59:58,-3.469446951953614e-18
2019-04-04 14:59:59,-3.469446951953614e-18
2019-04-04 15:00:00,-3.469446951953614e-18
2019-04-04 15:00:01,-3.469446951953614e-18
2019-04-04 15:00:02,-3.469446951953614e-18
2019-04-04 15:00:03,-3.469446951953614e-18
2019-04-04 15:00:04,-3.469446951953614e-18
2019-04-04 15:00:05,-3.469446951953614e-18
2019-04-04 15:00:06,-3.469446951953614e-18
2019-04-04 15:00:07,-3.469446951953614e-18
2019-04-04 15:00:08,-3.469446951953614e-18
2019-04-04 15:00:09,-3.469446951953614e-18
2019-04-04 15:00:10,-3.469446951953614e-18
2019-04-04 15:00:11,-3.469446951953614e-18
2019-04-04 15:00:12,-3.469446951953614e-18
2019-04-04 15:00:13,-3.469446951953614e-18
2019-04-04 15:00:14,-3.469446951953614e-18
2019-04-04 15:00:15,-3.469446951953614e-18
2019-04-04 15:00:16,-3.469446951953614e-18
2019-04-04 15:00:17,-3.469446951953614e-18
2019-04-04 15:00:18,-3.469446951953614e-18
2019-04-04 15:00:19,-3.469446951953614e-18
2019-04-04 15:00:20,-3.469446951953614e-18
2019-04-04 15:00:21,-3.469446951953614e-18
2019-04-04 15:00:22,-3.469446951953614e-18
2019-04-04 15:00:23,-3.469446951953614e-18
2019-04-04 15:00:24,-3.469446951953614e-18
2019-04-04 15:00:25,-3.469446951953614e-18
2019-04-04 15:00:26,-3.469446951953614e-18
2019-04-04 15:00:27,-3.469446951953614e-18
2019-04-04 15:00:28,-3.469446951953614e-18
2019-04-04 15:00:29,-3.469446951953614e-18
2019-04-04 15:00:30,-3.469446951953614e-18
2019-04-04 15:00:31,-3.469446951953614e-18
2019-04-04 15:00:32,-3.469446951953614e-18
2019-04-04 15:00:33,-3.469446951953614e-18
2019-04-04 15:00:34,-3.469446951953614e-18
2019-04-04 15:00:35,-3.469446951953614e-18
2019-04-04 15:00:36,-3.469446951953614e-18
2019-04-04 15:00:37,-3.469446951953614e-18
2019-04-04 15:00:38,-3.469446951953614e-18
2019-04-04 15:00:39,-3.469446951953614e-18
2019-04-04 15:00:40,-3.469446951953614e-18
2019-04-04 15:00:41,-3.469446951953614e-18
2019-04-04 15:00:42,-3.469446951953614e-18
2019-04-04 15:00:43,-3.469446951953614e-18
2019-04-04 15:00:44,-3.469446951953614e-18
2019-04-04 15:00:45,-3.469446951953614e-18
2019-04-04 15:00:46,-3.469446951953614e-18
2019-04-04 15:00:47,-3.469446951953614e-18
2019-04-04 15:00:48,-3.469446951953614e-18
2019-04-04 15:00:49,-3.469446951953614e-18
2019-04-04 15:00:50,-3.469446951953614e-18
2019-04-04 15:00:51,-3.469446951953614e-18
2019-04-04 15:00:52,-3.469446951953614e-18
2019-04-04 15:00:53,-3.469446951953614e-18
2019-04-04 15:00:54,-3.469446951953614e-18
2019-04-04 15:00:55,-3.469446951953614e-18
2019-04-04 15:00:56,-3.469446951953614e-18
2019-04-04 15:00:57,-3.469446951953614e-18
2019-04-04 15:00:58,-3.469446951953614e-18
2019-04-04 15:00:59,-3.469446951953614e-18
2019-04-04 15:01:00,-3.469446951953614e-18
2019-04-04 15:01:01,-3.469446951953614e-18
2019-04-04 15:01:02,-3.469446951953614e-18
2019-04-04 15:01:03,-3.469446951953614e-18
2019-04-04 15:01:04,-3.469446951953614e-18
2019-04-04 15:01:05,-3.469446951953614e-18
2019-04-04 15:01:06,-3.469446951953614e-18
2019-04-04 15:01:07,-3.469446951953614e-18
2019-04-04 15:01:08,-3.469446951953614e-18
2019-04-04 15:01:09,-3.469446951953614e-18
2019-04-04 15:01:10,-3.469446951953614e-18
2019-04-04 15:01:11,-3.469446951953614e-18
2019-04-04 15:01:12,-3.469446951953614e-18
2019-04-04 15:01:13,-3.469446951953614e-18
2019-04-04 15:01:14,-3.469446951953614e-18
2019-04-04 15:01:15,-3.469446951953614e-18
2019-04-04 15:01:16,-3.469446951953614e-18
2019-04-04 15:01:17,-3.469446951953614e-18
2019-04-04 15:01:18,-3.469446951953614e-18
2019-04-04 15:01:19,-3.469446951953614e-18
2019-04-04 15:01:20,-3.469446951953614e-18
2019-04-04 15:01:21,-3.469446951953614e-18
2019-04-04 15:01:22,-3.469446951953614e-18
2019-04-04 15:01:23,-3.469446951953614e-18
2019-04-04 15:01:24,-3.469446951953614e-18
2019-04-04 15:01:25,-3.469446951953614e-18
2019-04-04 15:01:26,-3.469446951953614e-18
2019-04-04 15:01:27,-3.469446951953614e-18
2019-04-04 15:01:28,-3.469446951953614e-18
2019-04-04 15:01:29,-3.469446951953614e-18
2019-04-04 15:01:30,-3.469446951953614e-18
2019-04-04 15:01:31,-3.469446951953614e-18
2019-04-04 15:01:32,-3.469446951953614e-18
2019-04-04 15:01:33,-3.469446951953614e-18
2019-04-04 15:01:34,-3.469446951953614e-18
2019-04-04 15:01:35,-3.469446951953614e-18
2019-04-04 15:01:36,-3.469446951953614e-18
2019-04-04 15:01:37,-3.469446951953614e-18
2019-04-04 15:01:38,-3.469446951953614e-18
2019-04-04 15:01:39,-3.469446951953614e-18
2019-04-04 15:01:40,-3.469446951953614e-18
2019-04-04 15:01:41,-3.469446951953614e-18
2019-04-04 15:01:42,-3.469446951953614e-18
2019-04-04 15:01:43,-3.469446951953614e-18
2019-04-04 15:01:44,-3.469446951953614e-18
2019-04-04 15:01:45,-3.469446951953614e-18
2019-04-04 15:01:46,-3.469446951953614e-18
2019-04-04 15:01:47,-3.469446951953614e-18
2019-04-04 15:01:48,-3.469446951953614e-18
2019-04-04 15:01:49,-3.469446951953614e-18
2019-04-04 15:01:50,-3.469446951953614e-18
2019-04-04 15:01:51,-3.469446951953614e-18
2019-04-04 15:01:52,-3.469446951953614e-18
2019-04-04 15:01:53,-3.469446951953614e-18
2019-04-04 15:01:54,-3.469446951953614e-18
2019-04-04 15:01:55,-3.469446951953614e-18
2019-04-04 15:01:56,-3.469446951953614e-18
2019-04-04 15:01:57,-3.469446951953614e-18
2019-04-04 15:01:58,-3.469446951953614e-18
2019-04-04 15:01:59,-3.469446951953614e-18
2019-04-04 15:02:00,-3.469446951953614e-18
2019-04-04 15:02:01,-3.469446951953614e-18
2019-04-04 15:02:02,-3.469446951953614e-18
2019-04-04 15:02:03,-3.469446951953614e-18
2019-04-04 15:02:04,-3.469446951953614e-18
2019-04-04 15:02:05,-3.469446951953614e-18
2019-04-04 15:02:06,-3.469446951953614e-18
2019-04-04 15:02:07,-3.469446951953614e-18
2019-04-04 15:02:08,-3.469446951953614e-18
2019-04-04 15:02:09,-3.469446951953614e-18
2019-04-04 15:02:10,-3.469446951953614e-18
2019-04-04 15:02:11,-3.469446951953614e-18
2019-04-04 15:02:12,-3.469446951953614e-18
2019-04-04 15:02:13,-3.469446951953614e-18
2019-04-04 15:02:14,-3.469446951953614e-18
2019-04-04 15:02:15,-3.469446951953614e-18
2019-04-04 15:02:16,-3.469446951953614e-18
2019-04-04 15:02:17,-3.469446951953614e-18
2019-04-04 15:02:18,-3.469446951953614e-18
2019-04-04 15:02:19,-3.469446951953614e-18
2019-04-04 15:02:20,-3.469446951953614e-18
2019-04-04 15:02:21,-3.469446951953614e-18
2019-04-04 15:02:22,-3.469446951953614e-18
2019-04-04 15:02:23,-3.469446951953614e-18
2019-04-04 15:02:24,-3.469446951953614e-18
2019-04-04 15:02:25,-3.469446951953614e-18
2019-04-04 15:02:26,-3.469446951953614e-18
2019-04-04 15:02:27,-3.469446951953614e-18
2019-04-04 15:02:28,-3.469446951953614e-18
2019-04-04 15:02:29,-3.469446951953614e-18
2019-04-04 15:02:30,-3.469446951953614e-18
2019-04-04 15:02:31,-3.469446951953614e-18
2019-04-04 15:02:32,-3.469446951953614e-18
2019-04-04 15:02:33,-3.469446951953614e-18
2019-04-04 15:02:34,-3.469446951953614e-18
2019-04-04 15:02:35,-3.469446951953614e-18
2019-04-04 15:02:36,-3.469446951953614e-18
2019-04-04 15:02:37,-3.469446951953614e-18
2019-04-04 15:02:38,-3.469446951953614e-18
2019-04-04 15:02:39,-3.469446951953614e-18
2019-04-04 15:02:40,-3.469446951953614e-18
2019-04-04 15:02:41,-3.469446951953614e-18
2019-04-04 15:02:42,-3.469446951953614e-18
2019-04-04 15:02:43,-3.469446951953614e-18
2019-04-04 15:02:44,-3.469446951953614e-18
2019-04-04 15:02:45,-3.469446951953614e-18
2019-04-04 15:02:46,-3.469446951953614e-18
2019-04-04 15:02:47,-3.469446951953614e-18
2019-04-04 15:02:48,-3.469446951953614e-18
2019-04-04 15:02:49,-3.469446951953614e-18
2019-04-04 15:02:50,-3.469446951953614e-18
2019-04-04 15:02:51,-3.469446951953614e-18
2019-04-04 15:02:52,-3.469446951953614e-18
2019-04-04 15:02:53,-3.469446951953614e-18
2019-04-04 15:02:54,-3.469446951953614e-18
2019-04-04 15:02:55,-3.469446951953614e-18
2019-04-04 15:02:56,-3.469446951953614e-18
2019-04-04 15:02:57,-3.469446951953614e-18
2019-04-04 15:02:58,-3.469446951953614e-18
2019-04-04 15:02:59,-3.469446951953614e-18
2019-04-04 15:03:00,-3.469446951953614e-18
2019-04-04 15:03:01,-3.469446951953614e-18
2019-04-04 15:03:02,-3.469446951953614e-18
2019-04-04 15:03:03,-3.469446951953614e-18
2019-04-04 15:03:04,-3.469446951953614e-18
2019-04-04 15:03:05,-3.469446951953614e-18
2019-04-04 15:03:06,-3.469446951953614e-18
2019-04-04 15:03:07,-3.469446951953614e-18
2019-04-04 15:03:08,-3.469446951953614e-18
2019-04-04 15:03:09,-3.469446951953614e-18
2019-04-04 15:03:10,-3.469446951953614e-18
2019-04-04 15:03:11,-3.469446951953614e-18
2019-04-04 15:03:12,-3.469446951953614e-18
2019-04-04 15:03:13,-3.469446951953614e-18
2019-04-04 15:03:14,-3.469446951953614e-18
2019-04-04 15:03:15,-3.469446951953614e-18
2019-04-04 15:03:16,-3.469446951953614e-18
2019-04-04 15:03:17,-3.469446951953614e-18
2019-04-04 15:03:18,-3.469446951953614e-18
2019-04-04 15:03:19,-3.469446951953614e-18
2019-04-04 15:03:20,-3.469446951953614e-18
2019-04-04 15:03:21,-3.469446951953614e-18
2019-04-04 15:03:22,-3.469446951953614e-18
2019-04-04 15:03:23,-3.469446951953614e-18
2019-04-04 15:03:24,-3.469446951953614e-18
2019-04-04 15:03:25,-3.469446951953614e-18
2019-04-04 15:03:26,-3.469446951953614e-18
2019-04-04 15:03:27,-3.469446951953614e-18
2019-04-04 15:03:28,-3.469446951953614e-18
2019-04-04 15:03:29,-3.469446951953614e-18
2019-04-04 15:03:30,-3.469446951953614e-18
2019-04-04 15:03:31,-3.469446951953614e-18
2019-04-04 15:03:32,-3.469446951953614e-18
2019-04-04 15:03:33,-3.469446951953614e-18
2019-04-04 15:03:34,-3.469446951953614e-18
2019-04-04 15:03:35,-3.469446951953614e-18
2019-04-04 15:03:36,-3.469446951953614e-18
2019-04-04 15:03:37,-3.469446951953614e-18
2019-04-04 15:03:38,-3.469446951953614e-18
2019-04-04 15:03:39,-3.469446951953614e-18
2019-04-04 15:03:40,-3.469446951953614e-18
2019-04-04 15:03:41,-3.469446951953614e-18
2019-04-04 15:03:42,-3.469446951953614e-18
2019-04-04 15:03:43,-3.469446951953614e-18
2019-04-04 15:03:44,-3.469446951953614e-18
2019-04-04 15:03:45,-3.469446951953614e-18
2019-04-04 15:03:46,-3.469446951953614e-18
2019-04-04 15:03:47,-3.469446951953614e-18
2019-04-04 15:03:48,-3.469446951953614e-18
2019-04-04 15:03:49,-3.469446951953614e-18
2019-04-04 15:03:50,-3.469446951953614e-18
2019-04-04 15:03:51,-3.469446951953614e-18
2019-04-04 15:03:52,-3.469446951953614e-18
2019-04-04 15:03:53,-3.469446951953614e-18
2019-04-04 15:03:54,-3.469446951953614e-18
2019-04-04 15:03:55,-3.469446951953614e-18
2019-04-04 15:03:56,-3.469446951953614e-18
2019-04-04 15:03:57,-3.469446951953614e-18
2019-04-04 15:03:58,-3.469446951953614e-18
2019-04-04 15:03:59,-3.469446951953614e-18
2019-04-04 15:04:00,-3.469446951953614e-18
2019-04-04 15:04:01,-3.469446951953614e-18
2019-04-04 15:04:02,-3.469446951953614e-18
2019-04-04 15:04:03,-3.469446951953614e-18
2019-04-04 15:04:04,-3.469446951953614e-18
2019-04-04 15:04:05,-3.469446951953614e-18
2019-04-04 15:04:06,-3.469446951953614e-18
2019-04-04 15:04:07,-3.469446951953614e-18
2019-04-04 15:04:08,-3.469446951953614e-18
2019-04-04 15:04:09,-3.469446951953614e-18
2019-04-04 15:04:10,-3.469446951953614e-18
2019-04-04 15:04:11,-3.469446951953614e-18
2019-04-04 15:04:12,-3.469446951953614e-18
2019-04-04 15:04:13,-3.469446951953614e-18
2019-04-04 15:04:14,-3.469446951953614e-18
2019-04-04 15:04:15,-3.469446951953614e-18
2019-04-04 15:04:16,-3.469446951953614e-18
2019-04-04 15:04:17,-3.469446951953614e-18
2019-04-04 15:04:18,-3.469446951953614e-18
2019-04-04 15:04:19,-3.469446951953614e-18
2019-04-04 15:04:20,-3.469446951953614e-18
2019-04-04 15:04:21,-3.469446951953614e-18
2019-04-04 15:04:22,-3.469446951953614e-18
2019-04-04 15:04:23,-3.469446951953614e-18
2019-04-04 15:04:24,-3.469446951953614e-18
2019-04-04 15:04:25,-3.469446951953614e-18
2019-04-04 15:04:26,-3.469446951953614e-18
2019-04-04 15:04:27,-3.469446951953614e-18
2019-04-04 15:04:28,-3.469446951953614e-18
2019-04-04 15:04:29,-3.469446951953614e-18
2019-04-04 15:04:30,-3.469446951953614e-18
2019-04-04 15:04:31,-3.469446951953614e-18
2019-04-04 15:04:32,-3.469446951953614e-18
2019-04-04 15:04:33,-3.469446951953614e-18
2019-04-04 15:04:34,-3.469446951953614e-18
2019-04-04 15:04:35,-3.469446951953614e-18
2019-04-04 15:04:36,-3.469446951953614e-18
2019-04-04 15:04:37,-3.469446951953614e-18
2019-04-04 15:04:38,-3.469446951953614e-18
2019-04-04 15:04:39,-3.469446951953614e-18
2019-04-04 15:04:40,-3.469446951953614e-18
2019-04-04 15:04:41,-3.469446951953614e-18
2019-04-04 15:04:42,-3.469446951953614e-18
2019-04-04 15:04:43,-3.469446951953614e-18
2019-04-04 15:04:44,-3.469446951953614e-18
2019-04-04 15:04:45,-3.469446951953614e-18
2019-04-04 15:04:46,-3.469446951953614e-18
2019-04-04 15:04:47,-3.469446951953614e-18
2019-04-04 15:04:48,-3.469446951953614e-18
2019-04-04 15:04:49,-3.469446951953614e-18
2019-04-04 15:04:50,-3.469446951953614e-18
2019-04-04 15:04:51,-3.469446951953614e-18
2019-04-04 15:04:52,-3.469446951953614e-18
2019-04-04 15:04:53,-3.469446951953614e-18
2019-04-04 15:04:54,-3.469446951953614e-18
2019-04-04 15:04:55,-3.469446951953614e-18
2019-04-04 15:04:56,-3.469446951953614e-18
2019-04-04 15:04:57,-3.469446951953614e-18
2019-04-04 15:04:58,-3.469446951953614e-18
2019-04-04 15:04:59,-3.469446951953614e-18
2019-04-04 15:05:00,-3.469446951953614e-18
2019-04-04 15:05:01,-3.469446951953614e-18
2019-04-04 15:05:02,-3.469446951953614e-18
2019-04-04 15:05:03,-3.469446951953614e-18
2019-04-04 15:05:04,-3.469446951953614e-18
2019-04-04 15:05:05,-3.469446951953614e-18
2019-04-04 15:05:06,-3.469446951953614e-18
2019-04-04 15:05:07,-3.469446951953614e-18
2019-04-04 15:05:08,-3.469446951953614e-18
2019-04-04 15:05:09,-3.469446951953614e-18
2019-04-04 15:05:10,-3.469446951953614e-18
2019-04-04 15:05:11,-3.469446951953614e-18
2019-04-04 15:05:12,-3.469446951953614e-18
2019-04-04 15:05:13,-3.469446951953614e-18
2019-04-04 15:05:14,-3.469446951953614e-18
2019-04-04 15:05:15,-3.469446951953614e-18
2019-04-04 15:05:16,-3.469446951953614e-18
2019-04-04 15:05:17,-3.469446951953614e-18
2019-04-04 15:05:18,-3.469446951953614e-18
2019-04-04 15:05:19,-3.469446951953614e-18
2019-04-04 15:05:20,-3.469446951953614e-18
2019-04-04 15:05:21,-3.469446951953614e-18
2019-04-04 15:05:22,-3.469446951953614e-18
2019-04-04 15:05:23,-3.469446951953614e-18
2019-04-04 15:05:24,-3.469446951953614e-18
2019-04-04 15:05:25,-3.469446951953614e-18
2019-04-04 15:05:26,-3.469446951953614e-18
2019-04-04 15:05:27,-3.469446951953614e-18
2019-04-04 15:05:28,-3.469446951953614e-18
2019-04-04 15:05:29,-3.469446951953614e-18
2019-04-04 15:05:30,-3.469446951953614e-18
2019-04-04 15:05:31,-3.469446951953614e-18
2019-04-04 15:05:32,-3.469446951953614e-18
2019-04-04 15:05:33,-3.469446951953614e-18
2019-04-04 15:05:34,-3.469446951953614e-18
2019-04-04 15:05:35,-3.469446951953614e-18
2019-04-04 15:05:36,-3.469446951953614e-18
2019-04-04 15:05:37,-3.469446951953614e-18
2019-04-04 15:05:38,-3.469446951953614e-18
2019-04-04 15:05:39,-3.469446951953614e-18
2019-04-04 15:05:40,-3.469446951953614e-18
2019-04-04 15:05:41,-3.469446951953614e-18
2019-04-04 15:05:42,-3.469446951953614e-18
2019-04-04 15:05:43,-3.469446951953614e-18
2019-04-04 15:05:44,-3.469446951953614e-18
2019-04-04 15:05:45,-3.469446951953614e-18
2019-04-04 15:05:46,-3.469446951953614e-18
2019-04-04 15:05:47,-3.469446951953614e-18
2019-04-04 15:05:48,-3.469446951953614e-18
2019-04-04 15:05:49,-3.469446951953614e-18
2019-04-04 15:05:50,-3.469446951953614e-18
2019-04-04 15:05:51,-3.469446951953614e-18
2019-04-04 15:05:52,-3.469446951953614e-18
2019-04-04 15:05:53,-3.469446951953614e-18
2019-04-04 15:05:54,-3.469446951953614e-18
2019-04-04 15:05:55,-3.469446951953614e-18
2019-04-04 15:05:56,-3.469446951953614e-18
2019-04-04 15:05:57,-3.469446951953614e-18
2019-04-04 15:05:58,-3.469446951953614e-18
2019-04-04 15:05:59,-3.469446951953614e-18
2019-04-04 15:06:00,-3.469446951953614e-18
2019-04-04 15:06:01,-3.469446951953614e-18
2019-04-04 15:06:02,-3.469446951953614e-18
2019-04-04 15:06:03,-3.469446951953614e-18
2019-04-04 15:06:04,-3.469446951953614e-18
2019-04-04 15:06:05,-3.469446951953614e-18
2019-04-04 15:06:06,-3.469446951953614e-18
2019-04-04 15:06:07,-3.469446951953614e-18
2019-04-04 15:06:08,-3.469446951953614e-18
2019-04-04 15:06:09,-3.469446951953614e-18
2019-04-04 15:06:10,-3.469446951953614e-18
2019-04-04 15:06:11,-3.469446951953614e-18
2019-04-04 15:06:12,-3.469446951953614e-18
2019-04-04 15:06:13,-3.469446951953614e-18
2019-04-04 15:06:14,-3.469446951953614e-18
2019-04-04 15:06:15,-3.469446951953614e-18
2019-04-04 15:06:16,-3.469446951953614e-18
2019-04-04 15:06:17,-3.469446951953614e-18
2019-04-04 15:06:18,-3.469446951953614e-18
2019-04-04 15:06:19,-3.469446951953614e-18
2019-04-04 15:06:20,-3.469446951953614e-18
2019-04-04 15:06:21,-3.469446951953614e-18
2019-04-04 15:06:22,-3.469446951953614e-18
2019-04-04 15:06:23,-3.469446951953614e-18
2019-04-04 15:06:24,-3.469446951953614e-18
2019-04-04 15:06:25,-3.469446951953614e-18
2019-04-04 15:06:26,-3.469446951953614e-18
2019-04-04 15:06:27,-3.469446951953614e-18
2019-04-04 15:06:28,-3.469446951953614e-18
2019-04-04 15:06:29,-3.469446951953614e-18
2019-04-04 15:06:30,-3.469446951953614e-18
2019-04-04 15:06:31,-3.469446951953614e-18
2019-04-04 15:06:32,-3.469446951953614e-18
2019-04-04 15:06:33,-3.469446951953614e-18
2019-04-04 15:06:34,-3.469446951953614e-18
2019-04-04 15:06:35,-3.469446951953614e-18
2019-04-04 15:06:36,-3.469446951953614e-18
2019-04-04 15:06:37,-3.469446951953614e-18
2019-04-04 15:06:38,-3.469446951953614e-18
2019-04-04 15:06:39,-3.469446951953614e-18
2019-04-04 15:06:40,-3.469446951953614e-18
2019-04-04 15:06:41,-3.469446951953614e-18
2019-04-04 15:06:42,-3.469446951953614e-18
2019-04-04 15:06:43,-3.469446951953614e-18
2019-04-04 15:06:44,-3.469446951953614e-18
2019-04-04 15:06:45,-3.469446951953614e-18
2019-04-04 15:06:46,-3.469446951953614e-18
2019-04-04 15:06:47,-3.469446951953614e-18
2019-04-04 15:06:48,-3.469446951953614e-18
2019-04-04 15:06:49,-3.469446951953614e-18
2019-04-04 15:06:50,-3.469446951953614e-18
2019-04-04 15:06:51,-3.469446951953614e-18
2019-04-04 15:06:52,-3.469446951953614e-18
2019-04-04 15:06:53,-3.469446951953614e-18
2019-04-04 15:06:54,-3.469446951953614e-18
2019-04-04 15:06:55,-3.469446951953614e-18
2019-04-04 15:06:56,-3.469446951953614e-18
2019-04-04 15:06:57,-3.469446951953614e-18
2019-04-04 15:06:58,-3.469446951953614e-18
2019-04-04 15:06:59,-3.469446951953614e-18
2019-04-04 15:07:00,-3.469446951953614e-18
2019-04-04 15:07:01,-3.469446951953614e-18
2019-04-04 15:07:02,-3.469446951953614e-18
2019-04-04 15:07:03,-3.469446951953614e-18
2019-04-04 15:07:04,-3.469446951953614e-18
2019-04-04 15:07:05,-3.469446951953614e-18
2019-04-04 15:07:06,-3.469446951953614e-18
2019-04-04 15:07:07,-3.469446951953614e-18
2019-04-04 15:07:08,-3.469446951953614e-18
2019-04-04 15:07:09,-3.469446951953614e-18
2019-04-04 15:07:10,-3.469446951953614e-18
2019-04-04 15:07:11,-3.469446951953614e-18
2019-04-04 15:07:12,-3.469446951953614e-18
2019-04-04 15:07:13,-3.469446951953614e-18
2019-04-04 15:07:14,-3.469446951953614e-18
2019-04-04 15:07:15,-3.469446951953614e-18
2019-04-04 15:07:16,-3.469446951953614e-18
2019-04-04 15:07:17,-3.469446951953614e-18
2019-04-04 15:07:18,-3.469446951953614e-18
2019-04-04 15:07:19,-3.469446951953614e-18
2019-04-04 15:07:20,-3.469446951953614e-18
2019-04-04 15:07:21,-3.469446951953614e-18
2019-04-04 15:07:22,-3.469446951953614e-18
2019-04-04 15:07:23,-3.469446951953614e-18
2019-04-04 15:07:24,-3.469446951953614e-18
2019-04-04 15:07:25,-3.469446951953614e-18
2019-04-04 15:07:26,-3.469446951953614e-18
2019-04-04 15:07:27,-3.469446951953614e-18
2019-04-04 15:07:28,-3.469446951953614e-18
2019-04-04 15:07:29,-3.469446951953614e-18
2019-04-04 15:07:30,-3.469446951953614e-18
2019-04-04 15:07:31,-3.469446951953614e-18
2019-04-04 15:07:32,-3.469446951953614e-18
2019-04-04 15:07:33,-3.469446951953614e-18
2019-04-04 15:07:34,-3.469446951953614e-18
2019-04-04 15:07:35,-3.469446951953614e-18
2019-04-04 15:07:36,-3.469446951953614e-18
2019-04-04 15:07:37,-3.469446951953614e-18
2019-04-04 15:07:38,-3.469446951953614e-18
2019-04-04 15:07:39,-3.469446951953614e-18
2019-04-04 15:07:40,-3.469446951953614e-18
2019-04-04 15:07:41,-3.469446951953614e-18
2019-04-04 15:07:42,-3.469446951953614e-18
2019-04-04 15:07:43,-3.469446951953614e-18
2019-04-04 15:07:44,-3.469446951953614e-18
2019-04-04 15:07:45,-3.469446951953614e-18
2019-04-04 15:07:46,-3.469446951953614e-18
2019-04-04 15:07:47,-3.469446951953614e-18
2019-04-04 15:07:48,-3.469446951953614e-18
2019-04-04 15:07:49,-3.469446951953614e-18
2019-04-04 15:07:50,-3.469446951953614e-18
2019-04-04 15:07:51,-3.469446951953614e-18
2019-04-04 15:07:52,-3.469446951953614e-18
2019-04-04 15:07:53,-3.469446951953614e-18
2019-04-04 15:07:54,-3.469446951953614e-18
2019-04-04 15:07:55,-3.469446951953614e-18
2019-04-04 15:07:56,-3.469446951953614e-18
2019-04-04 15:07:57,-3.469446951953614e-18
2019-04-04 15:07:58,-3.469446951953614e-18
2019-04-04 15:07:59,-3.469446951953614e-18
2019-04-04 15:08:00,-3.469446951953614e-18
2019-04-04 15:08:01,-3.469446951953614e-18
2019-04-04 15:08:02,-3.469446951953614e-18
2019-04-04 15:08:03,-3.469446951953614e-18
2019-04-04 15:08:04,-3.469446951953614e-18
2019-04-04 15:08:05,-3.469446951953614e-18
2019-04-04 15:08:06,-3.469446951953614e-18
2019-04-04 15:08:07,-3.469446951953614e-18
2019-04-04 15:08:08,-3.469446951953614e-18
2019-04-04 15:08:09,-3.469446951953614e-18
2019-04-04 15:08:10,-3.469446951953614e-18
2019-04-04 15:08:11,-3.469446951953614e-18
2019-04-04 15:08:12,-3.469446951953614e-18
2019-04-04 15:08:13,-3.469446951953614e-18
2019-04-04 15:08:14,-3.469446951953614e-18
2019-04-04 15:08:15,-3.469446951953614e-18
2019-04-04 15:08:16,-3.469446951953614e-18
2019-04-04 15:08:17,-3.469446951953614e-18
2019-04-04 15:08:18,-3.469446951953614e-18
2019-04-04 15:08:19,-3.469446951953614e-18
2019-04-04 15:08:20,-3.469446951953614e-18
2019-04-04 15:08:21,-3.469446951953614e-18
2019-04-04 15:08:22,-3.469446951953614e-18
2019-04-04 15:08:23,-3.469446951953614e-18
2019-04-04 15:08:24,-3.469446951953614e-18
2019-04-04 15:08:25,-3.469446951953614e-18
2019-04-04 15:08:26,-3.469446951953614e-18
2019-04-04 15:08:27,-3.469446951953614e-18
2019-04-04 15:08:28,-3.469446951953614e-18
2019-04-04 15:08:29,-3.469446951953614e-18
2019-04-04 15:08:30,-3.469446951953614e-18
2019-04-04 15:08:31,-3.469446951953614e-18
2019-04-04 15:08:32,-3.469446951953614e-18
2019-04-04 15:08:33,-3.469446951953614e-18
2019-04-04 15:08:34,-3.469446951953614e-18
2019-04-04 15:08:35,-3.469446951953614e-18
2019-04-04 15:08:36,-3.469446951953614e-18
2019-04-04 15:08:37,-3.469446951953614e-18
2019-04-04 15:08:38,-3.469446951953614e-18
2019-04-04 15:08:39,-3.469446951953614e-18
2019-04-04 15:08:40,-3.469446951953614e-18
2019-04-04 15:08:41,-3.469446951953614e-18
2019-04-04 15:08:42,-3.469446951953614e-18
2019-04-04 15:08:43,-3.469446951953614e-18
2019-04-04 15:08:44,-3.469446951953614e-18
2019-04-04 15:08:45,-3.469446951953614e-18
2019-04-04 15:08:46,-3.469446951953614e-18
2019-04-04 15:08:47,-3.469446951953614e-18
2019-04-04 15:08:48,-3.469446951953614e-18
2019-04-04 15:08:49,-3.469446951953614e-18
2019-04-04 15:08:50,-3.469446951953614e-18
2019-04-04 15:08:51,-3.469446951953614e-18
2019-04-04 15:08:52,-3.469446951953614e-18
2019-04-04 15:08:53,-3.469446951953614e-18
2019-04-04 15:08:54,-3.469446951953614e-18
2019-04-04 15:08:55,-3.469446951953614e-18
2019-04-04 15:08:56,-3.469446951953614e-18
2019-04-04 15:08:57,-3.469446951953614e-18
2019-04-04 15:08:58,-3.469446951953614e-18
2019-04-04 15:08:59,-3.469446951953614e-18
2019-04-04 15:09:00,-3.469446951953614e-18
2019-04-04 15:09:01,-3.469446951953614e-18
2019-04-04 15:09:02,-3.469446951953614e-18
2019-04-04 15:09:03,-3.469446951953614e-18
2019-04-04 15:09:04,-3.469446951953614e-18
2019-04-04 15:09:05,-3.469446951953614e-18
2019-04-04 15:09:06,-3.469446951953614e-18
2019-04-04 15:09:07,-3.469446951953614e-18
2019-04-04 15:09:08,-3.469446951953614e-18
2019-04-04 15:09:09,-3.469446951953614e-18
2019-04-04 15:09:10,-3.469446951953614e-18
2019-04-04 15:09:11,-3.469446951953614e-18
2019-04-04 15:09:12,-3.469446951953614e-18
2019-04-04 15:09:13,-3.469446951953614e-18
2019-04-04 15:09:14,-3.469446951953614e-18
2019-04-04 15:09:15,-3.469446951953614e-18
2019-04-04 15:09:16,-3.469446951953614e-18
2019-04-04 15:09:17,-3.469446951953614e-18
2019-04-04 15:09:18,-3.469446951953614e-18
2019-04-04 15:09:19,-3.469446951953614e-18
2019-04-04 15:09:20,-3.469446951953614e-18
2019-04-04 15:09:21,-3.469446951953614e-18
2019-04-04 15:09:22,-3.469446951953614e-18
2019-04-04 15:09:23,-3.469446951953614e-18
2019-04-04 15:09:24,-3.469446951953614e-18
2019-04-04 15:09:25,-3.469446951953614e-18
2019-04-04 15:09:26,-3.469446951953614e-18
2019-04-04 15:09:27,-3.469446951953614e-18
2019-04-04 15:09:28,-3.469446951953614e-18
2019-04-04 15:09:29,-3.469446951953614e-18
2019-04-04 15:09:30,-3.469446951953614e-18
2019-04-04 15:09:31,-3.469446951953614e-18
2019-04-04 15:09:32,-3.469446951953614e-18
2019-04-04 15:09:33,-3.469446951953614e-18
2019-04-04 15:09:34,-3.469446951953614e-18
2019-04-04 15:09:35,-3.469446951953614e-18
2019-04-04 15:09:36,-3.469446951953614e-18
2019-04-04 15:09:37,-3.469446951953614e-18
2019-04-04 15:09:38,-3.469446951953614e-18
2019-04-04 15:09:39,-3.469446951953614e-18
2019-04-04 15:09:40,-3.469446951953614e-18
2019-04-04 15:09:41,-3.469446951953614e-18
2019-04-04 15:09:42,-3.469446951953614e-18
2019-04-04 15:09:43,-3.469446951953614e-18
2019-04-04 15:09:44,-3.469446951953614e-18
2019-04-04 15:09:45,-3.469446951953614e-18
2019-04-04 15:09:46,-3.469446951953614e-18
2019-04-04 15:09:47,-3.469446951953614e-18
2019-04-04 15:09:48,-3.469446951953614e-18
2019-04-04 15:09:49,-3.469446951953614e-18
2019-04-04 15:09:50,-3.469446951953614e-18
2019-04-04 15:09:51,-3.469446951953614e-18
2019-04-04 15:09:52,-3.469446951953614e-18
2019-04-04 15:09:53,-3.469446951953614e-18
2019-04-04 15:09:54,-3.469446951953614e-18
2019-04-04 15:09:55,-3.469446951953614e-18
2019-04-04 15:09:56,-3.469446951953614e-18
2019-04-04 15:09:57,-3.469446951953614e-18
2019-04-04 15:09:58,-3.469446951953614e-18
2019-04-04 15:09:59,-3.469446951953614e-18
2019-04-04 15:10:00,-3.469446951953614e-18
2019-04-04 15:10:01,-3.469446951953614e-18
2019-04-04 15:10:02,-3.469446951953614e-18
2019-04-04 15:10:03,-3.469446951953614e-18
2019-04-04 15:10:04,-3.469446951953614e-18
2019-04-04 15:10:05,-3.469446951953614e-18
2019-04-04 15:10:06,-3.469446951953614e-18
2019-04-04 15:10:07,-3.469446951953614e-18
2019-04-04 15:10:08,-3.469446951953614e-18
2019-04-04 15:10:09,-3.469446951953614e-18
2019-04-04 15:10:10,-3.469446951953614e-18
2019-04-04 15:10:11,-3.469446951953614e-18
2019-04-04 15:10:12,-3.469446951953614e-18
2019-04-04 15:10:13,-3.469446951953614e-18
2019-04-04 15:10:14,-3.469446951953614e-18
2019-04-04 15:10:15,-3.469446951953614e-18
2019-04-04 15:10:16,-3.469446951953614e-18
2019-04-04 15:10:17,-3.469446951953614e-18
2019-04-04 15:10:18,-3.469446951953614e-18
2019-04-04 15:10:19,-3.469446951953614e-18
2019-04-04 15:10:20,-3.469446951953614e-18
2019-04-04 15:10:21,-3.469446951953614e-18
2019-04-04 15:10:22,-3.469446951953614e-18
2019-04-04 15:10:23,-3.469446951953614e-18
2019-04-04 15:10:24,-3.469446951953614e-18
2019-04-04 15:10:25,-3.469446951953614e-18
2019-04-04 15:10:26,-3.469446951953614e-18
2019-04-04 15:10:27,-3.469446951953614e-18
2019-04-04 15:10:28,-3.469446951953614e-18
2019-04-04 15:10:29,-3.469446951953614e-18
2019-04-04 15:10:30,-3.469446951953614e-18
2019-04-04 15:10:31,-3.469446951953614e-18
2019-04-04 15:10:32,-3.469446951953614e-18
2019-04-04 15:10:33,-3.469446951953614e-18
2019-04-04 15:10:34,-3.469446951953614e-18
2019-04-04 15:10:35,-3.469446951953614e-18
2019-04-04 15:10:36,-3.469446951953614e-18
2019-04-04 15:10:37,-3.469446951953614e-18
2019-04-04 15:10:38,-3.469446951953614e-18
2019-04-04 15:10:39,-3.469446951953614e-18
2019-04-04 15:10:40,-3.469446951953614e-18
2019-04-04 15:10:41,-3.469446951953614e-18
2019-04-04 15:10:42,-3.469446951953614e-18
2019-04-04 15:10:43,-3.469446951953614e-18
2019-04-04 15:10:44,-3.469446951953614e-18
2019-04-04 15:10:45,-3.469446951953614e-18
2019-04-04 15:10:46,-3.469446951953614e-18
2019-04-04 15:10:47,-3.469446951953614e-18
2019-04-04 15:10:48,-3.469446951953614e-18
2019-04-04 15:10:49,-3.469446951953614e-18
2019-04-04 15:10:50,-3.469446951953614e-18
2019-04-04 15:10:51,-3.469446951953614e-18
2019-04-04 15:10:52,-3.469446951953614e-18
2019-04-04 15:10:53,-3.469446951953614e-18
2019-04-04 15:10:54,-3.469446951953614e-18
2019-04-04 15:10:55,-3.469446951953614e-18
2019-04-04 15:10:56,-3.469446951953614e-18
2019-04-04 15:10:57,-3.469446951953614e-18
2019-04-04 15:10:58,-3.469446951953614e-18
2019-04-04 15:10:59,-3.469446951953614e-18
2019-04-04 15:11:00,-3.469446951953614e-18
2019-04-04 15:11:01,-3.469446951953614e-18
2019-04-04 15:11:02,-3.469446951953614e-18
2019-04-04 15:11:03,-3.469446951953614e-18
2019-04-04 15:11:04,-3.469446951953614e-18
2019-04-04 15:11:05,-3.469446951953614e-18
2019-04-04 15:11:06,-3.469446951953614e-18
2019-04-04 15:11:07,-3.469446951953614e-18
2019-04-04 15:11:08,-3.469446951953614e-18
2019-04-04 15:11:09,-3.469446951953614e-18
2019-04-04 15:11:10,-3.469446951953614e-18
2019-04-04 15:11:11,-3.469446951953614e-18
2019-04-04 15:11:12,-3.469446951953614e-18
2019-04-04 15:11:13,-3.469446951953614e-18
2019-04-04 15:11:14,-3.469446951953614e-18
2019-04-04 15:11:15,-3.469446951953614e-18
2019-04-04 15:11:16,-3.469446951953614e-18
2019-04-04 15:11:17,-3.469446951953614e-18
2019-04-04 15:11:18,-3.469446951953614e-18
2019-04-04 15:11:19,-3.469446951953614e-18
2019-04-04 15:11:20,-3.469446951953614e-18
2019-04-04 15:11:21,-3.469446951953614e-18
2019-04-04 15:11:22,-3.469446951953614e-18
2019-04-04 15:11:23,-3.469446951953614e-18
2019-04-04 15:11:24,-3.469446951953614e-18
2019-04-04 15:11:25,-3.469446951953614e-18
2019-04-04 15:11:26,-3.469446951953614e-18
2019-04-04 15:11:27,-3.469446951953614e-18
2019-04-04 15:11:28,-3.469446951953614e-18
2019-04-04 15:11:29,-3.469446951953614e-18
2019-04-04 15:11:30,-3.469446951953614e-18
2019-04-04 15:11:31,-3.469446951953614e-18
2019-04-04 15:11:32,-3.469446951953614e-18
2019-04-04 15:11:33,-3.469446951953614e-18
2019-04-04 15:11:34,-3.469446951953614e-18
2019-04-04 15:11:35,-3.469446951953614e-18
2019-04-04 15:11:36,-3.469446951953614e-18
2019-04-04 15:11:37,-3.469446951953614e-18
2019-04-04 15:11:38,-3.469446951953614e-18
2019-04-04 15:11:39,-3.469446951953614e-18
2019-04-04 15:11:40,-3.469446951953614e-18
2019-04-04 15:11:41,-3.469446951953614e-18
2019-04-04 15:11:42,-3.469446951953614e-18
2019-04-04 15:11:43,-3.469446951953614e-18
2019-04-04 15:11:44,-3.469446951953614e-18
2019-04-04 15:11:45,-3.469446951953614e-18
2019-04-04 15:11:46,-3.469446951953614e-18
2019-04-04 15:11:47,-3.469446951953614e-18
2019-04-04 15:11:48,-3.469446951953614e-18
2019-04-04 15:11:49,-3.469446951953614e-18
2019-04-04 15:11:50,-3.469446951953614e-18
2019-04-04 15:11:51,-3.469446951953614e-18
2019-04-04 15:11:52,-3.469446951953614e-18
2019-04-04 15:11:53,-3.469446951953614e-18
2019-04-04 15:11:54,-3.469446951953614e-18
2019-04-04 15:11:55,-3.469446951953614e-18
2019-04-04 15:11:56,-3.469446951953614e-18
2019-04-04 15:11:57,-3.469446951953614e-18
2019-04-04 15:11:58,-3.469446951953614e-18
2019-04-04 15:11:59,-3.469446951953614e-18
2019-04-04 15:12:00,-3.469446951953614e-18
2019-04-04 15:12:01,-3.469446951953614e-18
2019-04-04 15:12:02,-3.469446951953614e-18
2019-04-04 15:12:03,-3.469446951953614e-18
2019-04-04 15:12:04,-3.469446951953614e-18
2019-04-04 15:12:05,-3.469446951953614e-18
2019-04-04 15:12:06,-3.469446951953614e-18
2019-04-04 15:12:07,-3.469446951953614e-18
2019-04-04 15:12:08,-3.469446951953614e-18
2019-04-04 15:12:09,-3.469446951953614e-18
2019-04-04 15:12:10,-3.469446951953614e-18
2019-04-04 15:12:11,-3.469446951953614e-18
2019-04-04 15:12:12,-3.469446951953614e-18
2019-04-04 15:12:13,-3.469446951953614e-18
2019-04-04 15:12:14,-3.469446951953614e-18
2019-04-04 15:12:15,-3.469446951953614e-18
2019-04-04 15:12:16,-3.469446951953614e-18
2019-04-04 15:12:17,-3.469446951953614e-18
2019-04-04 15:12:18,-3.469446951953614e-18
2019-04-04 15:12:19,-3.469446951953614e-18
2019-04-04 15:12:20,-3.469446951953614e-18
2019-04-04 15:12:21,-3.469446951953614e-18
2019-04-04 15:12:22,-3.469446951953614e-18
2019-04-04 15:12:23,-3.469446951953614e-18
2019-04-04 15:12:24,-3.469446951953614e-18
2019-04-04 15:12:25,-3.469446951953614e-18
2019-04-04 15:12:26,-3.469446951953614e-18
2019-04-04 15:12:27,-3.469446951953614e-18
2019-04-04 15:12:28,-3.469446951953614e-18
2019-04-04 15:12:29,-3.469446951953614e-18
2019-04-04 15:12:30,-3.469446951953614e-18
2019-04-04 15:12:31,-3.469446951953614e-18
2019-04-04 15:12:32,-3.469446951953614e-18
2019-04-04 15:12:33,-3.469446951953614e-18
2019-04-04 15:12:34,-3.469446951953614e-18
2019-04-04 15:12:35,-3.469446951953614e-18
2019-04-04 15:12:36,-3.469446951953614e-18
2019-04-04 15:12:37,-3.469446951953614e-18
2019-04-04 15:12:38,-3.469446951953614e-18
2019-04-04 15:12:39,-3.469446951953614e-18
2019-04-04 15:12:40,-3.469446951953614e-18
2019-04-04 15:12:41,-3.469446951953614e-18
2019-04-04 15:12:42,-3.469446951953614e-18
2019-04-04 15:12:43,-3.469446951953614e-18
2019-04-04 15:12:44,-3.469446951953614e-18
2019-04-04 15:12:45,-3.469446951953614e-18
2019-04-04 15:12:46,-3.469446951953614e-18
2019-04-04 15:12:47,-3.469446951953614e-18
2019-04-04 15:12:48,-3.469446951953614e-18
2019-04-04 15:12:49,-3.469446951953614e-18
2019-04-04 15:12:50,-3.469446951953614e-18
2019-04-04 15:12:51,-3.469446951953614e-18
2019-04-04 15:12:52,-3.469446951953614e-18
2019-04-04 15:12:53,-3.469446951953614e-18
2019-04-04 15:12:54,-3.469446951953614e-18
2019-04-04 15:12:55,-3.469446951953614e-18
2019-04-04 15:12:56,-3.469446951953614e-18
2019-04-04 15:12:57,-3.469446951953614e-18
2019-04-04 15:12:58,-3.469446951953614e-18
2019-04-04 15:12:59,-3.469446951953614e-18
2019-04-04 15:13:00,-3.469446951953614e-18
2019-04-04 15:13:01,-3.469446951953614e-18
2019-04-04 15:13:02,-3.469446951953614e-18
2019-04-04 15:13:03,-3.469446951953614e-18
2019-04-04 15:13:04,-3.469446951953614e-18
2019-04-04 15:13:05,-3.469446951953614e-18
2019-04-04 15:13:06,-3.469446951953614e-18
2019-04-04 15:13:07,-3.469446951953614e-18
2019-04-04 15:13:08,-3.469446951953614e-18
2019-04-04 15:13:09,-3.469446951953614e-18
2019-04-04 15:13:10,-3.469446951953614e-18
2019-04-04 15:13:11,-3.469446951953614e-18
2019-04-04 15:13:12,-3.469446951953614e-18
2019-04-04 15:13:13,-3.469446951953614e-18
2019-04-04 15:13:14,-3.469446951953614e-18
2019-04-04 15:13:15,-3.469446951953614e-18
2019-04-04 15:13:16,-3.469446951953614e-18
2019-04-04 15:13:17,-3.469446951953614e-18
2019-04-04 15:13:18,-3.469446951953614e-18
2019-04-04 15:13:19,-3.469446951953614e-18
2019-04-04 15:13:20,-3.469446951953614e-18
2019-04-04 15:13:21,-3.469446951953614e-18
2019-04-04 15:13:22,-3.469446951953614e-18
2019-04-04 15:13:23,-3.469446951953614e-18
2019-04-04 15:13:24,-3.469446951953614e-18
2019-04-04 15:13:25,-3.469446951953614e-18
2019-04-04 15:13:26,-3.469446951953614e-18
2019-04-04 15:13:27,-3.469446951953614e-18
2019-04-04 15:13:28,-3.469446951953614e-18
2019-04-04 15:13:29,-3.469446951953614e-18
2019-04-04 15:13:30,-3.469446951953614e-18
2019-04-04 15:13:31,-3.469446951953614e-18
2019-04-04 15:13:32,-3.469446951953614e-18
2019-04-04 15:13:33,-3.469446951953614e-18
2019-04-04 15:13:34,-3.469446951953614e-18
2019-04-04 15:13:35,-3.469446951953614e-18
2019-04-04 15:13:36,-3.469446951953614e-18
2019-04-04 15:13:37,-3.469446951953614e-18
2019-04-04 15:13:38,-3.469446951953614e-18
2019-04-04 15:13:39,-3.469446951953614e-18
2019-04-04 15:13:40,-3.469446951953614e-18
2019-04-04 15:13:41,-3.469446951953614e-18
2019-04-04 15:13:42,-3.469446951953614e-18
2019-04-04 15:13:43,-3.469446951953614e-18
2019-04-04 15:13:44,-3.469446951953614e-18
2019-04-04 15:13:45,-3.469446951953614e-18
2019-04-04 15:13:46,-3.469446951953614e-18
2019-04-04 15:13:47,-3.469446951953614e-18
2019-04-04 15:13:48,-3.469446951953614e-18
2019-04-04 15:13:49,-3.469446951953614e-18
2019-04-04 15:13:50,-3.469446951953614e-18
2019-04-04 15:13:51,-3.469446951953614e-18
2019-04-04 15:13:52,-3.469446951953614e-18
2019-04-04 15:13:53,-3.469446951953614e-18
2019-04-04 15:13:54,-3.469446951953614e-18
2019-04-04 15:13:55,-3.469446951953614e-18
2019-04-04 15:13:56,-3.469446951953614e-18
2019-04-04 15:13:57,-3.469446951953614e-18
2019-04-04 15:13:58,-3.469446951953614e-18
2019-04-04 15:13:59,-3.469446951953614e-18
2019-04-04 15:14:00,-3.469446951953614e-18
2019-04-04 15:14:01,-3.469446951953614e-18
2019-04-04 15:14:02,-3.469446951953614e-18
2019-04-04 15:14:03,-3.469446951953614e-18
2019-04-04 15:14:04,-3.469446951953614e-18
2019-04-04 15:14:05,-3.469446951953614e-18
2019-04-04 15:14:06,-3.469446951953614e-18
2019-04-04 15:14:07,-3.469446951953614e-18
2019-04-04 15:14:08,-3.469446951953614e-18
2019-04-04 15:14:09,-3.469446951953614e-18
2019-04-04 15:14:10,-3.469446951953614e-18
2019-04-04 15:14:11,-3.469446951953614e-18
2019-04-04 15:14:12,-3.469446951953614e-18
2019-04-04 15:14:13,-3.469446951953614e-18
2019-04-04 15:14:14,-3.469446951953614e-18
2019-04-04 15:14:15,-3.469446951953614e-18
2019-04-04 15:14:16,-3.469446951953614e-18
2019-04-04 15:14:17,-3.469446951953614e-18
2019-04-04 15:14:18,-3.469446951953614e-18
2019-04-04 15:14:19,-3.469446951953614e-18
2019-04-04 15:14:20,-3.469446951953614e-18
2019-04-04 15:14:21,-3.469446951953614e-18
2019-04-04 15:14:22,-3.469446951953614e-18
2019-04-04 15:14:23,-3.469446951953614e-18
2019-04-04 15:14:24,-3.469446951953614e-18
2019-04-04 15:14:25,-3.469446951953614e-18
2019-04-04 15:14:26,-3.469446951953614e-18
2019-04-04 15:14:27,-3.469446951953614e-18
2019-04-04 15:14:28,-3.469446951953614e-18
2019-04-04 15:14:29,-3.469446951953614e-18
2019-04-04 15:14:30,-3.469446951953614e-18
2019-04-04 15:14:31,-3.469446951953614e-18
2019-04-04 15:14:32,-3.469446951953614e-18
2019-04-04 15:14:33,-3.469446951953614e-18
2019-04-04 15:14:34,-3.469446951953614e-18
2019-04-04 15:14:35,-3.469446951953614e-18
2019-04-04 15:14:36,-3.469446951953614e-18
2019-04-04 15:14:37,-3.469446951953614e-18
2019-04-04 15:14:38,-3.469446951953614e-18
2019-04-04 15:14:39,-3.469446951953614e-18
2019-04-04 15:14:40,-3.469446951953614e-18
2019-04-04 15:14:41,-3.469446951953614e-18
2019-04-04 15:14:42,-3.469446951953614e-18
2019-04-04 15:14:43,-3.469446951953614e-18
2019-04-04 15:14:44,-3.469446951953614e-18
2019-04-04 15:14:45,-3.469446951953614e-18
2019-04-04 15:14:46,-3.469446951953614e-18
2019-04-04 15:14:47,-3.469446951953614e-18
2019-04-04 15:14:48,-3.469446951953614e-18
2019-04-04 15:14:49,-3.469446951953614e-18
2019-04-04 15:14:50,-3.469446951953614e-18
2019-04-04 15:14:51,-3.469446951953614e-18
2019-04-04 15:14:52,-3.469446951953614e-18
2019-04-04 15:14:53,-3.469446951953614e-18
2019-04-04 15:14:54,-3.469446951953614e-18
2019-04-04 15:14:55,-3.469446951953614e-18
2019-04-04 15:14:56,-3.469446951953614e-18
2019-04-04 15:14:57,-3.469446951953614e-18
2019-04-04 15:14:58,-3.469446951953614e-18
2019-04-04 15:14:59,-3.469446951953614e-18
2019-04-04 15:15:00,-3.469446951953614e-18
2019-04-04 15:15:01,-3.469446951953614e-18
2019-04-04 15:15:02,-3.469446951953614e-18
2019-04-04 15:15:03,-3.469446951953614e-18
2019-04-04 15:15:04,-3.469446951953614e-18
2019-04-04 15:15:05,-3.469446951953614e-18
2019-04-04 15:15:06,-3.469446951953614e-18
2019-04-04 15:15:07,-3.469446951953614e-18
2019-04-04 15:15:08,-3.469446951953614e-18
2019-04-04 15:15:09,-3.469446951953614e-18
2019-04-04 15:15:10,-3.469446951953614e-18
2019-04-04 15:15:11,-3.469446951953614e-18
2019-04-04 15:15:12,-3.469446951953614e-18
2019-04-04 15:15:13,-3.469446951953614e-18
2019-04-04 15:15:14,-3.469446951953614e-18
2019-04-04 15:15:15,-3.469446951953614e-18
2019-04-04 15:15:16,-3.469446951953614e-18
2019-04-04 15:15:17,-3.469446951953614e-18
2019-04-04 15:15:18,-3.469446951953614e-18
2019-04-04 15:15:19,-3.469446951953614e-18
2019-04-04 15:15:20,-3.469446951953614e-18
2019-04-04 15:15:21,-3.469446951953614e-18
2019-04-04 15:15:22,-3.469446951953614e-18
2019-04-04 15:15:23,-3.469446951953614e-18
2019-04-04 15:15:24,-3.469446951953614e-18
2019-04-04 15:15:25,-3.469446951953614e-18
2019-04-04 15:15:26,-3.469446951953614e-18
2019-04-04 15:15:27,-3.469446951953614e-18
2019-04-04 15:15:28,-3.469446951953614e-18
2019-04-04 15:15:29,-3.469446951953614e-18
2019-04-04 15:15:30,-3.469446951953614e-18
2019-04-04 15:15:31,-3.469446951953614e-18
2019-04-04 15:15:32,-3.469446951953614e-18
2019-04-04 15:15:33,-3.469446951953614e-18
2019-04-04 15:15:34,-3.469446951953614e-18
2019-04-04 15:15:35,-3.469446951953614e-18
2019-04-04 15:15:36,-3.469446951953614e-18
2019-04-04 15:15:37,-3.469446951953614e-18
2019-04-04 15:15:38,-3.469446951953614e-18
2019-04-04 15:15:39,-3.469446951953614e-18
2019-04-04 15:15:40,-3.469446951953614e-18
2019-04-04 15:15:41,-3.469446951953614e-18
2019-04-04 15:15:42,-3.469446951953614e-18
2019-04-04 15:15:43,-3.469446951953614e-18
2019-04-04 15:15:44,-3.469446951953614e-18
2019-04-04 15:15:45,-3.469446951953614e-18
2019-04-04 15:15:46,-3.469446951953614e-18
2019-04-04 15:15:47,-3.469446951953614e-18
2019-04-04 15:15:48,-3.469446951953614e-18
2019-04-04 15:15:49,-3.469446951953614e-18
2019-04-04 15:15:50,-3.469446951953614e-18
2019-04-04 15:15:51,-3.469446951953614e-18
2019-04-04 15:15:52,-3.469446951953614e-18
2019-04-04 15:15:53,-3.469446951953614e-18
2019-04-04 15:15:54,-3.469446951953614e-18
2019-04-04 15:15:55,-3.469446951953614e-18
2019-04-04 15:15:56,-3.469446951953614e-18
2019-04-04 15:15:57,-3.469446951953614e-18
2019-04-04 15:15:58,-3.469446951953614e-18
2019-04-04 15:15:59,-3.469446951953614e-18
2019-04-04 15:16:00,-3.469446951953614e-18
2019-04-04 15:16:01,-3.469446951953614e-18
2019-04-04 15:16:02,-3.469446951953614e-18
2019-04-04 15:16:03,-3.469446951953614e-18
2019-04-04 15:16:04,-3.469446951953614e-18
2019-04-04 15:16:05,-3.469446951953614e-18
2019-04-04 15:16:06,-3.469446951953614e-18
2019-04-04 15:16:07,-3.469446951953614e-18
2019-04-04 15:16:08,-3.469446951953614e-18
2019-04-04 15:16:09,-3.469446951953614e-18
2019-04-04 15:16:10,-3.469446951953614e-18
2019-04-04 15:16:11,-3.469446951953614e-18
2019-04-04 15:16:12,-3.469446951953614e-18
2019-04-04 15:16:13,-3.469446951953614e-18
2019-04-04 15:16:14,-3.469446951953614e-18
2019-04-04 15:16:15,-3.469446951953614e-18
2019-04-04 15:16:16,-3.469446951953614e-18
2019-04-04 15:16:17,-3.469446951953614e-18
2019-04-04 15:16:18,-3.469446951953614e-18
2019-04-04 15:16:19,-3.469446951953614e-18
2019-04-04 15:16:20,-3.469446951953614e-18
2019-04-04 15:16:21,-3.469446951953614e-18
2019-04-04 15:16:22,-3.469446951953614e-18
2019-04-04 15:16:23,-3.469446951953614e-18
2019-04-04 15:16:24,-3.469446951953614e-18
2019-04-04 15:16:25,-3.469446951953614e-18
2019-04-04 15:16:26,-3.469446951953614e-18
2019-04-04 15:16:27,-3.469446951953614e-18
2019-04-04 15:16:28,-3.469446951953614e-18
2019-04-04 15:16:29,-3.469446951953614e-18
2019-04-04 15:16:30,-3.469446951953614e-18
2019-04-04 15:16:31,-3.469446951953614e-18
2019-04-04 15:16:32,-3.469446951953614e-18
2019-04-04 15:16:33,-3.469446951953614e-18
2019-04-04 15:16:34,-3.469446951953614e-18
2019-04-04 15:16:35,-3.469446951953614e-18
2019-04-04 15:16:36,-3.469446951953614e-18
2019-04-04 15:16:37,-3.469446951953614e-18
2019-04-04 15:16:38,-3.469446951953614e-18
2019-04-04 15:16:39,-3.469446951953614e-18
2019-04-04 15:16:40,-3.469446951953614e-18
2019-04-04 15:16:41,-3.469446951953614e-18
2019-04-04 15:16:42,-3.469446951953614e-18
2019-04-04 15:16:43,-3.469446951953614e-18
2019-04-04 15:16:44,-3.469446951953614e-18
2019-04-04 15:16:45,-3.469446951953614e-18
2019-04-04 15:16:46,-3.469446951953614e-18
2019-04-04 15:16:47,-3.469446951953614e-18
2019-04-04 15:16:48,-3.469446951953614e-18
2019-04-04 15:16:49,-3.469446951953614e-18
2019-04-04 15:16:50,-3.469446951953614e-18
2019-04-04 15:16:51,-3.469446951953614e-18
2019-04-04 15:16:52,-3.469446951953614e-18
2019-04-04 15:16:53,-3.469446951953614e-18
2019-04-04 15:16:54,-3.469446951953614e-18
2019-04-04 15:16:55,-3.469446951953614e-18
2019-04-04 15:16:56,-3.469446951953614e-18
2019-04-04 15:16:57,-3.469446951953614e-18
2019-04-04 15:16:58,-3.469446951953614e-18
2019-04-04 15:16:59,-3.469446951953614e-18
2019-04-04 15:17:00,-3.469446951953614e-18
2019-04-04 15:17:01,-3.469446951953614e-18
2019-04-04 15:17:02,-3.469446951953614e-18
2019-04-04 15:17:03,-3.469446951953614e-18
2019-04-04 15:17:04,-3.469446951953614e-18
2019-04-04 15:17:05,-3.469446951953614e-18
2019-04-04 15:17:06,-3.469446951953614e-18
2019-04-04 15:17:07,-3.469446951953614e-18
2019-04-04 15:17:08,-3.469446951953614e-18
2019-04-04 15:17:09,-3.469446951953614e-18
2019-04-04 15:17:10,-3.469446951953614e-18
2019-04-04 15:17:11,-3.469446951953614e-18
2019-04-04 15:17:12,-3.469446951953614e-18
2019-04-04 15:17:13,-3.469446951953614e-18
2019-04-04 15:17:14,-3.469446951953614e-18
2019-04-04 15:17:15,-3.469446951953614e-18
2019-04-04 15:17:16,-3.469446951953614e-18
2019-04-04 15:17:17,-3.469446951953614e-18
2019-04-04 15:17:18,-3.469446951953614e-18
2019-04-04 15:17:19,-3.469446951953614e-18
2019-04-04 15:17:20,-3.469446951953614e-18
2019-04-04 15:17:21,-3.469446951953614e-18
2019-04-04 15:17:22,-3.469446951953614e-18
2019-04-04 15:17:23,-3.469446951953614e-18
2019-04-04 15:17:24,-3.469446951953614e-18
2019-04-04 15:17:25,-3.469446951953614e-18
2019-04-04 15:17:26,-3.469446951953614e-18
2019-04-04 15:17:27,-3.469446951953614e-18
2019-04-04 15:17:28,-3.469446951953614e-18
2019-04-04 15:17:29,-3.469446951953614e-18
2019-04-04 15:17:30,-3.469446951953614e-18
2019-04-04 15:17:31,-3.469446951953614e-18
2019-04-04 15:17:32,-3.469446951953614e-18
2019-04-04 15:17:33,-3.469446951953614e-18
2019-04-04 15:17:34,-3.469446951953614e-18
2019-04-04 15:17:35,-3.469446951953614e-18
2019-04-04 15:17:36,-3.469446951953614e-18
2019-04-04 15:17:37,-3.469446951953614e-18
2019-04-04 15:17:38,-3.469446951953614e-18
2019-04-04 15:17:39,-3.469446951953614e-18
2019-04-04 15:17:40,-3.469446951953614e-18
2019-04-04 15:17:41,-3.469446951953614e-18
2019-04-04 15:17:42,-3.469446951953614e-18
2019-04-04 15:17:43,-3.469446951953614e-18
2019-04-04 15:17:44,-3.469446951953614e-18
2019-04-04 15:17:45,-3.469446951953614e-18
2019-04-04 15:17:46,-3.469446951953614e-18
2019-04-04 15:17:47,-3.469446951953614e-18
2019-04-04 15:17:48,-3.469446951953614e-18
2019-04-04 15:17:49,-3.469446951953614e-18
2019-04-04 15:17:50,-3.469446951953614e-18
2019-04-04 15:17:51,-3.469446951953614e-18
2019-04-04 15:17:52,-3.469446951953614e-18
2019-04-04 15:17:53,-3.469446951953614e-18
2019-04-04 15:17:54,-3.469446951953614e-18
2019-04-04 15:17:55,-3.469446951953614e-18
2019-04-04 15:17:56,-3.469446951953614e-18
2019-04-04 15:17:57,-3.469446951953614e-18
2019-04-04 15:17:58,-3.469446951953614e-18
2019-04-04 15:17:59,-3.469446951953614e-18
2019-04-04 15:18:00,-3.469446951953614e-18
2019-04-04 15:18:01,-3.469446951953614e-18
2019-04-04 15:18:02,-3.469446951953614e-18
2019-04-04 15:18:03,-3.469446951953614e-18
2019-04-04 15:18:04,-3.469446951953614e-18
2019-04-04 15:18:05,-3.469446951953614e-18
2019-04-04 15:18:06,-3.469446951953614e-18
2019-04-04 15:18:07,-3.469446951953614e-18
2019-04-04 15:18:08,-3.469446951953614e-18
2019-04-04 15:18:09,-3.469446951953614e-18
2019-04-04 15:18:10,-3.469446951953614e-18
2019-04-04 15:18:11,-3.469446951953614e-18
2019-04-04 15:18:12,-3.469446951953614e-18
2019-04-04 15:18:13,-3.469446951953614e-18
2019-04-04 15:18:14,-3.469446951953614e-18
2019-04-04 15:18:15,-3.469446951953614e-18
2019-04-04 15:18:16,-3.469446951953614e-18
2019-04-04 15:18:17,-3.469446951953614e-18
2019-04-04 15:18:18,-3.469446951953614e-18
2019-04-04 15:18:19,-3.469446951953614e-18
2019-04-04 15:18:20,-3.469446951953614e-18
2019-04-04 15:18:21,-3.469446951953614e-18
2019-04-04 15:18:22,-3.469446951953614e-18
2019-04-04 15:18:23,-3.469446951953614e-18
2019-04-04 15:18:24,-3.469446951953614e-18
2019-04-04 15:18:25,-3.469446951953614e-18
2019-04-04 15:18:26,-3.469446951953614e-18
2019-04-04 15:18:27,-3.469446951953614e-18
2019-04-04 15:18:28,-3.469446951953614e-18
2019-04-04 15:18:29,-3.469446951953614e-18
2019-04-04 15:18:30,-3.469446951953614e-18
2019-04-04 15:18:31,-3.469446951953614e-18
2019-04-04 15:18:32,-3.469446951953614e-18
2019-04-04 15:18:33,-3.469446951953614e-18
2019-04-04 15:18:34,-3.469446951953614e-18
2019-04-04 15:18:35,-3.469446951953614e-18
2019-04-04 15:18:36,-3.469446951953614e-18
2019-04-04 15:18:37,-3.469446951953614e-18
2019-04-04 15:18:38,-3.469446951953614e-18
2019-04-04 15:18:39,-3.469446951953614e-18
2019-04-04 15:18:40,-3.469446951953614e-18
2019-04-04 15:18:41,-3.469446951953614e-18
2019-04-04 15:18:42,-3.469446951953614e-18
2019-04-04 15:18:43,-3.469446951953614e-18
2019-04-04 15:18:44,-3.469446951953614e-18
2019-04-04 15:18:45,-3.469446951953614e-18
2019-04-04 15:18:46,-3.469446951953614e-18
2019-04-04 15:18:47,-3.469446951953614e-18
2019-04-04 15:18:48,-3.469446951953614e-18
2019-04-04 15:18:49,-3.469446951953614e-18
2019-04-04 15:18:50,-3.469446951953614e-18
2019-04-04 15:18:51,-3.469446951953614e-18
2019-04-04 15:18:52,-3.469446951953614e-18
2019-04-04 15:18:53,-3.469446951953614e-18
2019-04-04 15:18:54,-3.469446951953614e-18
2019-04-04 15:18:55,-3.469446951953614e-18
2019-04-04 15:18:56,-3.469446951953614e-18
2019-04-04 15:18:57,-3.469446951953614e-18
2019-04-04 15:18:58,-3.469446951953614e-18
2019-04-04 15:18:59,-3.469446951953614e-18
2019-04-04 15:19:00,-3.469446951953614e-18
2019-04-04 15:19:01,-3.469446951953614e-18
2019-04-04 15:19:02,-3.469446951953614e-18
2019-04-04 15:19:03,-8.163265305818034e-05
2019-04-04 15:19:04,-8.163265305889157e-05
2019-04-04 15:19:05,-8.163265305960107e-05
2019-04-04 15:19:06,-8.163265306031231e-05
2019-04-04 15:19:07,-8.163265306102355e-05
2019-04-04 15:19:08,-3.469446951953614e-18
2019-04-04 15:19:09,-3.469446951953614e-18
2019-04-04 15:19:10,-3.469446951953614e-18
2019-04-04 15:19:11,-3.469446951953614e-18
2019-04-04 15:19:12,-3.469446951953614e-18
2019-04-04 15:19:13,-3.469446951953614e-18
2019-04-04 15:19:14,-3.469446951953614e-18
2019-04-04 15:19:15,-3.469446951953614e-18
2019-04-04 15:19:16,-3.469446951953614e-18
2019-04-04 15:19:17,-3.469446951953614e-18
2019-04-04 15:19:18,-3.469446951953614e-18
2019-04-04 15:19:19,-3.469446951953614e-18
2019-04-04 15:19:20,-3.469446951953614e-18
2019-04-04 15:19:21,-3.469446951953614e-18
2019-04-04 15:19:22,-3.469446951953614e-18
2019-04-04 15:19:23,-3.469446951953614e-18
2019-04-04 15:19:24,-3.469446951953614e-18
2019-04-04 15:19:25,-3.469446951953614e-18
2019-04-04 15:19:26,-3.469446951953614e-18
2019-04-04 15:19:27,-3.469446951953614e-18
2019-04-04 15:19:28,-3.469446951953614e-18
2019-04-04 15:19:29,-3.469446951953614e-18
2019-04-04 15:19:30,-3.469446951953614e-18
2019-04-04 15:19:31,-3.469446951953614e-18
2019-04-04 15:19:32,-3.469446951953614e-18
2019-04-04 15:19:33,-3.469446951953614e-18
2019-04-04 15:19:34,-3.469446951953614e-18
2019-04-04 15:19:35,-3.469446951953614e-18
2019-04-04 15:19:36,-3.469446951953614e-18
2019-04-04 15:19:37,-3.469446951953614e-18
2019-04-04 15:19:38,-3.469446951953614e-18
2019-04-04 15:19:39,-3.469446951953614e-18
2019-04-04 15:19:40,-3.469446951953614e-18
2019-04-04 15:19:41,-3.469446951953614e-18
2019-04-04 15:19:42,-3.469446951953614e-18
2019-04-04 15:19:43,-3.469446951953614e-18
2019-04-04 15:19:44,-3.469446951953614e-18
2019-04-04 15:19:45,-3.469446951953614e-18
2019-04-04 15:19:46,-3.469446951953614e-18
2019-04-04 15:19:47,-3.469446951953614e-18
2019-04-04 15:19:48,-3.469446951953614e-18
2019-04-04 15:19:49,-3.469446951953614e-18
2019-04-04 15:19:50,-3.469446951953614e-18
2019-04-04 15:19:51,-3.469446951953614e-18
2019-04-04 15:19:52,-3.469446951953614e-18
2019-04-04 15:19:53,-3.469446951953614e-18
2019-04-04 15:19:54,-3.469446951953614e-18
2019-04-04 15:19:55,-3.469446951953614e-18
2019-04-04 15:19:56,-3.469446951953614e-18
2019-04-04 15:19:57,-3.469446951953614e-18
2019-04-04 15:19:58,-3.469446951953614e-18
2019-04-04 15:19:59,-3.469446951953614e-18
2019-04-04 15:20:00,-3.469446951953614e-18
2019-04-04 15:20:01,-3.469446951953614e-18
2019-04-04 15:20:02,-3.469446951953614e-18
2019-04-04 15:20:03,-3.469446951953614e-18
2019-04-04 15:20:04,-3.469446951953614e-18
2019-04-04 15:20:05,-3.469446951953614e-18
2019-04-04 15:20:06,-3.469446951953614e-18
2019-04-04 15:20:07,-3.469446951953614e-18
2019-04-04 15:20:08,-3.469446951953614e-18
2019-04-04 15:20:09,-3.469446951953614e-18
2019-04-04 15:20:10,-3.469446951953614e-18
2019-04-04 15:20:11,-3.469446951953614e-18
2019-04-04 15:20:12,-3.469446951953614e-18
2019-04-04 15:20:13,-3.469446951953614e-18
2019-04-04 15:20:14,-3.469446951953614e-18
2019-04-04 15:20:15,-3.469446951953614e-18
2019-04-04 15:20:16,-3.469446951953614e-18
2019-04-04 15:20:17,-3.469446951953614e-18
2019-04-04 15:20:18,-3.469446951953614e-18
2019-04-04 15:20:19,-3.469446951953614e-18
2019-04-04 15:20:20,-3.469446951953614e-18
2019-04-04 15:20:21,-3.469446951953614e-18
2019-04-04 15:20:22,-3.469446951953614e-18
2019-04-04 15:20:23,-3.469446951953614e-18
2019-04-04 15:20:24,-3.469446951953614e-18
2019-04-04 15:20:25,-3.469446951953614e-18
2019-04-04 15:20:26,-3.469446951953614e-18
2019-04-04 15:20:27,-3.469446951953614e-18
2019-04-04 15:20:28,-3.469446951953614e-18
2019-04-04 15:20:29,-3.469446951953614e-18
2019-04-04 15:20:30,-3.469446951953614e-18
2019-04-04 15:20:31,-3.469446951953614e-18
2019-04-04 15:20:32,-3.469446951953614e-18
2019-04-04 15:20:33,-3.469446951953614e-18
2019-04-04 15:20:34,-3.469446951953614e-18
2019-04-04 15:20:35,-3.469446951953614e-18
2019-04-04 15:20:36,-3.469446951953614e-18
2019-04-04 15:20:37,-3.469446951953614e-18
2019-04-04 15:20:38,-3.469446951953614e-18
2019-04-04 15:20:39,-3.469446951953614e-18
2019-04-04 15:20:40,-3.469446951953614e-18
2019-04-04 15:20:41,-3.469446951953614e-18
2019-04-04 15:20:42,-3.469446951953614e-18
2019-04-04 15:20:43,-3.469446951953614e-18
2019-04-04 15:20:44,-3.469446951953614e-18
2019-04-04 15:20:45,-3.469446951953614e-18
2019-04-04 15:20:46,-3.469446951953614e-18
2019-04-04 15:20:47,-3.469446951953614e-18
2019-04-04 15:20:48,-3.469446951953614e-18
2019-04-04 15:20:49,-3.469446951953614e-18
2019-04-04 15:20:50,-3.469446951953614e-18
2019-04-04 15:20:51,-3.469446951953614e-18
2019-04-04 15:20:52,-3.469446951953614e-18
2019-04-04 15:20:53,-3.469446951953614e-18
2019-04-04 15:20:54,-3.469446951953614e-18
2019-04-04 15:20:55,-3.469446951953614e-18
2019-04-04 15:20:56,-3.469446951953614e-18
2019-04-04 15:20:57,-3.469446951953614e-18
2019-04-04 15:20:58,-3.469446951953614e-18
2019-04-04 15:20:59,-3.469446951953614e-18
2019-04-04 15:21:00,-3.469446951953614e-18
2019-04-04 15:21:01,-3.469446951953614e-18
2019-04-04 15:21:02,-3.469446951953614e-18
2019-04-04 15:21:03,-3.469446951953614e-18
2019-04-04 15:21:04,-3.469446951953614e-18
2019-04-04 15:21:05,-3.469446951953614e-18
2019-04-04 15:21:06,-3.469446951953614e-18
2019-04-04 15:21:07,-3.469446951953614e-18
2019-04-04 15:21:08,-3.469446951953614e-18
2019-04-04 15:21:09,-3.469446951953614e-18
2019-04-04 15:21:10,-3.469446951953614e-18
2019-04-04 15:21:11,-3.469446951953614e-18
2019-04-04 15:21:12,-3.469446951953614e-18
2019-04-04 15:21:13,-3.469446951953614e-18
2019-04-04 15:21:14,-3.469446951953614e-18
2019-04-04 15:21:15,-3.469446951953614e-18
2019-04-04 15:21:16,-3.469446951953614e-18
2019-04-04 15:21:17,-3.469446951953614e-18
2019-04-04 15:21:18,-3.469446951953614e-18
2019-04-04 15:21:19,-3.469446951953614e-18
2019-04-04 15:21:20,-3.469446951953614e-18
2019-04-04 15:21:21,-3.469446951953614e-18
2019-04-04 15:21:22,-3.469446951953614e-18
2019-04-04 15:21:23,-3.469446951953614e-18
2019-04-04 15:21:24,-3.469446951953614e-18
2019-04-04 15:21:25,-3.469446951953614e-18
2019-04-04 15:21:26,-3.469446951953614e-18
2019-04-04 15:21:27,-3.469446951953614e-18
2019-04-04 15:21:28,-3.469446951953614e-18
2019-04-04 15:21:29,-3.469446951953614e-18
2019-04-04 15:21:30,-3.469446951953614e-18
2019-04-04 15:21:31,-3.469446951953614e-18
2019-04-04 15:21:32,-3.469446951953614e-18
2019-04-04 15:21:33,-3.469446951953614e-18
2019-04-04 15:21:34,-3.469446951953614e-18
2019-04-04 15:21:35,-3.469446951953614e-18
2019-04-04 15:21:36,-3.469446951953614e-18
2019-04-04 15:21:37,-3.469446951953614e-18
2019-04-04 15:21:38,-3.469446951953614e-18
2019-04-04 15:21:39,-3.469446951953614e-18
2019-04-04 15:21:40,-3.469446951953614e-18
2019-04-04 15:21:41,-3.469446951953614e-18
2019-04-04 15:21:42,-3.469446951953614e-18
2019-04-04 15:21:43,-3.469446951953614e-18
2019-04-04 15:21:44,-3.469446951953614e-18
2019-04-04 15:21:45,-3.469446951953614e-18
2019-04-04 15:21:46,-3.469446951953614e-18
2019-04-04 15:21:47,-3.469446951953614e-18
2019-04-04 15:21:48,-3.469446951953614e-18
2019-04-04 15:21:49,-3.469446951953614e-18
2019-04-04 15:21:50,-3.469446951953614e-18
2019-04-04 15:21:51,-3.469446951953614e-18
2019-04-04 15:21:52,-3.469446951953614e-18
2019-04-04 15:21:53,-3.469446951953614e-18
2019-04-04 15:21:54,-3.469446951953614e-18
2019-04-04 15:21:55,-3.469446951953614e-18
2019-04-04 15:21:56,-3.469446951953614e-18
2019-04-04 15:21:57,-3.469446951953614e-18
2019-04-04 15:21:58,-3.469446951953614e-18
2019-04-04 15:21:59,-3.469446951953614e-18
2019-04-04 15:22:00,-3.469446951953614e-18
2019-04-04 15:22:01,-3.469446951953614e-18
2019-04-04 15:22:02,-3.469446951953614e-18
2019-04-04 15:22:03,-3.469446951953614e-18
2019-04-04 15:22:04,-3.469446951953614e-18
2019-04-04 15:22:05,-3.469446951953614e-18
2019-04-04 15:22:06,-3.469446951953614e-18
2019-04-04 15:22:07,-3.469446951953614e-18
2019-04-04 15:22:08,-3.469446951953614e-18
2019-04-04 15:22:09,-3.469446951953614e-18
2019-04-04 15:22:10,-3.469446951953614e-18
2019-04-04 15:22:11,-3.469446951953614e-18
2019-04-04 15:22:12,-3.469446951953614e-18
2019-04-04 15:22:13,-3.469446951953614e-18
2019-04-04 15:22:14,-3.469446951953614e-18
2019-04-04 15:22:15,-3.469446951953614e-18
2019-04-04 15:22:16,-3.469446951953614e-18
2019-04-04 15:22:17,-3.469446951953614e-18
2019-04-04 15:22:18,-3.469446951953614e-18
2019-04-04 15:22:19,-3.469446951953614e-18
2019-04-04 15:22:20,-3.469446951953614e-18
2019-04-04 15:22:21,-3.469446951953614e-18
2019-04-04 15:22:22,-3.469446951953614e-18
2019-04-04 15:22:23,-3.469446951953614e-18
2019-04-04 15:22:24,-3.469446951953614e-18
2019-04-04 15:22:25,-3.469446951953614e-18
2019-04-04 15:22:26,-3.469446951953614e-18
2019-04-04 15:22:27,-3.469446951953614e-18
2019-04-04 15:22:28,-3.469446951953614e-18
2019-04-04 15:22:29,-3.469446951953614e-18
2019-04-04 15:22:30,-3.469446951953614e-18
2019-04-04 15:22:31,-3.469446951953614e-18
2019-04-04 15:22:32,-3.469446951953614e-18
2019-04-04 15:22:33,-3.469446951953614e-18
2019-04-04 15:22:34,-3.469446951953614e-18
2019-04-04 15:22:35,-3.469446951953614e-18
2019-04-04 15:22:36,-3.469446951953614e-18
2019-04-04 15:22:37,-3.469446951953614e-18
2019-04-04 15:22:38,-3.469446951953614e-18
2019-04-04 15:22:39,-3.469446951953614e-18
2019-04-04 15:22:40,-3.469446951953614e-18
2019-04-04 15:22:41,-3.469446951953614e-18
2019-04-04 15:22:42,-3.469446951953614e-18
2019-04-04 15:22:43,-3.469446951953614e-18
2019-04-04 15:22:44,-3.469446951953614e-18
2019-04-04 15:22:45,-3.469446951953614e-18
2019-04-04 15:22:46,-3.469446951953614e-18
2019-04-04 15:22:47,-3.469446951953614e-18
2019-04-04 15:22:48,-3.469446951953614e-18
2019-04-04 15:22:49,-3.469446951953614e-18
2019-04-04 15:22:50,-3.469446951953614e-18
2019-04-04 15:22:51,-3.469446951953614e-18
2019-04-04 15:22:52,-3.469446951953614e-18
2019-04-04 15:22:53,-3.469446951953614e-18
2019-04-04 15:22:54,-3.469446951953614e-18
2019-04-04 15:22:55,-3.469446951953614e-18
2019-04-04 15:22:56,-3.469446951953614e-18
2019-04-04 15:22:57,-3.469446951953614e-18
2019-04-04 15:22:58,-3.469446951953614e-18
2019-04-04 15:22:59,-3.469446951953614e-18
2019-04-04 15:23:00,-3.469446951953614e-18
2019-04-04 15:23:01,-3.469446951953614e-18
2019-04-04 15:23:02,-3.469446951953614e-18
2019-04-04 15:23:03,-3.469446951953614e-18
2019-04-04 15:23:04,-3.469446951953614e-18
2019-04-04 15:23:05,-3.469446951953614e-18
2019-04-04 15:23:06,-3.469446951953614e-18
2019-04-04 15:23:07,-3.469446951953614e-18
2019-04-04 15:23:08,-3.469446951953614e-18
2019-04-04 15:23:09,-3.469446951953614e-18
2019-04-04 15:23:10,-3.469446951953614e-18
2019-04-04 15:23:11,-3.469446951953614e-18
2019-04-04 15:23:12,-3.469446951953614e-18
2019-04-04 15:23:13,-3.469446951953614e-18
2019-04-04 15:23:14,-3.469446951953614e-18
2019-04-04 15:23:15,-3.469446951953614e-18
2019-04-04 15:23:16,-3.469446951953614e-18
2019-04-04 15:23:17,-3.469446951953614e-18
2019-04-04 15:23:18,-3.469446951953614e-18
2019-04-04 15:23:19,-3.469446951953614e-18
2019-04-04 15:23:20,-3.469446951953614e-18
2019-04-04 15:23:21,-3.469446951953614e-18
2019-04-04 15:23:22,-3.469446951953614e-18
2019-04-04 15:23:23,-3.469446951953614e-18
2019-04-04 15:23:24,-3.469446951953614e-18
2019-04-04 15:23:25,-3.469446951953614e-18
2019-04-04 15:23:26,-3.469446951953614e-18
2019-04-04 15:23:27,-3.469446951953614e-18
2019-04-04 15:23:28,-3.469446951953614e-18
2019-04-04 15:23:29,-3.469446951953614e-18
2019-04-04 15:23:30,-3.469446951953614e-18
2019-04-04 15:23:31,-3.469446951953614e-18
2019-04-04 15:23:32,-3.469446951953614e-18
2019-04-04 15:23:33,-3.469446951953614e-18
2019-04-04 15:23:34,-3.469446951953614e-18
2019-04-04 15:23:35,-3.469446951953614e-18
2019-04-04 15:23:36,-3.469446951953614e-18
2019-04-04 15:23:37,-3.469446951953614e-18
2019-04-04 15:23:38,-3.469446951953614e-18
2019-04-04 15:23:39,-3.469446951953614e-18
2019-04-04 15:23:40,-3.469446951953614e-18
2019-04-04 15:23:41,-3.469446951953614e-18
2019-04-04 15:23:42,-3.469446951953614e-18
2019-04-04 15:23:43,-3.469446951953614e-18
2019-04-04 15:23:44,-3.469446951953614e-18
2019-04-04 15:23:45,-3.469446951953614e-18
2019-04-04 15:23:46,-3.469446951953614e-18
2019-04-04 15:23:47,-3.469446951953614e-18
2019-04-04 15:23:48,-3.469446951953614e-18
2019-04-04 15:23:49,-3.469446951953614e-18
2019-04-04 15:23:50,-3.469446951953614e-18
2019-04-04 15:23:51,-3.469446951953614e-18
2019-04-04 15:23:52,-3.469446951953614e-18
2019-04-04 15:23:53,-3.469446951953614e-18
2019-04-04 15:23:54,-3.469446951953614e-18
2019-04-04 15:23:55,-3.469446951953614e-18
2019-04-04 15:23:56,-3.469446951953614e-18
2019-04-04 15:23:57,-3.469446951953614e-18
2019-04-04 15:23:58,-3.469446951953614e-18
2019-04-04 15:23:59,-3.469446951953614e-18
2019-04-04 15:24:00,-3.469446951953614e-18
2019-04-04 15:24:01,-3.469446951953614e-18
2019-04-04 15:24:02,-3.469446951953614e-18
2019-04-04 15:24:03,-3.469446951953614e-18
2019-04-04 15:24:04,-3.469446951953614e-18
2019-04-04 15:24:05,-3.469446951953614e-18
2019-04-04 15:24:06,-3.469446951953614e-18
2019-04-04 15:24:07,-3.469446951953614e-18
2019-04-04 15:24:08,-3.469446951953614e-18
2019-04-04 15:24:09,-3.469446951953614e-18
2019-04-04 15:24:10,-3.469446951953614e-18
2019-04-04 15:24:11,-3.469446951953614e-18
2019-04-04 15:24:12,-3.469446951953614e-18
2019-04-04 15:24:13,-3.469446951953614e-18
2019-04-04 15:24:14,-3.469446951953614e-18
2019-04-04 15:24:15,-3.469446951953614e-18
2019-04-04 15:24:16,-3.469446951953614e-18
2019-04-04 15:24:17,-3.469446951953614e-18
2019-04-04 15:24:18,-3.469446951953614e-18
2019-04-04 15:24:19,-3.469446951953614e-18
2019-04-04 15:24:20,-3.469446951953614e-18
2019-04-04 15:24:21,-3.469446951953614e-18
2019-04-04 15:24:22,-3.469446951953614e-18
2019-04-04 15:24:23,-3.469446951953614e-18
2019-04-04 15:24:24,-3.469446951953614e-18
2019-04-04 15:24:25,-3.469446951953614e-18
2019-04-04 15:24:26,-3.469446951953614e-18
2019-04-04 15:24:27,-3.469446951953614e-18
2019-04-04 15:24:28,-3.469446951953614e-18
2019-04-04 15:24:29,-3.469446951953614e-18
2019-04-04 15:24:30,-3.469446951953614e-18
2019-04-04 15:24:31,-3.469446951953614e-18
2019-04-04 15:24:32,-3.469446951953614e-18
2019-04-04 15:24:33,-3.469446951953614e-18
2019-04-04 15:24:34,-3.469446951953614e-18
2019-04-04 15:24:35,-3.469446951953614e-18
2019-04-04 15:24:36,-3.469446951953614e-18
2019-04-04 15:24:37,-3.469446951953614e-18
2019-04-04 15:24:38,-3.469446951953614e-18
2019-04-04 15:24:39,-3.469446951953614e-18
2019-04-04 15:24:40,-3.469446951953614e-18
2019-04-04 15:24:41,-3.469446951953614e-18
2019-04-04 15:24:42,-3.469446951953614e-18
2019-04-04 15:24:43,-3.469446951953614e-18
2019-04-04 15:24:44,-3.469446951953614e-18
2019-04-04 15:24:45,-3.469446951953614e-18
2019-04-04 15:24:46,-3.469446951953614e-18
2019-04-04 15:24:47,-3.469446951953614e-18
2019-04-04 15:24:48,-3.469446951953614e-18
2019-04-04 15:24:49,-3.469446951953614e-18
2019-04-04 15:24:50,-3.469446951953614e-18
2019-04-04 15:24:51,-3.469446951953614e-18
2019-04-04 15:24:52,-3.469446951953614e-18
2019-04-04 15:24:53,-3.469446951953614e-18
2019-04-04 15:24:54,-3.469446951953614e-18
2019-04-04 15:24:55,-3.469446951953614e-18
2019-04-04 15:24:56,-3.469446951953614e-18
2019-04-04 15:24:57,-3.469446951953614e-18
2019-04-04 15:24:58,-3.469446951953614e-18
2019-04-04 15:24:59,-3.469446951953614e-18
2019-04-04 15:25:00,-3.469446951953614e-18
2019-04-04 15:25:01,-3.469446951953614e-18
2019-04-04 15:25:02,-3.469446951953614e-18
2019-04-04 15:25:03,-3.469446951953614e-18
2019-04-04 15:25:04,-3.469446951953614e-18
2019-04-04 15:25:05,-3.469446951953614e-18
2019-04-04 15:25:06,-3.469446951953614e-18
2019-04-04 15:25:07,-3.469446951953614e-18
2019-04-04 15:25:08,-3.469446951953614e-18
2019-04-04 15:25:09,-3.469446951953614e-18
2019-04-04 15:25:10,-3.469446951953614e-18
2019-04-04 15:25:11,-3.469446951953614e-18
2019-04-04 15:25:12,-3.469446951953614e-18
2019-04-04 15:25:13,-3.469446951953614e-18
2019-04-04 15:25:14,-3.469446951953614e-18
2019-04-04 15:25:15,-3.469446951953614e-18
2019-04-04 15:25:16,-3.469446951953614e-18
2019-04-04 15:25:17,-3.469446951953614e-18
2019-04-04 15:25:18,-3.469446951953614e-18
2019-04-04 15:25:19,-3.469446951953614e-18
2019-04-04 15:25:20,-3.469446951953614e-18
2019-04-04 15:25:21,-3.469446951953614e-18
2019-04-04 15:25:22,-3.469446951953614e-18
2019-04-04 15:25:23,-3.469446951953614e-18
2019-04-04 15:25:24,-3.469446951953614e-18
2019-04-04 15:25:25,-3.469446951953614e-18
2019-04-04 15:25:26,-3.469446951953614e-18
2019-04-04 15:25:27,-3.469446951953614e-18
2019-04-04 15:25:28,-3.469446951953614e-18
2019-04-04 15:25:29,-3.469446951953614e-18
2019-04-04 15:25:30,-3.469446951953614e-18
2019-04-04 15:25:31,-3.469446951953614e-18
2019-04-04 15:25:32,-3.469446951953614e-18
2019-04-04 15:25:33,-3.469446951953614e-18
2019-04-04 15:25:34,-3.469446951953614e-18
2019-04-04 15:25:35,-3.469446951953614e-18
2019-04-04 15:25:36,-3.469446951953614e-18
2019-04-04 15:25:37,-3.469446951953614e-18
2019-04-04 15:25:38,-3.469446951953614e-18
2019-04-04 15:25:39,-3.469446951953614e-18
2019-04-04 15:25:40,-3.469446951953614e-18
2019-04-04 15:25:41,-3.469446951953614e-18
2019-04-04 15:25:42,-3.469446951953614e-18
2019-04-04 15:25:43,-3.469446951953614e-18
2019-04-04 15:25:44,-3.469446951953614e-18
2019-04-04 15:25:45,-3.469446951953614e-18
2019-04-04 15:25:46,-3.469446951953614e-18
2019-04-04 15:25:47,-3.469446951953614e-18
2019-04-04 15:25:48,-3.469446951953614e-18
2019-04-04 15:25:49,-3.469446951953614e-18
2019-04-04 15:25:50,-3.469446951953614e-18
2019-04-04 15:25:51,-3.469446951953614e-18
2019-04-04 15:25:52,-3.469446951953614e-18
2019-04-04 15:25:53,-3.469446951953614e-18
2019-04-04 15:25:54,-3.469446951953614e-18
2019-04-04 15:25:55,-3.469446951953614e-18
2019-04-04 15:25:56,-3.469446951953614e-18
2019-04-04 15:25:57,-3.469446951953614e-18
2019-04-04 15:25:58,-3.469446951953614e-18
2019-04-04 15:25:59,-3.469446951953614e-18
2019-04-04 15:26:00,-3.469446951953614e-18
2019-04-04 15:26:01,-3.469446951953614e-18
2019-04-04 15:26:02,-3.469446951953614e-18
2019-04-04 15:26:03,-3.469446951953614e-18
2019-04-04 15:26:04,-3.469446951953614e-18
2019-04-04 15:26:05,-3.469446951953614e-18
2019-04-04 15:26:06,-3.469446951953614e-18
2019-04-04 15:26:07,-3.469446951953614e-18
2019-04-04 15:26:08,-3.469446951953614e-18
2019-04-04 15:26:09,-3.469446951953614e-18
2019-04-04 15:26:10,-3.469446951953614e-18
2019-04-04 15:26:11,-3.469446951953614e-18
2019-04-04 15:26:12,-3.469446951953614e-18
2019-04-04 15:26:13,-3.469446951953614e-18
2019-04-04 15:26:14,-3.469446951953614e-18
2019-04-04 15:26:15,-3.469446951953614e-18
2019-04-04 15:26:16,-3.469446951953614e-18
2019-04-04 15:26:17,-3.469446951953614e-18
2019-04-04 15:26:18,-3.469446951953614e-18
2019-04-04 15:26:19,-3.469446951953614e-18
2019-04-04 15:26:20,-3.469446951953614e-18
2019-04-04 15:26:21,-3.469446951953614e-18
2019-04-04 15:26:22,-3.469446951953614e-18
2019-04-04 15:26:23,-3.469446951953614e-18
2019-04-04 15:26:24,-3.469446951953614e-18
2019-04-04 15:26:25,-3.469446951953614e-18
2019-04-04 15:26:26,-3.469446951953614e-18
2019-04-04 15:26:27,-3.469446951953614e-18
2019-04-04 15:26:28,-3.469446951953614e-18
2019-04-04 15:26:29,-3.469446951953614e-18
2019-04-04 15:26:30,-3.469446951953614e-18
2019-04-04 15:26:31,-3.469446951953614e-18
2019-04-04 15:26:32,-3.469446951953614e-18
2019-04-04 15:26:33,-3.469446951953614e-18
2019-04-04 15:26:34,-3.469446951953614e-18
2019-04-04 15:26:35,-3.469446951953614e-18
2019-04-04 15:26:36,-3.469446951953614e-18
2019-04-04 15:26:37,-3.469446951953614e-18
2019-04-04 15:26:38,-3.469446951953614e-18
2019-04-04 15:26:39,-3.469446951953614e-18
2019-04-04 15:26:40,-3.469446951953614e-18
2019-04-04 15:26:41,-3.469446951953614e-18
2019-04-04 15:26:42,-3.469446951953614e-18
2019-04-04 15:26:43,-3.469446951953614e-18
2019-04-04 15:26:44,-3.469446951953614e-18
2019-04-04 15:26:45,-3.469446951953614e-18
2019-04-04 15:26:46,-3.469446951953614e-18
2019-04-04 15:26:47,-3.469446951953614e-18
2019-04-04 15:26:48,-3.469446951953614e-18
2019-04-04 15:26:49,-3.469446951953614e-18
2019-04-04 15:26:50,-3.469446951953614e-18
2019-04-04 15:26:51,-3.469446951953614e-18
2019-04-04 15:26:52,-3.469446951953614e-18
2019-04-04 15:26:53,-3.469446951953614e-18
2019-04-04 15:26:54,-3.469446951953614e-18
2019-04-04 15:26:55,-3.469446951953614e-18
2019-04-04 15:26:56,-3.469446951953614e-18
2019-04-04 15:26:57,-3.469446951953614e-18
2019-04-04 15:26:58,-3.469446951953614e-18
2019-04-04 15:26:59,-3.469446951953614e-18
2019-04-04 15:27:00,-3.469446951953614e-18
2019-04-04 15:27:01,-3.469446951953614e-18
2019-04-04 15:27:02,-3.469446951953614e-18
2019-04-04 15:27:03,-3.469446951953614e-18
2019-04-04 15:27:04,-3.469446951953614e-18
2019-04-04 15:27:05,-3.469446951953614e-18
2019-04-04 15:27:06,-3.469446951953614e-18
2019-04-04 15:27:07,-3.469446951953614e-18
2019-04-04 15:27:08,-3.469446951953614e-18
2019-04-04 15:27:09,-3.469446951953614e-18
2019-04-04 15:27:10,-3.469446951953614e-18
2019-04-04 15:27:11,-3.469446951953614e-18
2019-04-04 15:27:12,-3.469446951953614e-18
2019-04-04 15:27:13,-3.469446951953614e-18
2019-04-04 15:27:14,-3.469446951953614e-18
2019-04-04 15:27:15,-3.469446951953614e-18
2019-04-04 15:27:16,-3.469446951953614e-18
2019-04-04 15:27:17,-3.469446951953614e-18
2019-04-04 15:27:18,-3.469446951953614e-18
2019-04-04 15:27:19,-3.469446951953614e-18
2019-04-04 15:27:20,-3.469446951953614e-18
2019-04-04 15:27:21,-3.469446951953614e-18
2019-04-04 15:27:22,-3.469446951953614e-18
2019-04-04 15:27:23,-3.469446951953614e-18
2019-04-04 15:27:24,-3.469446951953614e-18
2019-04-04 15:27:25,-3.469446951953614e-18
2019-04-04 15:27:26,-3.469446951953614e-18
2019-04-04 15:27:27,-3.469446951953614e-18
2019-04-04 15:27:28,-3.469446951953614e-18
2019-04-04 15:27:29,-3.469446951953614e-18
2019-04-04 15:27:30,-3.469446951953614e-18
2019-04-04 15:27:31,-3.469446951953614e-18
2019-04-04 15:27:32,-3.469446951953614e-18
2019-04-04 15:27:33,-3.469446951953614e-18
2019-04-04 15:27:34,-3.469446951953614e-18
2019-04-04 15:27:35,-3.469446951953614e-18
2019-04-04 15:27:36,-3.469446951953614e-18
2019-04-04 15:27:37,-3.469446951953614e-18
2019-04-04 15:27:38,-3.469446951953614e-18
2019-04-04 15:27:39,-3.469446951953614e-18
2019-04-04 15:27:40,-3.469446951953614e-18
2019-04-04 15:27:41,-3.469446951953614e-18
2019-04-04 15:27:42,-3.469446951953614e-18
2019-04-04 15:27:43,-3.469446951953614e-18
2019-04-04 15:27:44,-3.469446951953614e-18
2019-04-04 15:27:45,-3.469446951953614e-18
2019-04-04 15:27:46,-3.469446951953614e-18
2019-04-04 15:27:47,-3.469446951953614e-18
2019-04-04 15:27:48,-3.469446951953614e-18
2019-04-04 15:27:49,-3.469446951953614e-18
2019-04-04 15:27:50,-3.469446951953614e-18
2019-04-04 15:27:51,-3.469446951953614e-18
2019-04-04 15:27:52,-3.469446951953614e-18
2019-04-04 15:27:53,-3.469446951953614e-18
2019-04-04 15:27:54,-3.469446951953614e-18
2019-04-04 15:27:55,-3.469446951953614e-18
2019-04-04 15:27:56,-3.469446951953614e-18
2019-04-04 15:27:57,-3.469446951953614e-18
2019-04-04 15:27:58,-3.469446951953614e-18
2019-04-04 15:27:59,-3.469446951953614e-18
2019-04-04 15:28:00,-3.469446951953614e-18
2019-04-04 15:28:01,-3.469446951953614e-18
2019-04-04 15:28:02,-3.469446951953614e-18
2019-04-04 15:28:03,-3.469446951953614e-18
2019-04-04 15:28:04,-3.469446951953614e-18
2019-04-04 15:28:05,-3.469446951953614e-18
2019-04-04 15:28:06,-3.469446951953614e-18
2019-04-04 15:28:07,-3.469446951953614e-18
2019-04-04 15:28:08,-3.469446951953614e-18
2019-04-04 15:28:09,-3.469446951953614e-18
2019-04-04 15:28:10,-3.469446951953614e-18
2019-04-04 15:28:11,-3.469446951953614e-18
2019-04-04 15:28:12,-3.469446951953614e-18
2019-04-04 15:28:13,-3.469446951953614e-18
2019-04-04 15:28:14,-3.469446951953614e-18
2019-04-04 15:28:15,-3.469446951953614e-18
2019-04-04 15:28:16,-3.469446951953614e-18
2019-04-04 15:28:17,-3.469446951953614e-18
2019-04-04 15:28:18,-3.469446951953614e-18
2019-04-04 15:28:19,-3.469446951953614e-18
2019-04-04 15:28:20,-3.469446951953614e-18
2019-04-04 15:28:21,-3.469446951953614e-18
2019-04-04 15:28:22,-3.469446951953614e-18
2019-04-04 15:28:23,-3.469446951953614e-18
2019-04-04 15:28:24,-3.469446951953614e-18
2019-04-04 15:28:25,-3.469446951953614e-18
2019-04-04 15:28:26,-3.469446951953614e-18
2019-04-04 15:28:27,-3.469446951953614e-18
2019-04-04 15:28:28,-3.469446951953614e-18
2019-04-04 15:28:29,-3.469446951953614e-18
2019-04-04 15:28:30,-3.469446951953614e-18
2019-04-04 15:28:31,-3.469446951953614e-18
2019-04-04 15:28:32,-3.469446951953614e-18
2019-04-04 15:28:33,-3.469446951953614e-18
2019-04-04 15:28:34,-3.469446951953614e-18
2019-04-04 15:28:35,-3.469446951953614e-18
2019-04-04 15:28:36,-3.469446951953614e-18
2019-04-04 15:28:37,-3.469446951953614e-18
2019-04-04 15:28:38,-3.469446951953614e-18
2019-04-04 15:28:39,-3.469446951953614e-18
2019-04-04 15:28:40,-3.469446951953614e-18
2019-04-04 15:28:41,-3.469446951953614e-18
2019-04-04 15:28:42,-3.469446951953614e-18
2019-04-04 15:28:43,-3.469446951953614e-18
2019-04-04 15:28:44,-3.469446951953614e-18
2019-04-04 15:28:45,-3.469446951953614e-18
2019-04-04 15:28:46,-3.469446951953614e-18
2019-04-04 15:28:47,-3.469446951953614e-18
2019-04-04 15:28:48,-3.469446951953614e-18
2019-04-04 15:28:49,-3.469446951953614e-18
2019-04-04 15:28:50,-3.469446951953614e-18
2019-04-04 15:28:51,-3.469446951953614e-18
2019-04-04 15:28:52,-3.469446951953614e-18
2019-04-04 15:28:53,-3.469446951953614e-18
2019-04-04 15:28:54,-3.469446951953614e-18
2019-04-04 15:28:55,-3.469446951953614e-18
2019-04-04 15:28:56,-3.469446951953614e-18
2019-04-04 15:28:57,-3.469446951953614e-18
2019-04-04 15:28:58,-3.469446951953614e-18
2019-04-04 15:28:59,-3.469446951953614e-18
2019-04-04 15:29:00,-3.469446951953614e-18
2019-04-04 15:29:01,-3.469446951953614e-18
2019-04-04 15:29:02,-3.469446951953614e-18
2019-04-04 15:29:03,-3.469446951953614e-18
2019-04-04 15:29:04,-3.469446951953614e-18
2019-04-04 15:29:05,-3.469446951953614e-18
2019-04-04 15:29:06,-3.469446951953614e-18
2019-04-04 15:29:07,-3.469446951953614e-18
2019-04-04 15:29:08,-3.469446951953614e-18
2019-04-04 15:29:09,-3.469446951953614e-18
2019-04-04 15:29:10,-3.469446951953614e-18
2019-04-04 15:29:11,-3.469446951953614e-18
2019-04-04 15:29:12,-3.469446951953614e-18
2019-04-04 15:29:13,-3.469446951953614e-18
2019-04-04 15:29:14,-3.469446951953614e-18
2019-04-04 15:29:15,-3.469446951953614e-18
2019-04-04 15:29:16,-3.469446951953614e-18
2019-04-04 15:29:17,-3.469446951953614e-18
2019-04-04 15:29:18,-3.469446951953614e-18
2019-04-04 15:29:19,-3.469446951953614e-18
2019-04-04 15:29:20,-3.469446951953614e-18
2019-04-04 15:29:21,-3.469446951953614e-18
2019-04-04 15:29:22,-3.469446951953614e-18
2019-04-04 15:29:23,-3.469446951953614e-18
2019-04-04 15:29:24,-3.469446951953614e-18
2019-04-04 15:29:25,-3.469446951953614e-18
2019-04-04 15:29:26,-3.469446951953614e-18
2019-04-04 15:29:27,-3.469446951953614e-18
2019-04-04 15:29:28,-3.469446951953614e-18
2019-04-04 15:29:29,-3.469446951953614e-18
2019-04-04 15:29:30,-3.469446951953614e-18
2019-04-04 15:29:31,-3.469446951953614e-18
2019-04-04 15:29:32,-3.469446951953614e-18
2019-04-04 15:29:33,-3.469446951953614e-18
2019-04-04 15:29:34,-3.469446951953614e-18
2019-04-04 15:29:35,-3.469446951953614e-18
2019-04-04 15:29:36,-3.469446951953614e-18
2019-04-04 15:29:37,-3.469446951953614e-18
2019-04-04 15:29:38,-3.469446951953614e-18
2019-04-04 15:29:39,-3.469446951953614e-18
2019-04-04 15:29:40,-3.469446951953614e-18
2019-04-04 15:29:41,-3.469446951953614e-18
2019-04-04 15:29:42,-3.469446951953614e-18
2019-04-04 15:29:43,-3.469446951953614e-18
2019-04-04 15:29:44,-3.469446951953614e-18
2019-04-04 15:29:45,-3.469446951953614e-18
2019-04-04 15:29:46,-3.469446951953614e-18
2019-04-04 15:29:47,-3.469446951953614e-18
2019-04-04 15:29:48,-3.469446951953614e-18
2019-04-04 15:29:49,-3.469446951953614e-18
2019-04-04 15:29:50,-3.469446951953614e-18
2019-04-04 15:29:51,-3.469446951953614e-18
2019-04-04 15:29:52,-3.469446951953614e-18
2019-04-04 15:29:53,-3.469446951953614e-18
2019-04-04 15:29:54,-3.469446951953614e-18
2019-04-04 15:29:55,-3.469446951953614e-18
2019-04-04 15:29:56,-3.469446951953614e-18
2019-04-04 15:29:57,-3.469446951953614e-18
2019-04-04 15:29:58,-3.469446951953614e-18
2019-04-04 15:29:59,-3.469446951953614e-18
2019-04-04 15:30:00,-3.469446951953614e-18
2019-04-04 15:30:01,-3.469446951953614e-18
2019-04-04 15:30:02,-3.469446951953614e-18
2019-04-04 15:30:03,-3.469446951953614e-18
2019-04-04 15:30:04,-3.469446951953614e-18
2019-04-04 15:30:05,-3.469446951953614e-18
2019-04-04 15:30:06,-3.469446951953614e-18
2019-04-04 15:30:07,-3.469446951953614e-18
2019-04-04 15:30:08,-3.469446951953614e-18
2019-04-04 15:30:09,-3.469446951953614e-18
2019-04-04 15:30:10,-3.469446951953614e-18
2019-04-04 15:30:11,-3.469446951953614e-18
2019-04-04 15:30:12,-3.469446951953614e-18
2019-04-04 15:30:13,-3.469446951953614e-18
2019-04-04 15:30:14,-3.469446951953614e-18
2019-04-04 15:30:15,-3.469446951953614e-18
2019-04-04 15:30:16,-3.469446951953614e-18
2019-04-04 15:30:17,-3.469446951953614e-18
2019-04-04 15:30:18,-3.469446951953614e-18
2019-04-04 15:30:19,-3.469446951953614e-18
2019-04-04 15:30:20,-3.469446951953614e-18
2019-04-04 15:30:21,-3.469446951953614e-18
2019-04-04 15:30:22,-3.469446951953614e-18
2019-04-04 15:30:23,-3.469446951953614e-18
2019-04-04 15:30:24,-3.469446951953614e-18
2019-04-04 15:30:25,-3.469446951953614e-18
2019-04-04 15:30:26,-3.469446951953614e-18
2019-04-04 15:30:27,-3.469446951953614e-18
2019-04-04 15:30:28,-3.469446951953614e-18
2019-04-04 15:30:29,-3.469446951953614e-18
2019-04-04 15:30:30,-3.469446951953614e-18
2019-04-04 15:30:31,-3.469446951953614e-18
2019-04-04 15:30:32,-3.469446951953614e-18
2019-04-04 15:30:33,-3.469446951953614e-18
2019-04-04 15:30:34,-3.469446951953614e-18
2019-04-04 15:30:35,-3.469446951953614e-18
2019-04-04 15:30:36,-3.469446951953614e-18
2019-04-04 15:30:37,-3.469446951953614e-18
2019-04-04 15:30:38,-3.469446951953614e-18
2019-04-04 15:30:39,-3.469446951953614e-18
2019-04-04 15:30:40,-3.469446951953614e-18
2019-04-04 15:30:41,-3.469446951953614e-18
2019-04-04 15:30:42,-3.469446951953614e-18
2019-04-04 15:30:43,-3.469446951953614e-18
2019-04-04 15:30:44,-3.469446951953614e-18
2019-04-04 15:30:45,-3.469446951953614e-18
2019-04-04 15:30:46,-3.469446951953614e-18
2019-04-04 15:30:47,-3.469446951953614e-18
2019-04-04 15:30:48,-3.469446951953614e-18
2019-04-04 15:30:49,-3.469446951953614e-18
2019-04-04 15:30:50,-3.469446951953614e-18
2019-04-04 15:30:51,-3.469446951953614e-18
2019-04-04 15:30:52,-3.469446951953614e-18
2019-04-04 15:30:53,-3.469446951953614e-18
2019-04-04 15:30:54,-3.469446951953614e-18
2019-04-04 15:30:55,-3.469446951953614e-18
2019-04-04 15:30:56,-3.469446951953614e-18
2019-04-04 15:30:57,-3.469446951953614e-18
2019-04-04 15:30:58,-3.469446951953614e-18
2019-04-04 15:30:59,-3.469446951953614e-18
2019-04-04 15:31:00,-3.469446951953614e-18
2019-04-04 15:31:01,-3.469446951953614e-18
2019-04-04 15:31:02,-3.469446951953614e-18
2019-04-04 15:31:03,-3.469446951953614e-18
2019-04-04 15:31:04,-3.469446951953614e-18
2019-04-04 15:31:05,-3.469446951953614e-18
2019-04-04 15:31:06,-3.469446951953614e-18
2019-04-04 15:31:07,-3.469446951953614e-18
2019-04-04 15:31:08,-3.469446951953614e-18
2019-04-04 15:31:09,-3.469446951953614e-18
2019-04-04 15:31:10,-3.469446951953614e-18
2019-04-04 15:31:11,-3.469446951953614e-18
2019-04-04 15:31:12,-3.469446951953614e-18
2019-04-04 15:31:13,-3.469446951953614e-18
2019-04-04 15:31:14,-3.469446951953614e-18
2019-04-04 15:31:15,-3.469446951953614e-18
2019-04-04 15:31:16,-3.469446951953614e-18
2019-04-04 15:31:17,-3.469446951953614e-18
2019-04-04 15:31:18,-3.469446951953614e-18
2019-04-04 15:31:19,-3.469446951953614e-18
2019-04-04 15:31:20,-3.469446951953614e-18
2019-04-04 15:31:21,-3.469446951953614e-18
2019-04-04 15:31:22,-3.469446951953614e-18
2019-04-04 15:31:23,-3.469446951953614e-18
2019-04-04 15:31:24,-3.469446951953614e-18
2019-04-04 15:31:25,-3.469446951953614e-18
2019-04-04 15:31:26,-3.469446951953614e-18
2019-04-04 15:31:27,-3.469446951953614e-18
2019-04-04 15:31:28,-3.469446951953614e-18
2019-04-04 15:31:29,-3.469446951953614e-18
2019-04-04 15:31:30,-3.469446951953614e-18
2019-04-04 15:31:31,-3.469446951953614e-18
2019-04-04 15:31:32,-3.469446951953614e-18
2019-04-04 15:31:33,-3.469446951953614e-18
2019-04-04 15:31:34,-3.469446951953614e-18
2019-04-04 15:31:35,-3.469446951953614e-18
2019-04-04 15:31:36,-3.469446951953614e-18
2019-04-04 15:31:37,-3.469446951953614e-18
2019-04-04 15:31:38,-3.469446951953614e-18
2019-04-04 15:31:39,-3.469446951953614e-18
2019-04-04 15:31:40,-3.469446951953614e-18
2019-04-04 15:31:41,-3.469446951953614e-18
2019-04-04 15:31:42,-3.469446951953614e-18
2019-04-04 15:31:43,-3.469446951953614e-18
2019-04-04 15:31:44,-3.469446951953614e-18
2019-04-04 15:31:45,-3.469446951953614e-18
2019-04-04 15:31:46,-3.469446951953614e-18
2019-04-04 15:31:47,-3.469446951953614e-18
2019-04-04 15:31:48,-3.469446951953614e-18
2019-04-04 15:31:49,-3.469446951953614e-18
2019-04-04 15:31:50,-3.469446951953614e-18
2019-04-04 15:31:51,-3.469446951953614e-18
2019-04-04 15:31:52,-3.469446951953614e-18
2019-04-04 15:31:53,-3.469446951953614e-18
2019-04-04 15:31:54,-3.469446951953614e-18
2019-04-04 15:31:55,-3.469446951953614e-18
2019-04-04 15:31:56,-3.469446951953614e-18
2019-04-04 15:31:57,-3.469446951953614e-18
2019-04-04 15:31:58,-3.469446951953614e-18
2019-04-04 15:31:59,-3.469446951953614e-18
2019-04-04 15:32:00,-3.469446951953614e-18
2019-04-04 15:32:01,-3.469446951953614e-18
2019-04-04 15:32:02,-3.469446951953614e-18
2019-04-04 15:32:03,-3.469446951953614e-18
2019-04-04 15:32:04,-3.469446951953614e-18
2019-04-04 15:32:05,-3.469446951953614e-18
2019-04-04 15:32:06,-3.469446951953614e-18
2019-04-04 15:32:07,-3.469446951953614e-18
2019-04-04 15:32:08,-3.469446951953614e-18
2019-04-04 15:32:09,-3.469446951953614e-18
2019-04-04 15:32:10,-3.469446951953614e-18
2019-04-04 15:32:11,-3.469446951953614e-18
2019-04-04 15:32:12,-3.469446951953614e-18
2019-04-04 15:32:13,-3.469446951953614e-18
2019-04-04 15:32:14,-3.469446951953614e-18
2019-04-04 15:32:15,-3.469446951953614e-18
2019-04-04 15:32:16,-3.469446951953614e-18
2019-04-04 15:32:17,-3.469446951953614e-18
2019-04-04 15:32:18,-3.469446951953614e-18
2019-04-04 15:32:19,-3.469446951953614e-18
2019-04-04 15:32:20,-3.469446951953614e-18
2019-04-04 15:32:21,-3.469446951953614e-18
2019-04-04 15:32:22,-3.469446951953614e-18
2019-04-04 15:32:23,-3.469446951953614e-18
2019-04-04 15:32:24,-3.469446951953614e-18
2019-04-04 15:32:25,-3.469446951953614e-18
2019-04-04 15:32:26,-3.469446951953614e-18
2019-04-04 15:32:27,-3.469446951953614e-18
2019-04-04 15:32:28,-3.469446951953614e-18
2019-04-04 15:32:29,-3.469446951953614e-18
2019-04-04 15:32:30,-3.469446951953614e-18
2019-04-04 15:32:31,-3.469446951953614e-18
2019-04-04 15:32:32,-3.469446951953614e-18
2019-04-04 15:32:33,-3.469446951953614e-18
2019-04-04 15:32:34,-3.469446951953614e-18
2019-04-04 15:32:35,-3.469446951953614e-18
2019-04-04 15:32:36,-3.469446951953614e-18
2019-04-04 15:32:37,-3.469446951953614e-18
2019-04-04 15:32:38,-3.469446951953614e-18
2019-04-04 15:32:39,-3.469446951953614e-18
2019-04-04 15:32:40,-3.469446951953614e-18
2019-04-04 15:32:41,-3.469446951953614e-18
2019-04-04 15:32:42,-3.469446951953614e-18
2019-04-04 15:32:43,-3.469446951953614e-18
2019-04-04 15:32:44,-3.469446951953614e-18
2019-04-04 15:32:45,-3.469446951953614e-18
2019-04-04 15:32:46,-3.469446951953614e-18
2019-04-04 15:32:47,-3.469446951953614e-18
2019-04-04 15:32:48,-3.469446951953614e-18
2019-04-04 15:32:49,-3.469446951953614e-18
2019-04-04 15:32:50,-3.469446951953614e-18
2019-04-04 15:32:51,-3.469446951953614e-18
2019-04-04 15:32:52,-3.469446951953614e-18
2019-04-04 15:32:53,-3.469446951953614e-18
2019-04-04 15:32:54,-3.469446951953614e-18
2019-04-04 15:32:55,-3.469446951953614e-18
2019-04-04 15:32:56,-3.469446951953614e-18
2019-04-04 15:32:57,-3.469446951953614e-18
2019-04-04 15:32:58,-3.469446951953614e-18
2019-04-04 15:32:59,-3.469446951953614e-18
2019-04-04 15:33:00,-3.469446951953614e-18
2019-04-04 15:33:01,-3.469446951953614e-18
2019-04-04 15:33:02,-3.469446951953614e-18
2019-04-04 15:33:03,-3.469446951953614e-18
2019-04-04 15:33:04,-3.469446951953614e-18
2019-04-04 15:33:05,-3.469446951953614e-18
2019-04-04 15:33:06,-3.469446951953614e-18
2019-04-04 15:33:07,-3.469446951953614e-18
2019-04-04 15:33:08,-3.469446951953614e-18
2019-04-04 15:33:09,-3.469446951953614e-18
2019-04-04 15:33:10,-3.469446951953614e-18
2019-04-04 15:33:11,-3.469446951953614e-18
2019-04-04 15:33:12,-3.469446951953614e-18
2019-04-04 15:33:13,-3.469446951953614e-18
2019-04-04 15:33:14,-3.469446951953614e-18
2019-04-04 15:33:15,-3.469446951953614e-18
2019-04-04 15:33:16,-3.469446951953614e-18
2019-04-04 15:33:17,-3.469446951953614e-18
2019-04-04 15:33:18,-3.469446951953614e-18
2019-04-04 15:33:19,-3.469446951953614e-18
2019-04-04 15:33:20,-3.469446951953614e-18
2019-04-04 15:33:21,-3.469446951953614e-18
2019-04-04 15:33:22,-3.469446951953614e-18
2019-04-04 15:33:23,-3.469446951953614e-18
2019-04-04 15:33:24,-3.469446951953614e-18
2019-04-04 15:33:25,-3.469446951953614e-18
2019-04-04 15:33:26,-3.469446951953614e-18
2019-04-04 15:33:27,-3.469446951953614e-18
2019-04-04 15:33:28,-3.469446951953614e-18
2019-04-04 15:33:29,-3.469446951953614e-18
2019-04-04 15:33:30,-3.469446951953614e-18
2019-04-04 15:33:31,-3.469446951953614e-18
2019-04-04 15:33:32,-3.469446951953614e-18
2019-04-04 15:33:33,-3.469446951953614e-18
2019-04-04 15:33:34,-3.469446951953614e-18
2019-04-04 15:33:35,-3.469446951953614e-18
2019-04-04 15:33:36,-3.469446951953614e-18
2019-04-04 15:33:37,-3.469446951953614e-18
2019-04-04 15:33:38,-3.469446951953614e-18
2019-04-04 15:33:39,-3.469446951953614e-18
2019-04-04 15:33:40,-3.469446951953614e-18
2019-04-04 15:33:41,-3.469446951953614e-18
2019-04-04 15:33:42,-3.469446951953614e-18
2019-04-04 15:33:43,-3.469446951953614e-18
2019-04-04 15:33:44,-3.469446951953614e-18
2019-04-04 15:33:45,-3.469446951953614e-18
2019-04-04 15:33:46,-3.469446951953614e-18
2019-04-04 15:33:47,-3.469446951953614e-18
2019-04-04 15:33:48,-3.469446951953614e-18
2019-04-04 15:33:49,-3.469446951953614e-18
2019-04-04 15:33:50,-3.469446951953614e-18
2019-04-04 15:33:51,-3.469446951953614e-18
2019-04-04 15:33:52,-3.469446951953614e-18
2019-04-04 15:33:53,-3.469446951953614e-18
2019-04-04 15:33:54,-3.469446951953614e-18
2019-04-04 15:33:55,-3.469446951953614e-18
2019-04-04 15:33:56,-3.469446951953614e-18
2019-04-04 15:33:57,-3.469446951953614e-18
2019-04-04 15:33:58,-3.469446951953614e-18
2019-04-04 15:33:59,-3.469446951953614e-18
2019-04-04 15:34:00,-3.469446951953614e-18
2019-04-04 15:34:01,-3.469446951953614e-18
2019-04-04 15:34:02,-3.469446951953614e-18
2019-04-04 15:34:03,-3.469446951953614e-18
2019-04-04 15:34:04,-3.469446951953614e-18
2019-04-04 15:34:05,-3.469446951953614e-18
2019-04-04 15:34:06,-3.469446951953614e-18
2019-04-04 15:34:07,-3.469446951953614e-18
2019-04-04 15:34:08,-3.469446951953614e-18
2019-04-04 15:34:09,-3.469446951953614e-18
2019-04-04 15:34:10,-3.469446951953614e-18
2019-04-04 15:34:11,-3.469446951953614e-18
2019-04-04 15:34:12,-3.469446951953614e-18
2019-04-04 15:34:13,-3.469446951953614e-18
2019-04-04 15:34:14,-3.469446951953614e-18
2019-04-04 15:34:15,-3.469446951953614e-18
2019-04-04 15:34:16,-3.469446951953614e-18
2019-04-04 15:34:17,-3.469446951953614e-18
2019-04-04 15:34:18,-3.469446951953614e-18
2019-04-04 15:34:19,-3.469446951953614e-18
2019-04-04 15:34:20,-3.469446951953614e-18
2019-04-04 15:34:21,-3.469446951953614e-18
2019-04-04 15:34:22,-3.469446951953614e-18
2019-04-04 15:34:23,-3.469446951953614e-18
2019-04-04 15:34:24,-3.469446951953614e-18
2019-04-04 15:34:25,-3.469446951953614e-18
2019-04-04 15:34:26,-3.469446951953614e-18
2019-04-04 15:34:27,-3.469446951953614e-18
2019-04-04 15:34:28,-3.469446951953614e-18
2019-04-04 15:34:29,-3.469446951953614e-18
2019-04-04 15:34:30,-3.469446951953614e-18
2019-04-04 15:34:31,-3.469446951953614e-18
2019-04-04 15:34:32,-3.469446951953614e-18
2019-04-04 15:34:33,-3.469446951953614e-18
2019-04-04 15:34:34,-3.469446951953614e-18
2019-04-04 15:34:35,-3.469446951953614e-18
2019-04-04 15:34:36,-3.469446951953614e-18
2019-04-04 15:34:37,-3.469446951953614e-18
2019-04-04 15:34:38,-3.469446951953614e-18
2019-04-04 15:34:39,-3.469446951953614e-18
2019-04-04 15:34:40,-3.469446951953614e-18
2019-04-04 15:34:41,-3.469446951953614e-18
2019-04-04 15:34:42,-3.469446951953614e-18
2019-04-04 15:34:43,-3.469446951953614e-18
2019-04-04 15:34:44,-3.469446951953614e-18
2019-04-04 15:34:45,-3.469446951953614e-18
2019-04-04 15:34:46,-3.469446951953614e-18
2019-04-04 15:34:47,-3.469446951953614e-18
2019-04-04 15:34:48,-3.469446951953614e-18
2019-04-04 15:34:49,-3.469446951953614e-18
2019-04-04 15:34:50,-3.469446951953614e-18
2019-04-04 15:34:51,-3.469446951953614e-18
2019-04-04 15:34:52,-3.469446951953614e-18
2019-04-04 15:34:53,-3.469446951953614e-18
2019-04-04 15:34:54,-3.469446951953614e-18
2019-04-04 15:34:55,-3.469446951953614e-18
2019-04-04 15:34:56,-3.469446951953614e-18
2019-04-04 15:34:57,-3.469446951953614e-18
2019-04-04 15:34:58,-3.469446951953614e-18
2019-04-04 15:34:59,-3.469446951953614e-18
2019-04-04 15:35:00,-3.469446951953614e-18
2019-04-04 15:35:01,-3.469446951953614e-18
2019-04-04 15:35:02,-3.469446951953614e-18
2019-04-04 15:35:03,-3.469446951953614e-18
2019-04-04 15:35:04,-3.469446951953614e-18
2019-04-04 15:35:05,-3.469446951953614e-18
2019-04-04 15:35:06,-3.469446951953614e-18
2019-04-04 15:35:07,-3.469446951953614e-18
2019-04-04 15:35:08,-3.469446951953614e-18
2019-04-04 15:35:09,-3.469446951953614e-18
2019-04-04 15:35:10,-3.469446951953614e-18
2019-04-04 15:35:11,-3.469446951953614e-18
2019-04-04 15:35:12,-3.469446951953614e-18
2019-04-04 15:35:13,-3.469446951953614e-18
2019-04-04 15:35:14,-3.469446951953614e-18
2019-04-04 15:35:15,-3.469446951953614e-18
2019-04-04 15:35:16,-3.469446951953614e-18
2019-04-04 15:35:17,-3.469446951953614e-18
2019-04-04 15:35:18,-3.469446951953614e-18
2019-04-04 15:35:19,-3.469446951953614e-18
2019-04-04 15:35:20,-3.469446951953614e-18
2019-04-04 15:35:21,-3.469446951953614e-18
2019-04-04 15:35:22,-3.469446951953614e-18
2019-04-04 15:35:23,-3.469446951953614e-18
2019-04-04 15:35:24,-3.469446951953614e-18
2019-04-04 15:35:25,-3.469446951953614e-18
2019-04-04 15:35:26,-3.469446951953614e-18
2019-04-04 15:35:27,-3.469446951953614e-18
2019-04-04 15:35:28,-3.469446951953614e-18
2019-04-04 15:35:29,-3.469446951953614e-18
2019-04-04 15:35:30,-3.469446951953614e-18
2019-04-04 15:35:31,-3.469446951953614e-18
2019-04-04 15:35:32,-3.469446951953614e-18
2019-04-04 15:35:33,-3.469446951953614e-18
2019-04-04 15:35:34,-3.469446951953614e-18
2019-04-04 15:35:35,-3.469446951953614e-18
2019-04-04 15:35:36,-3.469446951953614e-18
2019-04-04 15:35:37,-3.469446951953614e-18
2019-04-04 15:35:38,-3.469446951953614e-18
2019-04-04 15:35:39,-3.469446951953614e-18
2019-04-04 15:35:40,-3.469446951953614e-18
2019-04-04 15:35:41,-3.469446951953614e-18
2019-04-04 15:35:42,-3.469446951953614e-18
2019-04-04 15:35:43,-3.469446951953614e-18
2019-04-04 15:35:44,-3.469446951953614e-18
2019-04-04 15:35:45,-3.469446951953614e-18
2019-04-04 15:35:46,-3.469446951953614e-18
2019-04-04 15:35:47,-3.469446951953614e-18
2019-04-04 15:35:48,-3.469446951953614e-18
2019-04-04 15:35:49,-3.469446951953614e-18
2019-04-04 15:35:50,-3.469446951953614e-18
2019-04-04 15:35:51,-3.469446951953614e-18
2019-04-04 15:35:52,-3.469446951953614e-18
2019-04-04 15:35:53,-3.469446951953614e-18
2019-04-04 15:35:54,-3.469446951953614e-18
2019-04-04 15:35:55,-3.469446951953614e-18
2019-04-04 15:35:56,-3.469446951953614e-18
2019-04-04 15:35:57,-3.469446951953614e-18
2019-04-04 15:35:58,-3.469446951953614e-18
2019-04-04 15:35:59,-3.469446951953614e-18
2019-04-04 15:36:00,-3.469446951953614e-18
2019-04-04 15:36:01,-3.469446951953614e-18
2019-04-04 15:36:02,-3.469446951953614e-18
2019-04-04 15:36:03,-3.469446951953614e-18
2019-04-04 15:36:04,-3.469446951953614e-18
2019-04-04 15:36:05,-3.469446951953614e-18
2019-04-04 15:36:06,-3.469446951953614e-18
2019-04-04 15:36:07,-3.469446951953614e-18
2019-04-04 15:36:08,-3.469446951953614e-18
2019-04-04 15:36:09,-3.469446951953614e-18
2019-04-04 15:36:10,-3.469446951953614e-18
2019-04-04 15:36:11,-3.469446951953614e-18
2019-04-04 15:36:12,-3.469446951953614e-18
2019-04-04 15:36:13,-3.469446951953614e-18
2019-04-04 15:36:14,-3.469446951953614e-18
2019-04-04 15:36:15,-3.469446951953614e-18
2019-04-04 15:36:16,-3.469446951953614e-18
2019-04-04 15:36:17,-3.469446951953614e-18
2019-04-04 15:36:18,-3.469446951953614e-18
2019-04-04 15:36:19,-3.469446951953614e-18
2019-04-04 15:36:20,-3.469446951953614e-18
2019-04-04 15:36:21,-3.469446951953614e-18
2019-04-04 15:36:22,-3.469446951953614e-18
2019-04-04 15:36:23,-3.469446951953614e-18
2019-04-04 15:36:24,-3.469446951953614e-18
2019-04-04 15:36:25,-3.469446951953614e-18
2019-04-04 15:36:26,-3.469446951953614e-18
2019-04-04 15:36:27,-3.469446951953614e-18
2019-04-04 15:36:28,-3.469446951953614e-18
2019-04-04 15:36:29,-3.469446951953614e-18
2019-04-04 15:36:30,-3.469446951953614e-18
2019-04-04 15:36:31,-3.469446951953614e-18
2019-04-04 15:36:32,-3.469446951953614e-18
2019-04-04 15:36:33,-3.469446951953614e-18
2019-04-04 15:36:34,-3.469446951953614e-18
2019-04-04 15:36:35,-3.469446951953614e-18
2019-04-04 15:36:36,-3.469446951953614e-18
2019-04-04 15:36:37,-3.469446951953614e-18
2019-04-04 15:36:38,-3.469446951953614e-18
2019-04-04 15:36:39,-3.469446951953614e-18
2019-04-04 15:36:40,-3.469446951953614e-18
2019-04-04 15:36:41,-3.469446951953614e-18
2019-04-04 15:36:42,-3.469446951953614e-18
2019-04-04 15:36:43,-3.469446951953614e-18
2019-04-04 15:36:44,-3.469446951953614e-18
2019-04-04 15:36:45,-3.469446951953614e-18
2019-04-04 15:36:46,-3.469446951953614e-18
2019-04-04 15:36:47,-3.469446951953614e-18
2019-04-04 15:36:48,-3.469446951953614e-18
2019-04-04 15:36:49,-3.469446951953614e-18
2019-04-04 15:36:50,-3.469446951953614e-18
2019-04-04 15:36:51,-3.469446951953614e-18
2019-04-04 15:36:52,-3.469446951953614e-18
2019-04-04 15:36:53,-3.469446951953614e-18
2019-04-04 15:36:54,-3.469446951953614e-18
2019-04-04 15:36:55,-3.469446951953614e-18
2019-04-04 15:36:56,-3.469446951953614e-18
2019-04-04 15:36:57,-3.469446951953614e-18
2019-04-04 15:36:58,-3.469446951953614e-18
2019-04-04 15:36:59,-3.469446951953614e-18
2019-04-04 15:37:00,-3.469446951953614e-18
2019-04-04 15:37:01,-3.469446951953614e-18
2019-04-04 15:37:02,-3.469446951953614e-18
2019-04-04 15:37:03,-3.469446951953614e-18
2019-04-04 15:37:04,-3.469446951953614e-18
2019-04-04 15:37:05,-3.469446951953614e-18
2019-04-04 15:37:06,-3.469446951953614e-18
2019-04-04 15:37:07,-3.469446951953614e-18
2019-04-04 15:37:08,-3.469446951953614e-18
2019-04-04 15:37:09,-3.469446951953614e-18
2019-04-04 15:37:10,-3.469446951953614e-18
2019-04-04 15:37:11,-3.469446951953614e-18
2019-04-04 15:37:12,-3.469446951953614e-18
2019-04-04 15:37:13,-3.469446951953614e-18
2019-04-04 15:37:14,-3.469446951953614e-18
2019-04-04 15:37:15,-3.469446951953614e-18
2019-04-04 15:37:16,-3.469446951953614e-18
2019-04-04 15:37:17,-3.469446951953614e-18
2019-04-04 15:37:18,-3.469446951953614e-18
2019-04-04 15:37:19,-3.469446951953614e-18
2019-04-04 15:37:20,-3.469446951953614e-18
2019-04-04 15:37:21,-3.469446951953614e-18
2019-04-04 15:37:22,-3.469446951953614e-18
2019-04-04 15:37:23,-3.469446951953614e-18
2019-04-04 15:37:24,-3.469446951953614e-18
2019-04-04 15:37:25,-3.469446951953614e-18
2019-04-04 15:37:26,-3.469446951953614e-18
2019-04-04 15:37:27,-3.469446951953614e-18
2019-04-04 15:37:28,-3.469446951953614e-18
2019-04-04 15:37:29,-3.469446951953614e-18
2019-04-04 15:37:30,-3.469446951953614e-18
2019-04-04 15:37:31,-3.469446951953614e-18
2019-04-04 15:37:32,-3.469446951953614e-18
2019-04-04 15:37:33,-3.469446951953614e-18
2019-04-04 15:37:34,-3.469446951953614e-18
2019-04-04 15:37:35,-3.469446951953614e-18
2019-04-04 15:37:36,-3.469446951953614e-18
2019-04-04 15:37:37,-3.469446951953614e-18
2019-04-04 15:37:38,-3.469446951953614e-18
2019-04-04 15:37:39,-3.469446951953614e-18
2019-04-04 15:37:40,-3.469446951953614e-18
2019-04-04 15:37:41,-3.469446951953614e-18
2019-04-04 15:37:42,-3.469446951953614e-18
2019-04-04 15:37:43,-3.469446951953614e-18
2019-04-04 15:37:44,-3.469446951953614e-18
2019-04-04 15:37:45,-3.469446951953614e-18
2019-04-04 15:37:46,-3.469446951953614e-18
2019-04-04 15:37:47,-3.469446951953614e-18
2019-04-04 15:37:48,-3.469446951953614e-18
2019-04-04 15:37:49,-3.469446951953614e-18
2019-04-04 15:37:50,-3.469446951953614e-18
2019-04-04 15:37:51,-3.469446951953614e-18
2019-04-04 15:37:52,-3.469446951953614e-18
2019-04-04 15:37:53,-3.469446951953614e-18
2019-04-04 15:37:54,-3.469446951953614e-18
2019-04-04 15:37:55,-3.469446951953614e-18
2019-04-04 15:37:56,-3.469446951953614e-18
2019-04-04 15:37:57,-3.469446951953614e-18
2019-04-04 15:37:58,-3.469446951953614e-18
2019-04-04 15:37:59,-3.469446951953614e-18
2019-04-04 15:38:00,-3.469446951953614e-18
2019-04-04 15:38:01,-3.469446951953614e-18
2019-04-04 15:38:02,-3.469446951953614e-18
2019-04-04 15:38:03,-3.469446951953614e-18
2019-04-04 15:38:04,-3.469446951953614e-18
2019-04-04 15:38:05,-3.469446951953614e-18
2019-04-04 15:38:06,-3.469446951953614e-18
2019-04-04 15:38:07,-3.469446951953614e-18
2019-04-04 15:38:08,-3.469446951953614e-18
2019-04-04 15:38:09,-3.469446951953614e-18
2019-04-04 15:38:10,-3.469446951953614e-18
2019-04-04 15:38:11,-3.469446951953614e-18
2019-04-04 15:38:12,-3.469446951953614e-18
2019-04-04 15:38:13,-3.469446951953614e-18
2019-04-04 15:38:14,-3.469446951953614e-18
2019-04-04 15:38:15,-3.469446951953614e-18
2019-04-04 15:38:16,-3.469446951953614e-18
2019-04-04 15:38:17,-3.469446951953614e-18
2019-04-04 15:38:18,-3.469446951953614e-18
2019-04-04 15:38:19,-3.469446951953614e-18
2019-04-04 15:38:20,-3.469446951953614e-18
2019-04-04 15:38:21,-3.469446951953614e-18
2019-04-04 15:38:22,-3.469446951953614e-18
2019-04-04 15:38:23,-3.469446951953614e-18
2019-04-04 15:38:24,-3.469446951953614e-18
2019-04-04 15:38:25,-3.469446951953614e-18
2019-04-04 15:38:26,-3.469446951953614e-18
2019-04-04 15:38:27,-3.469446951953614e-18
2019-04-04 15:38:28,-3.469446951953614e-18
2019-04-04 15:38:29,-3.469446951953614e-18
2019-04-04 15:38:30,-3.469446951953614e-18
2019-04-04 15:38:31,-3.469446951953614e-18
2019-04-04 15:38:32,-3.469446951953614e-18
2019-04-04 15:38:33,-3.469446951953614e-18
2019-04-04 15:38:34,-3.469446951953614e-18
2019-04-04 15:38:35,-3.469446951953614e-18
2019-04-04 15:38:36,-3.469446951953614e-18
2019-04-04 15:38:37,-3.469446951953614e-18
2019-04-04 15:38:38,-3.469446951953614e-18
2019-04-04 15:38:39,-3.469446951953614e-18
2019-04-04 15:38:40,-3.469446951953614e-18
2019-04-04 15:38:41,-3.469446951953614e-18
2019-04-04 15:38:42,-3.469446951953614e-18
2019-04-04 15:38:43,-3.469446951953614e-18
2019-04-04 15:38:44,-3.469446951953614e-18
2019-04-04 15:38:45,-3.469446951953614e-18
2019-04-04 15:38:46,-3.469446951953614e-18
2019-04-04 15:38:47,-3.469446951953614e-18
2019-04-04 15:38:48,-3.469446951953614e-18
2019-04-04 15:38:49,-3.469446951953614e-18
2019-04-04 15:38:50,-3.469446951953614e-18
2019-04-04 15:38:51,-3.469446951953614e-18
2019-04-04 15:38:52,-3.469446951953614e-18
2019-04-04 15:38:53,-3.469446951953614e-18
2019-04-04 15:38:54,-3.469446951953614e-18
2019-04-04 15:38:55,-3.469446951953614e-18
2019-04-04 15:38:56,-3.469446951953614e-18
2019-04-04 15:38:57,-3.469446951953614e-18
2019-04-04 15:38:58,-3.469446951953614e-18
2019-04-04 15:38:59,-3.469446951953614e-18
2019-04-04 15:39:00,-3.469446951953614e-18
2019-04-04 15:39:01,-3.469446951953614e-18
2019-04-04 15:39:02,-3.469446951953614e-18
2019-04-04 15:39:03,-3.469446951953614e-18
2019-04-04 15:39:04,-3.469446951953614e-18
2019-04-04 15:39:05,-3.469446951953614e-18
2019-04-04 15:39:06,-3.469446951953614e-18
2019-04-04 15:39:07,-3.469446951953614e-18
2019-04-04 15:39:08,-3.469446951953614e-18
2019-04-04 15:39:09,-3.469446951953614e-18
2019-04-04 15:39:10,-3.469446951953614e-18
2019-04-04 15:39:11,-3.469446951953614e-18
2019-04-04 15:39:12,-3.469446951953614e-18
2019-04-04 15:39:13,-3.469446951953614e-18
2019-04-04 15:39:14,-3.469446951953614e-18
2019-04-04 15:39:15,-3.469446951953614e-18
2019-04-04 15:39:16,-3.469446951953614e-18
2019-04-04 15:39:17,-3.469446951953614e-18
2019-04-04 15:39:18,-3.469446951953614e-18
2019-04-04 15:39:19,-3.469446951953614e-18
2019-04-04 15:39:20,-3.469446951953614e-18
2019-04-04 15:39:21,-3.469446951953614e-18
2019-04-04 15:39:22,-3.469446951953614e-18
2019-04-04 15:39:23,-3.469446951953614e-18
2019-04-04 15:39:24,-3.469446951953614e-18
2019-04-04 15:39:25,-3.469446951953614e-18
2019-04-04 15:39:26,-3.469446951953614e-18
2019-04-04 15:39:27,-3.469446951953614e-18
2019-04-04 15:39:28,-3.469446951953614e-18
2019-04-04 15:39:29,-3.469446951953614e-18
2019-04-04 15:39:30,-3.469446951953614e-18
2019-04-04 15:39:31,-3.469446951953614e-18
2019-04-04 15:39:32,-3.469446951953614e-18
2019-04-04 15:39:33,-3.469446951953614e-18
2019-04-04 15:39:34,-3.469446951953614e-18
2019-04-04 15:39:35,-3.469446951953614e-18
2019-04-04 15:39:36,-3.469446951953614e-18
2019-04-04 15:39:37,-3.469446951953614e-18
2019-04-04 15:39:38,-3.469446951953614e-18
2019-04-04 15:39:39,-3.469446951953614e-18
2019-04-04 15:39:40,-3.469446951953614e-18
2019-04-04 15:39:41,-3.469446951953614e-18
2019-04-04 15:39:42,-3.469446951953614e-18
2019-04-04 15:39:43,-3.469446951953614e-18
2019-04-04 15:39:44,-3.469446951953614e-18
2019-04-04 15:39:45,-3.469446951953614e-18
2019-04-04 15:39:46,-3.469446951953614e-18
2019-04-04 15:39:47,-3.469446951953614e-18
2019-04-04 15:39:48,-3.469446951953614e-18
2019-04-04 15:39:49,-3.469446951953614e-18
2019-04-04 15:39:50,-3.469446951953614e-18
2019-04-04 15:39:51,-3.469446951953614e-18
2019-04-04 15:39:52,-3.469446951953614e-18
2019-04-04 15:39:53,-3.469446951953614e-18
2019-04-04 15:39:54,-3.469446951953614e-18
2019-04-04 15:39:55,-3.469446951953614e-18
2019-04-04 15:39:56,-3.469446951953614e-18
2019-04-04 15:39:57,-3.469446951953614e-18
2019-04-04 15:39:58,-3.469446951953614e-18
2019-04-04 15:39:59,-3.469446951953614e-18
2019-04-04 15:40:00,-3.469446951953614e-18
2019-04-04 15:40:01,-3.469446951953614e-18
2019-04-04 15:40:02,-3.469446951953614e-18
2019-04-04 15:40:03,-3.469446951953614e-18
2019-04-04 15:40:04,-3.469446951953614e-18
2019-04-04 15:40:05,-3.469446951953614e-18
2019-04-04 15:40:06,-3.469446951953614e-18
2019-04-04 15:40:07,-3.469446951953614e-18
2019-04-04 15:40:08,-3.469446951953614e-18
2019-04-04 15:40:09,-3.469446951953614e-18
2019-04-04 15:40:10,-3.469446951953614e-18
2019-04-04 15:40:11,-3.469446951953614e-18
2019-04-04 15:40:12,-3.469446951953614e-18
2019-04-04 15:40:13,-3.469446951953614e-18
2019-04-04 15:40:14,-3.469446951953614e-18
2019-04-04 15:40:15,-3.469446951953614e-18
2019-04-04 15:40:16,-3.469446951953614e-18
2019-04-04 15:40:17,-3.469446951953614e-18
2019-04-04 15:40:18,-3.469446951953614e-18
2019-04-04 15:40:19,-3.469446951953614e-18
2019-04-04 15:40:20,-3.469446951953614e-18
2019-04-04 15:40:21,-0.0004000000000031513
2019-04-04 15:40:22,-0.00040000000000244007
2019-04-04 15:40:23,-0.00040000000000172883
2019-04-04 15:40:24,-0.00040000000000101933
2019-04-04 15:40:25,-0.0004000000000003081
2019-04-04 15:40:26,-3.469446951953614e-18
2019-04-04 15:40:27,-3.469446951953614e-18
2019-04-04 15:40:28,-3.469446951953614e-18
2019-04-04 15:40:29,-3.469446951953614e-18
2019-04-04 15:40:30,-3.469446951953614e-18
2019-04-04 15:40:31,-3.469446951953614e-18
2019-04-04 15:40:32,-3.469446951953614e-18
2019-04-04 15:40:33,-3.469446951953614e-18
2019-04-04 15:40:34,-3.469446951953614e-18
2019-04-04 15:40:35,-3.469446951953614e-18
2019-04-04 15:40:36,-3.469446951953614e-18
2019-04-04 15:40:37,-3.469446951953614e-18
2019-04-04 15:40:38,-3.469446951953614e-18
2019-04-04 15:40:39,-3.469446951953614e-18
2019-04-04 15:40:40,-3.469446951953614e-18
2019-04-04 15:40:41,-3.469446951953614e-18
2019-04-04 15:40:42,-3.469446951953614e-18
2019-04-04 15:40:43,-3.469446951953614e-18
2019-04-04 15:40:44,-3.469446951953614e-18
2019-04-04 15:40:45,-3.469446951953614e-18
2019-04-04 15:40:46,-3.469446951953614e-18
2019-04-04 15:40:47,-3.469446951953614e-18
2019-04-04 15:40:48,-3.469446951953614e-18
2019-04-04 15:40:49,-3.469446951953614e-18
2019-04-04 15:40:50,-3.469446951953614e-18
2019-04-04 15:40:51,-3.469446951953614e-18
2019-04-04 15:40:52,-3.469446951953614e-18
2019-04-04 15:40:53,-3.469446951953614e-18
2019-04-04 15:40:54,-3.469446951953614e-18
2019-04-04 15:40:55,-3.469446951953614e-18
2019-04-04 15:40:56,-3.469446951953614e-18
2019-04-04 15:40:57,-3.469446951953614e-18
2019-04-04 15:40:58,-3.469446951953614e-18
2019-04-04 15:40:59,-3.469446951953614e-18
2019-04-04 15:41:00,-3.469446951953614e-18
2019-04-04 15:41:01,-3.469446951953614e-18
2019-04-04 15:41:02,-3.469446951953614e-18
2019-04-04 15:41:03,-3.469446951953614e-18
2019-04-04 15:41:04,-3.469446951953614e-18
2019-04-04 15:41:05,-3.469446951953614e-18
2019-04-04 15:41:06,-3.469446951953614e-18
2019-04-04 15:41:07,-3.469446951953614e-18
2019-04-04 15:41:08,-3.469446951953614e-18
2019-04-04 15:41:09,-3.469446951953614e-18
2019-04-04 15:41:10,-3.469446951953614e-18
2019-04-04 15:41:11,-3.469446951953614e-18
2019-04-04 15:41:12,-3.469446951953614e-18
2019-04-04 15:41:13,-3.469446951953614e-18
2019-04-04 15:41:14,-3.469446951953614e-18
2019-04-04 15:41:15,-3.469446951953614e-18
2019-04-04 15:41:16,-3.469446951953614e-18
2019-04-04 15:41:17,-3.469446951953614e-18
2019-04-04 15:41:18,-3.469446951953614e-18
2019-04-04 15:41:19,-3.469446951953614e-18
2019-04-04 15:41:20,-3.469446951953614e-18
2019-04-04 15:41:21,-3.469446951953614e-18
2019-04-04 15:41:22,-3.469446951953614e-18
2019-04-04 15:41:23,-3.469446951953614e-18
2019-04-04 15:41:24,-3.469446951953614e-18
2019-04-04 15:41:25,-3.469446951953614e-18
2019-04-04 15:41:26,-3.469446951953614e-18
2019-04-04 15:41:27,-3.469446951953614e-18
2019-04-04 15:41:28,-3.469446951953614e-18
2019-04-04 15:41:29,-3.469446951953614e-18
2019-04-04 15:41:30,-3.469446951953614e-18
2019-04-04 15:41:31,-3.469446951953614e-18
2019-04-04 15:41:32,-3.469446951953614e-18
2019-04-04 15:41:33,-3.469446951953614e-18
2019-04-04 15:41:34,-3.469446951953614e-18
2019-04-04 15:41:35,-3.469446951953614e-18
2019-04-04 15:41:36,-3.469446951953614e-18
2019-04-04 15:41:37,-3.469446951953614e-18
2019-04-04 15:41:38,-3.469446951953614e-18
2019-04-04 15:41:39,-3.469446951953614e-18
2019-04-04 15:41:40,-3.469446951953614e-18
2019-04-04 15:41:41,-3.469446951953614e-18
2019-04-04 15:41:42,-3.469446951953614e-18
2019-04-04 15:41:43,-3.469446951953614e-18
2019-04-04 15:41:44,-3.469446951953614e-18
2019-04-04 15:41:45,-3.469446951953614e-18
2019-04-04 15:41:46,-3.469446951953614e-18
2019-04-04 15:41:47,-3.469446951953614e-18
2019-04-04 15:41:48,-3.469446951953614e-18
2019-04-04 15:41:49,-3.469446951953614e-18
2019-04-04 15:41:50,-3.469446951953614e-18
2019-04-04 15:41:51,-3.469446951953614e-18
2019-04-04 15:41:52,-3.469446951953614e-18
2019-04-04 15:41:53,-3.469446951953614e-18
2019-04-04 15:41:54,-3.469446951953614e-18
2019-04-04 15:41:55,-3.469446951953614e-18
2019-04-04 15:41:56,-3.469446951953614e-18
2019-04-04 15:41:57,-3.469446951953614e-18
2019-04-04 15:41:58,-3.469446951953614e-18
2019-04-04 15:41:59,-3.469446951953614e-18
2019-04-04 15:42:00,-3.469446951953614e-18
2019-04-04 15:42:01,-3.469446951953614e-18
2019-04-04 15:42:02,-3.469446951953614e-18
2019-04-04 15:42:03,-3.469446951953614e-18
2019-04-04 15:42:04,-3.469446951953614e-18
2019-04-04 15:42:05,-3.469446951953614e-18
2019-04-04 15:42:06,-3.469446951953614e-18
2019-04-04 15:42:07,-3.469446951953614e-18
2019-04-04 15:42:08,-3.469446951953614e-18
2019-04-04 15:42:09,-3.469446951953614e-18
2019-04-04 15:42:10,-3.469446951953614e-18
2019-04-04 15:42:11,-3.469446951953614e-18
2019-04-04 15:42:12,-3.469446951953614e-18
2019-04-04 15:42:13,-3.469446951953614e-18
2019-04-04 15:42:14,-3.469446951953614e-18
2019-04-04 15:42:15,-3.469446951953614e-18
2019-04-04 15:42:16,-3.469446951953614e-18
2019-04-04 15:42:17,-3.469446951953614e-18
2019-04-04 15:42:18,-3.469446951953614e-18
2019-04-04 15:42:19,-3.469446951953614e-18
2019-04-04 15:42:20,-3.469446951953614e-18
2019-04-04 15:42:21,-3.469446951953614e-18
2019-04-04 15:42:22,-3.469446951953614e-18
2019-04-04 15:42:23,-3.469446951953614e-18
2019-04-04 15:42:24,-3.469446951953614e-18
2019-04-04 15:42:25,-3.469446951953614e-18
2019-04-04 15:42:26,-3.469446951953614e-18
2019-04-04 15:42:27,-3.469446951953614e-18
2019-04-04 15:42:28,-3.469446951953614e-18
2019-04-04 15:42:29,-3.469446951953614e-18
2019-04-04 15:42:30,-3.469446951953614e-18
2019-04-04 15:42:31,-3.469446951953614e-18
2019-04-04 15:42:32,-3.469446951953614e-18
2019-04-04 15:42:33,-3.469446951953614e-18
2019-04-04 15:42:34,-3.469446951953614e-18
2019-04-04 15:42:35,-3.469446951953614e-18
2019-04-04 15:42:36,-3.469446951953614e-18
2019-04-04 15:42:37,-3.469446951953614e-18
2019-04-04 15:42:38,-3.469446951953614e-18
2019-04-04 15:42:39,-3.469446951953614e-18
2019-04-04 15:42:40,-3.469446951953614e-18
2019-04-04 15:42:41,-3.469446951953614e-18
2019-04-04 15:42:42,-3.469446951953614e-18
2019-04-04 15:42:43,-3.469446951953614e-18
2019-04-04 15:42:44,-3.469446951953614e-18
2019-04-04 15:42:45,-3.469446951953614e-18
2019-04-04 15:42:46,-3.469446951953614e-18
2019-04-04 15:42:47,-3.469446951953614e-18
2019-04-04 15:42:48,-3.469446951953614e-18
2019-04-04 15:42:49,-3.469446951953614e-18
2019-04-04 15:42:50,-3.469446951953614e-18
2019-04-04 15:42:51,-3.469446951953614e-18
2019-04-04 15:42:52,-3.469446951953614e-18
2019-04-04 15:42:53,-3.469446951953614e-18
2019-04-04 15:42:54,-3.469446951953614e-18
2019-04-04 15:42:55,-3.469446951953614e-18
2019-04-04 15:42:56,-3.469446951953614e-18
2019-04-04 15:42:57,-3.469446951953614e-18
2019-04-04 15:42:58,-3.469446951953614e-18
2019-04-04 15:42:59,-3.469446951953614e-18
2019-04-04 15:43:00,-3.469446951953614e-18
2019-04-04 15:43:01,-3.469446951953614e-18
2019-04-04 15:43:02,-3.469446951953614e-18
2019-04-04 15:43:03,-3.469446951953614e-18
2019-04-04 15:43:04,-3.469446951953614e-18
2019-04-04 15:43:05,-3.469446951953614e-18
2019-04-04 15:43:06,-3.469446951953614e-18
2019-04-04 15:43:07,-3.469446951953614e-18
2019-04-04 15:43:08,-3.469446951953614e-18
2019-04-04 15:43:09,-3.469446951953614e-18
2019-04-04 15:43:10,-3.469446951953614e-18
2019-04-04 15:43:11,-3.469446951953614e-18
2019-04-04 15:43:12,-3.469446951953614e-18
2019-04-04 15:43:13,-3.469446951953614e-18
2019-04-04 15:43:14,-3.469446951953614e-18
2019-04-04 15:43:15,-3.469446951953614e-18
2019-04-04 15:43:16,-3.469446951953614e-18
2019-04-04 15:43:17,-3.469446951953614e-18
2019-04-04 15:43:18,-3.469446951953614e-18
2019-04-04 15:43:19,-3.469446951953614e-18
2019-04-04 15:43:20,-3.469446951953614e-18
2019-04-04 15:43:21,-3.469446951953614e-18
2019-04-04 15:43:22,-3.469446951953614e-18
2019-04-04 15:43:23,-3.469446951953614e-18
2019-04-04 15:43:24,-3.469446951953614e-18
2019-04-04 15:43:25,-3.469446951953614e-18
2019-04-04 15:43:26,-3.469446951953614e-18
2019-04-04 15:43:27,-3.469446951953614e-18
2019-04-04 15:43:28,-3.469446951953614e-18
2019-04-04 15:43:29,-3.469446951953614e-18
2019-04-04 15:43:30,-3.469446951953614e-18
2019-04-04 15:43:31,-3.469446951953614e-18
2019-04-04 15:43:32,-3.469446951953614e-18
2019-04-04 15:43:33,-3.469446951953614e-18
2019-04-04 15:43:34,-3.469446951953614e-18
2019-04-04 15:43:35,-3.469446951953614e-18
2019-04-04 15:43:36,-3.469446951953614e-18
2019-04-04 15:43:37,-3.469446951953614e-18
2019-04-04 15:43:38,-3.469446951953614e-18
2019-04-04 15:43:39,-3.469446951953614e-18
2019-04-04 15:43:40,-3.469446951953614e-18
2019-04-04 15:43:41,-3.469446951953614e-18
2019-04-04 15:43:42,-3.469446951953614e-18
2019-04-04 15:43:43,-3.469446951953614e-18
2019-04-04 15:43:44,-3.469446951953614e-18
2019-04-04 15:43:45,-3.469446951953614e-18
2019-04-04 15:43:46,-3.469446951953614e-18
2019-04-04 15:43:47,-3.469446951953614e-18
2019-04-04 15:43:48,-3.469446951953614e-18
2019-04-04 15:43:49,-3.469446951953614e-18
2019-04-04 15:43:50,-3.469446951953614e-18
2019-04-04 15:43:51,-3.469446951953614e-18
2019-04-04 15:43:52,-3.469446951953614e-18
2019-04-04 15:43:53,-3.469446951953614e-18
2019-04-04 15:43:54,-3.469446951953614e-18
2019-04-04 15:43:55,-3.469446951953614e-18
2019-04-04 15:43:56,-3.469446951953614e-18
2019-04-04 15:43:57,-3.469446951953614e-18
2019-04-04 15:43:58,-3.469446951953614e-18
2019-04-04 15:43:59,-3.469446951953614e-18
2019-04-04 15:44:00,-3.469446951953614e-18
2019-04-04 15:44:01,-3.469446951953614e-18
2019-04-04 15:44:02,-3.469446951953614e-18
2019-04-04 15:44:03,-3.469446951953614e-18
2019-04-04 15:44:04,-3.469446951953614e-18
2019-04-04 15:44:05,-3.469446951953614e-18
2019-04-04 15:44:06,-3.469446951953614e-18
2019-04-04 15:44:07,-3.469446951953614e-18
2019-04-04 15:44:08,-3.469446951953614e-18
2019-04-04 15:44:09,-3.469446951953614e-18
2019-04-04 15:44:10,-3.469446951953614e-18
2019-04-04 15:44:11,-3.469446951953614e-18
2019-04-04 15:44:12,-3.469446951953614e-18
2019-04-04 15:44:13,-3.469446951953614e-18
2019-04-04 15:44:14,-3.469446951953614e-18
2019-04-04 15:44:15,-3.469446951953614e-18
2019-04-04 15:44:16,-3.469446951953614e-18
2019-04-04 15:44:17,-3.469446951953614e-18
2019-04-04 15:44:18,-3.469446951953614e-18
2019-04-04 15:44:19,-3.469446951953614e-18
2019-04-04 15:44:20,-3.469446951953614e-18
2019-04-04 15:44:21,-3.469446951953614e-18
2019-04-04 15:44:22,-3.469446951953614e-18
2019-04-04 15:44:23,-3.469446951953614e-18
2019-04-04 15:44:24,-3.469446951953614e-18
2019-04-04 15:44:25,-3.469446951953614e-18
2019-04-04 15:44:26,-3.469446951953614e-18
2019-04-04 15:44:27,-3.469446951953614e-18
2019-04-04 15:44:28,-3.469446951953614e-18
2019-04-04 15:44:29,-3.469446951953614e-18
2019-04-04 15:44:30,-3.469446951953614e-18
2019-04-04 15:44:31,-3.469446951953614e-18
2019-04-04 15:44:32,-3.469446951953614e-18
2019-04-04 15:44:33,-3.469446951953614e-18
2019-04-04 15:44:34,-3.469446951953614e-18
2019-04-04 15:44:35,-3.469446951953614e-18
2019-04-04 15:44:36,-3.469446951953614e-18
2019-04-04 15:44:37,-3.469446951953614e-18
2019-04-04 15:44:38,-3.469446951953614e-18
2019-04-04 15:44:39,-3.469446951953614e-18
2019-04-04 15:44:40,-3.469446951953614e-18
2019-04-04 15:44:41,-3.469446951953614e-18
2019-04-04 15:44:42,-3.469446951953614e-18
2019-04-04 15:44:43,-3.469446951953614e-18
2019-04-04 15:44:44,-3.469446951953614e-18
2019-04-04 15:44:45,-3.469446951953614e-18
2019-04-04 15:44:46,-3.469446951953614e-18
2019-04-04 15:44:47,-3.469446951953614e-18
2019-04-04 15:44:48,-3.469446951953614e-18
2019-04-04 15:44:49,-3.469446951953614e-18
2019-04-04 15:44:50,-3.469446951953614e-18
2019-04-04 15:44:51,-3.469446951953614e-18
2019-04-04 15:44:52,-3.469446951953614e-18
2019-04-04 15:44:53,-3.469446951953614e-18
2019-04-04 15:44:54,-3.469446951953614e-18
2019-04-04 15:44:55,-3.469446951953614e-18
2019-04-04 15:44:56,-3.469446951953614e-18
2019-04-04 15:44:57,-3.469446951953614e-18
2019-04-04 15:44:58,-3.469446951953614e-18
2019-04-04 15:44:59,-3.469446951953614e-18
2019-04-04 15:45:00,-3.469446951953614e-18
2019-04-04 15:45:01,-3.469446951953614e-18
2019-04-04 15:45:02,-3.469446951953614e-18
2019-04-04 15:45:03,-3.469446951953614e-18
2019-04-04 15:45:04,-3.469446951953614e-18
2019-04-04 15:45:05,-3.469446951953614e-18
2019-04-04 15:45:06,-3.469446951953614e-18
2019-04-04 15:45:07,-3.469446951953614e-18
2019-04-04 15:45:08,-3.469446951953614e-18
2019-04-04 15:45:09,-3.469446951953614e-18
2019-04-04 15:45:10,-3.469446951953614e-18
2019-04-04 15:45:11,-3.469446951953614e-18
2019-04-04 15:45:12,-3.469446951953614e-18
2019-04-04 15:45:13,-3.469446951953614e-18
2019-04-04 15:45:14,-3.469446951953614e-18
2019-04-04 15:45:15,-3.469446951953614e-18
2019-04-04 15:45:16,-3.469446951953614e-18
2019-04-04 15:45:17,-3.469446951953614e-18
2019-04-04 15:45:18,-3.469446951953614e-18
2019-04-04 15:45:19,-3.469446951953614e-18
2019-04-04 15:45:20,-3.469446951953614e-18
2019-04-04 15:45:21,-3.469446951953614e-18
2019-04-04 15:45:22,-3.469446951953614e-18
2019-04-04 15:45:23,-3.469446951953614e-18
2019-04-04 15:45:24,-3.469446951953614e-18
2019-04-04 15:45:25,-3.469446951953614e-18
2019-04-04 15:45:26,-3.469446951953614e-18
2019-04-04 15:45:27,-3.469446951953614e-18
2019-04-04 15:45:28,-3.469446951953614e-18
2019-04-04 15:45:29,-3.469446951953614e-18
2019-04-04 15:45:30,-3.469446951953614e-18
2019-04-04 15:45:31,-3.469446951953614e-18
2019-04-04 15:45:32,-3.469446951953614e-18
2019-04-04 15:45:33,-3.469446951953614e-18
2019-04-04 15:45:34,-3.469446951953614e-18
2019-04-04 15:45:35,-3.469446951953614e-18
2019-04-04 15:45:36,-3.469446951953614e-18
2019-04-04 15:45:37,-3.469446951953614e-18
2019-04-04 15:45:38,-3.469446951953614e-18
2019-04-04 15:45:39,-3.469446951953614e-18
2019-04-04 15:45:40,-3.469446951953614e-18
2019-04-04 15:45:41,-3.469446951953614e-18
2019-04-04 15:45:42,-3.469446951953614e-18
2019-04-04 15:45:43,-3.469446951953614e-18
2019-04-04 15:45:44,-3.469446951953614e-18
2019-04-04 15:45:45,-3.469446951953614e-18
2019-04-04 15:45:46,-3.469446951953614e-18
2019-04-04 15:45:47,-3.469446951953614e-18
2019-04-04 15:45:48,-3.469446951953614e-18
2019-04-04 15:45:49,-3.469446951953614e-18
2019-04-04 15:45:50,-3.469446951953614e-18
2019-04-04 15:45:51,-3.469446951953614e-18
2019-04-04 15:45:52,-3.469446951953614e-18
2019-04-04 15:45:53,-3.469446951953614e-18
2019-04-04 15:45:54,-3.469446951953614e-18
2019-04-04 15:45:55,-3.469446951953614e-18
2019-04-04 15:45:56,-3.469446951953614e-18
2019-04-04 15:45:57,-3.469446951953614e-18
2019-04-04 15:45:58,-3.469446951953614e-18
2019-04-04 15:45:59,-3.469446951953614e-18
2019-04-04 15:46:00,-3.469446951953614e-18
2019-04-04 15:46:01,-3.469446951953614e-18
2019-04-04 15:46:02,-3.469446951953614e-18
2019-04-04 15:46:03,-3.469446951953614e-18
2019-04-04 15:46:04,-3.469446951953614e-18
2019-04-04 15:46:05,-3.469446951953614e-18
2019-04-04 15:46:06,-3.469446951953614e-18
2019-04-04 15:46:07,-3.469446951953614e-18
2019-04-04 15:46:08,-3.469446951953614e-18
2019-04-04 15:46:09,-3.469446951953614e-18
2019-04-04 15:46:10,-3.469446951953614e-18
2019-04-04 15:46:11,-3.469446951953614e-18
2019-04-04 15:46:12,-3.469446951953614e-18
2019-04-04 15:46:13,-3.469446951953614e-18
2019-04-04 15:46:14,-3.469446951953614e-18
2019-04-04 15:46:15,-3.469446951953614e-18
2019-04-04 15:46:16,-3.469446951953614e-18
2019-04-04 15:46:17,-3.469446951953614e-18
2019-04-04 15:46:18,-3.469446951953614e-18
2019-04-04 15:46:19,-3.469446951953614e-18
2019-04-04 15:46:20,-3.469446951953614e-18
2019-04-04 15:46:21,-3.469446951953614e-18
2019-04-04 15:46:22,-3.469446951953614e-18
2019-04-04 15:46:23,-3.469446951953614e-18
2019-04-04 15:46:24,-3.469446951953614e-18
2019-04-04 15:46:25,-3.469446951953614e-18
2019-04-04 15:46:26,-3.469446951953614e-18
2019-04-04 15:46:27,-3.469446951953614e-18
2019-04-04 15:46:28,-3.469446951953614e-18
2019-04-04 15:46:29,-3.469446951953614e-18
2019-04-04 15:46:30,-3.469446951953614e-18
2019-04-04 15:46:31,-3.469446951953614e-18
2019-04-04 15:46:32,-3.469446951953614e-18
2019-04-04 15:46:33,-3.469446951953614e-18
2019-04-04 15:46:34,-3.469446951953614e-18
2019-04-04 15:46:35,-3.469446951953614e-18
2019-04-04 15:46:36,-3.469446951953614e-18
2019-04-04 15:46:37,-3.469446951953614e-18
2019-04-04 15:46:38,-3.469446951953614e-18
2019-04-04 15:46:39,-3.469446951953614e-18
2019-04-04 15:46:40,-3.469446951953614e-18
2019-04-04 15:46:41,-3.469446951953614e-18
2019-04-04 15:46:42,-3.469446951953614e-18
2019-04-04 15:46:43,-3.469446951953614e-18
2019-04-04 15:46:44,-3.469446951953614e-18
2019-04-04 15:46:45,-3.469446951953614e-18
2019-04-04 15:46:46,-3.469446951953614e-18
2019-04-04 15:46:47,-3.469446951953614e-18
2019-04-04 15:46:48,-3.469446951953614e-18
2019-04-04 15:46:49,-3.469446951953614e-18
2019-04-04 15:46:50,-3.469446951953614e-18
2019-04-04 15:46:51,-3.469446951953614e-18
2019-04-04 15:46:52,-3.469446951953614e-18
2019-04-04 15:46:53,-3.469446951953614e-18
2019-04-04 15:46:54,-3.469446951953614e-18
2019-04-04 15:46:55,-3.469446951953614e-18
2019-04-04 15:46:56,-3.469446951953614e-18
2019-04-04 15:46:57,-3.469446951953614e-18
2019-04-04 15:46:58,-3.469446951953614e-18
2019-04-04 15:46:59,-3.469446951953614e-18
2019-04-04 15:47:00,-3.469446951953614e-18
2019-04-04 15:47:01,-3.469446951953614e-18
2019-04-04 15:47:02,-3.469446951953614e-18
2019-04-04 15:47:03,-3.469446951953614e-18
2019-04-04 15:47:04,-3.469446951953614e-18
2019-04-04 15:47:05,-3.469446951953614e-18
2019-04-04 15:47:06,-3.469446951953614e-18
2019-04-04 15:47:07,-3.469446951953614e-18
2019-04-04 15:47:08,-3.469446951953614e-18
2019-04-04 15:47:09,-3.469446951953614e-18
2019-04-04 15:47:10,-3.469446951953614e-18
2019-04-04 15:47:11,-3.469446951953614e-18
2019-04-04 15:47:12,-3.469446951953614e-18
2019-04-04 15:47:13,-3.469446951953614e-18
2019-04-04 15:47:14,-3.469446951953614e-18
2019-04-04 15:47:15,-3.469446951953614e-18
2019-04-04 15:47:16,-3.469446951953614e-18
2019-04-04 15:47:17,-3.469446951953614e-18
2019-04-04 15:47:18,-3.469446951953614e-18
2019-04-04 15:47:19,-3.469446951953614e-18
2019-04-04 15:47:20,-3.469446951953614e-18
2019-04-04 15:47:21,-3.469446951953614e-18
2019-04-04 15:47:22,-3.469446951953614e-18
2019-04-04 15:47:23,-3.469446951953614e-18
2019-04-04 15:47:24,-3.469446951953614e-18
2019-04-04 15:47:25,-3.469446951953614e-18
2019-04-04 15:47:26,-3.469446951953614e-18
2019-04-04 15:47:27,-3.469446951953614e-18
2019-04-04 15:47:28,-3.469446951953614e-18
2019-04-04 15:47:29,-3.469446951953614e-18
2019-04-04 15:47:30,-3.469446951953614e-18
2019-04-04 15:47:31,-3.469446951953614e-18
2019-04-04 15:47:32,-3.469446951953614e-18
2019-04-04 15:47:33,-3.469446951953614e-18
2019-04-04 15:47:34,-3.469446951953614e-18
2019-04-04 15:47:35,-3.469446951953614e-18
2019-04-04 15:47:36,-3.469446951953614e-18
2019-04-04 15:47:37,-3.469446951953614e-18
2019-04-04 15:47:38,-3.469446951953614e-18
2019-04-04 15:47:39,-3.469446951953614e-18
2019-04-04 15:47:40,-3.469446951953614e-18
2019-04-04 15:47:41,-3.469446951953614e-18
2019-04-04 15:47:42,-3.469446951953614e-18
2019-04-04 15:47:43,-3.469446951953614e-18
2019-04-04 15:47:44,-3.469446951953614e-18
2019-04-04 15:47:45,-3.469446951953614e-18
2019-04-04 15:47:46,-3.469446951953614e-18
2019-04-04 15:47:47,-3.469446951953614e-18
2019-04-04 15:47:48,-3.469446951953614e-18
2019-04-04 15:47:49,-3.469446951953614e-18
2019-04-04 15:47:50,-3.469446951953614e-18
2019-04-04 15:47:51,-3.469446951953614e-18
2019-04-04 15:47:52,-3.469446951953614e-18
2019-04-04 15:47:53,-3.469446951953614e-18
2019-04-04 15:47:54,-3.469446951953614e-18
2019-04-04 15:47:55,-3.469446951953614e-18
2019-04-04 15:47:56,-3.469446951953614e-18
2019-04-04 15:47:57,-3.469446951953614e-18
2019-04-04 15:47:58,-3.469446951953614e-18
2019-04-04 15:47:59,-3.469446951953614e-18
2019-04-04 15:48:00,-3.469446951953614e-18
2019-04-04 15:48:01,-3.469446951953614e-18
2019-04-04 15:48:02,-3.469446951953614e-18
2019-04-04 15:48:03,-3.469446951953614e-18
2019-04-04 15:48:04,-3.469446951953614e-18
2019-04-04 15:48:05,-3.469446951953614e-18
2019-04-04 15:48:06,-3.469446951953614e-18
2019-04-04 15:48:07,-3.469446951953614e-18
2019-04-04 15:48:08,-3.469446951953614e-18
2019-04-04 15:48:09,-3.469446951953614e-18
2019-04-04 15:48:10,-3.469446951953614e-18
2019-04-04 15:48:11,-3.469446951953614e-18
2019-04-04 15:48:12,-3.469446951953614e-18
2019-04-04 15:48:13,-3.469446951953614e-18
2019-04-04 15:48:14,-3.469446951953614e-18
2019-04-04 15:48:15,-3.469446951953614e-18
2019-04-04 15:48:16,-3.469446951953614e-18
2019-04-04 15:48:17,-3.469446951953614e-18
2019-04-04 15:48:18,-3.469446951953614e-18
2019-04-04 15:48:19,-3.469446951953614e-18
2019-04-04 15:48:20,-3.469446951953614e-18
2019-04-04 15:48:21,-3.469446951953614e-18
2019-04-04 15:48:22,-3.469446951953614e-18
2019-04-04 15:48:23,-3.469446951953614e-18
2019-04-04 15:48:24,-3.469446951953614e-18
2019-04-04 15:48:25,-3.469446951953614e-18
2019-04-04 15:48:26,-3.469446951953614e-18
2019-04-04 15:48:27,-3.469446951953614e-18
2019-04-04 15:48:28,-3.469446951953614e-18
2019-04-04 15:48:29,-3.469446951953614e-18
2019-04-04 15:48:30,-3.469446951953614e-18
2019-04-04 15:48:31,-3.469446951953614e-18
2019-04-04 15:48:32,-3.469446951953614e-18
2019-04-04 15:48:33,-3.469446951953614e-18
2019-04-04 15:48:34,-3.469446951953614e-18
2019-04-04 15:48:35,-3.469446951953614e-18
2019-04-04 15:48:36,-3.469446951953614e-18
2019-04-04 15:48:37,-3.469446951953614e-18
2019-04-04 15:48:38,-3.469446951953614e-18
2019-04-04 15:48:39,-3.469446951953614e-18
2019-04-04 15:48:40,-3.469446951953614e-18
2019-04-04 15:48:41,-3.469446951953614e-18
2019-04-04 15:48:42,-3.469446951953614e-18
2019-04-04 15:48:43,-3.469446951953614e-18
2019-04-04 15:48:44,-3.469446951953614e-18
2019-04-04 15:48:45,-3.469446951953614e-18
2019-04-04 15:48:46,-3.469446951953614e-18
2019-04-04 15:48:47,-3.469446951953614e-18
2019-04-04 15:48:48,-3.469446951953614e-18
2019-04-04 15:48:49,-3.469446951953614e-18
2019-04-04 15:48:50,-3.469446951953614e-18
2019-04-04 15:48:51,-3.469446951953614e-18
2019-04-04 15:48:52,-3.469446951953614e-18
2019-04-04 15:48:53,-3.469446951953614e-18
2019-04-04 15:48:54,-3.469446951953614e-18
2019-04-04 15:48:55,-3.469446951953614e-18
2019-04-04 15:48:56,-3.469446951953614e-18
2019-04-04 15:48:57,-3.469446951953614e-18
2019-04-04 15:48:58,-3.469446951953614e-18
2019-04-04 15:48:59,-3.469446951953614e-18
2019-04-04 15:49:00,-3.469446951953614e-18
2019-04-04 15:49:01,-3.469446951953614e-18
2019-04-04 15:49:02,-3.469446951953614e-18
2019-04-04 15:49:03,-3.469446951953614e-18
2019-04-04 15:49:04,-3.469446951953614e-18
2019-04-04 15:49:05,-3.469446951953614e-18
2019-04-04 15:49:06,-3.469446951953614e-18
2019-04-04 15:49:07,-3.469446951953614e-18
2019-04-04 15:49:08,-3.469446951953614e-18
2019-04-04 15:49:09,-3.469446951953614e-18
2019-04-04 15:49:10,-3.469446951953614e-18
2019-04-04 15:49:11,-3.469446951953614e-18
2019-04-04 15:49:12,-3.469446951953614e-18
2019-04-04 15:49:13,-3.469446951953614e-18
2019-04-04 15:49:14,-3.469446951953614e-18
2019-04-04 15:49:15,-3.469446951953614e-18
2019-04-04 15:49:16,-3.469446951953614e-18
2019-04-04 15:49:17,-3.469446951953614e-18
2019-04-04 15:49:18,-3.469446951953614e-18
2019-04-04 15:49:19,-3.469446951953614e-18
2019-04-04 15:49:20,-3.469446951953614e-18
2019-04-04 15:49:21,-3.469446951953614e-18
2019-04-04 15:49:22,-3.469446951953614e-18
2019-04-04 15:49:23,-3.469446951953614e-18
2019-04-04 15:49:24,-3.469446951953614e-18
2019-04-04 15:49:25,-3.469446951953614e-18
2019-04-04 15:49:26,-3.469446951953614e-18
2019-04-04 15:49:27,-3.469446951953614e-18
2019-04-04 15:49:28,-3.469446951953614e-18
2019-04-04 15:49:29,-3.469446951953614e-18
2019-04-04 15:49:30,-3.469446951953614e-18
2019-04-04 15:49:31,-3.469446951953614e-18
2019-04-04 15:49:32,-3.469446951953614e-18
2019-04-04 15:49:33,-3.469446951953614e-18
2019-04-04 15:49:34,-3.469446951953614e-18
2019-04-04 15:49:35,-3.469446951953614e-18
2019-04-04 15:49:36,-3.469446951953614e-18
2019-04-04 15:49:37,-3.469446951953614e-18
2019-04-04 15:49:38,-3.469446951953614e-18
2019-04-04 15:49:39,-3.469446951953614e-18
2019-04-04 15:49:40,-3.469446951953614e-18
2019-04-04 15:49:41,-3.469446951953614e-18
2019-04-04 15:49:42,-3.469446951953614e-18
2019-04-04 15:49:43,-3.469446951953614e-18
2019-04-04 15:49:44,-3.469446951953614e-18
2019-04-04 15:49:45,-3.469446951953614e-18
2019-04-04 15:49:46,-3.469446951953614e-18
2019-04-04 15:49:47,-3.469446951953614e-18
2019-04-04 15:49:48,-3.469446951953614e-18
2019-04-04 15:49:49,-3.469446951953614e-18
2019-04-04 15:49:50,-3.469446951953614e-18
2019-04-04 15:49:51,-3.469446951953614e-18
2019-04-04 15:49:52,-3.469446951953614e-18
2019-04-04 15:49:53,-3.469446951953614e-18
2019-04-04 15:49:54,-3.469446951953614e-18
2019-04-04 15:49:55,-3.469446951953614e-18
2019-04-04 15:49:56,-3.469446951953614e-18
2019-04-04 15:49:57,-3.469446951953614e-18
2019-04-04 15:49:58,-3.469446951953614e-18
2019-04-04 15:49:59,-3.469446951953614e-18
2019-04-04 15:50:00,-3.469446951953614e-18
2019-04-04 15:50:01,-3.469446951953614e-18
2019-04-04 15:50:02,-3.469446951953614e-18
2019-04-04 15:50:03,-3.469446951953614e-18
2019-04-04 15:50:04,-3.469446951953614e-18
2019-04-04 15:50:05,-3.469446951953614e-18
2019-04-04 15:50:06,-3.469446951953614e-18
2019-04-04 15:50:07,-3.469446951953614e-18
2019-04-04 15:50:08,-3.469446951953614e-18
2019-04-04 15:50:09,-3.469446951953614e-18
2019-04-04 15:50:10,-3.469446951953614e-18
2019-04-04 15:50:11,-3.469446951953614e-18
2019-04-04 15:50:12,-3.469446951953614e-18
2019-04-04 15:50:13,-3.469446951953614e-18
2019-04-04 15:50:14,-3.469446951953614e-18
2019-04-04 15:50:15,-3.469446951953614e-18
2019-04-04 15:50:16,-3.469446951953614e-18
2019-04-04 15:50:17,-3.469446951953614e-18
2019-04-04 15:50:18,-3.469446951953614e-18
2019-04-04 15:50:19,-3.469446951953614e-18
2019-04-04 15:50:20,-3.469446951953614e-18
2019-04-04 15:50:21,-3.469446951953614e-18
2019-04-04 15:50:22,-3.469446951953614e-18
2019-04-04 15:50:23,-3.469446951953614e-18
2019-04-04 15:50:24,-3.469446951953614e-18
2019-04-04 15:50:25,-3.469446951953614e-18
2019-04-04 15:50:26,-3.469446951953614e-18
2019-04-04 15:50:27,-3.469446951953614e-18
2019-04-04 15:50:28,-3.469446951953614e-18
2019-04-04 15:50:29,-3.469446951953614e-18
2019-04-04 15:50:30,-3.469446951953614e-18
2019-04-04 15:50:31,-3.469446951953614e-18
2019-04-04 15:50:32,-3.469446951953614e-18
2019-04-04 15:50:33,-3.469446951953614e-18
2019-04-04 15:50:34,-3.469446951953614e-18
2019-04-04 15:50:35,-3.469446951953614e-18
2019-04-04 15:50:36,-3.469446951953614e-18
2019-04-04 15:50:37,-3.469446951953614e-18
2019-04-04 15:50:38,-3.469446951953614e-18
2019-04-04 15:50:39,-3.469446951953614e-18
2019-04-04 15:50:40,-3.469446951953614e-18
2019-04-04 15:50:41,-3.469446951953614e-18
2019-04-04 15:50:42,-3.469446951953614e-18
2019-04-04 15:50:43,-3.469446951953614e-18
2019-04-04 15:50:44,-3.469446951953614e-18
2019-04-04 15:50:45,-3.469446951953614e-18
2019-04-04 15:50:46,-3.469446951953614e-18
2019-04-04 15:50:47,-3.469446951953614e-18
2019-04-04 15:50:48,-3.469446951953614e-18
2019-04-04 15:50:49,-3.469446951953614e-18
2019-04-04 15:50:50,-3.469446951953614e-18
2019-04-04 15:50:51,-3.469446951953614e-18
2019-04-04 15:50:52,-3.469446951953614e-18
2019-04-04 15:50:53,-3.469446951953614e-18
2019-04-04 15:50:54,-3.469446951953614e-18
2019-04-04 15:50:55,-3.469446951953614e-18
2019-04-04 15:50:56,-3.469446951953614e-18
2019-04-04 15:50:57,-3.469446951953614e-18
2019-04-04 15:50:58,-3.469446951953614e-18
2019-04-04 15:50:59,-3.469446951953614e-18
2019-04-04 15:51:00,-3.469446951953614e-18
2019-04-04 15:51:01,-3.469446951953614e-18
2019-04-04 15:51:02,-3.469446951953614e-18
2019-04-04 15:51:03,-3.469446951953614e-18
2019-04-04 15:51:04,-3.469446951953614e-18
2019-04-04 15:51:05,-3.469446951953614e-18
2019-04-04 15:51:06,-3.469446951953614e-18
2019-04-04 15:51:07,-3.469446951953614e-18
2019-04-04 15:51:08,-3.469446951953614e-18
2019-04-04 15:51:09,-3.469446951953614e-18
2019-04-04 15:51:10,-3.469446951953614e-18
2019-04-04 15:51:11,-3.469446951953614e-18
2019-04-04 15:51:12,-3.469446951953614e-18
2019-04-04 15:51:13,-3.469446951953614e-18
2019-04-04 15:51:14,-3.469446951953614e-18
2019-04-04 15:51:15,-3.469446951953614e-18
2019-04-04 15:51:16,-3.469446951953614e-18
2019-04-04 15:51:17,-3.469446951953614e-18
2019-04-04 15:51:18,-3.469446951953614e-18
2019-04-04 15:51:19,-3.469446951953614e-18
2019-04-04 15:51:20,-3.469446951953614e-18
2019-04-04 15:51:21,-3.469446951953614e-18
2019-04-04 15:51:22,-3.469446951953614e-18
2019-04-04 15:51:23,-3.469446951953614e-18
2019-04-04 15:51:24,-3.469446951953614e-18
2019-04-04 15:51:25,-3.469446951953614e-18
2019-04-04 15:51:26,-3.469446951953614e-18
2019-04-04 15:51:27,-3.469446951953614e-18
2019-04-04 15:51:28,-3.469446951953614e-18
2019-04-04 15:51:29,-3.469446951953614e-18
2019-04-04 15:51:30,-3.469446951953614e-18
2019-04-04 15:51:31,-3.469446951953614e-18
2019-04-04 15:51:32,-3.469446951953614e-18
2019-04-04 15:51:33,-3.469446951953614e-18
2019-04-04 15:51:34,-3.469446951953614e-18
2019-04-04 15:51:35,-3.469446951953614e-18
2019-04-04 15:51:36,-3.469446951953614e-18
2019-04-04 15:51:37,-3.469446951953614e-18
2019-04-04 15:51:38,-3.469446951953614e-18
2019-04-04 15:51:39,-3.469446951953614e-18
2019-04-04 15:51:40,-3.469446951953614e-18
2019-04-04 15:51:41,-3.469446951953614e-18
2019-04-04 15:51:42,-3.469446951953614e-18
2019-04-04 15:51:43,-3.469446951953614e-18
2019-04-04 15:51:44,-3.469446951953614e-18
2019-04-04 15:51:45,-3.469446951953614e-18
2019-04-04 15:51:46,-3.469446951953614e-18
2019-04-04 15:51:47,-3.469446951953614e-18
2019-04-04 15:51:48,-3.469446951953614e-18
2019-04-04 15:51:49,-3.469446951953614e-18
2019-04-04 15:51:50,-3.469446951953614e-18
2019-04-04 15:51:51,-3.469446951953614e-18
2019-04-04 15:51:52,-3.469446951953614e-18
2019-04-04 15:51:53,-3.469446951953614e-18
2019-04-04 15:51:54,-0.0001690140845036093
2019-04-04 15:51:55,-0.0001690140845043188
2019-04-04 15:51:56,-0.00016901408450503003
2019-04-04 15:51:57,-0.00016901408450574126
2019-04-04 15:51:58,-0.00016901408450645077
2019-04-04 15:51:59,-3.469446951953614e-18
2019-04-04 15:52:00,-3.469446951953614e-18
2019-04-04 15:52:01,-3.469446951953614e-18
2019-04-04 15:52:02,-3.469446951953614e-18
2019-04-04 15:52:03,-3.469446951953614e-18
2019-04-04 15:52:04,-3.469446951953614e-18
2019-04-04 15:52:05,-3.469446951953614e-18
2019-04-04 15:52:06,-3.469446951953614e-18
2019-04-04 15:52:07,-3.469446951953614e-18
2019-04-04 15:52:08,-3.469446951953614e-18
2019-04-04 15:52:09,-3.469446951953614e-18
2019-04-04 15:52:10,-3.469446951953614e-18
2019-04-04 15:52:11,-3.469446951953614e-18
2019-04-04 15:52:12,-3.469446951953614e-18
2019-04-04 15:52:13,-3.469446951953614e-18
2019-04-04 15:52:14,-3.469446951953614e-18
2019-04-04 15:52:15,-3.469446951953614e-18
2019-04-04 15:52:16,-3.469446951953614e-18
2019-04-04 15:52:17,-3.469446951953614e-18
2019-04-04 15:52:18,-3.469446951953614e-18
2019-04-04 15:52:19,-3.469446951953614e-18
2019-04-04 15:52:20,-3.469446951953614e-18
2019-04-04 15:52:21,-3.469446951953614e-18
2019-04-04 15:52:22,-3.469446951953614e-18
2019-04-04 15:52:23,-3.469446951953614e-18
2019-04-04 15:52:24,-3.469446951953614e-18
2019-04-04 15:52:25,-3.469446951953614e-18
2019-04-04 15:52:26,-3.469446951953614e-18
2019-04-04 15:52:27,-3.469446951953614e-18
2019-04-04 15:52:28,-3.469446951953614e-18
2019-04-04 15:52:29,-3.469446951953614e-18
2019-04-04 15:52:30,-3.469446951953614e-18
2019-04-04 15:52:31,-3.469446951953614e-18
2019-04-04 15:52:32,-3.469446951953614e-18
2019-04-04 15:52:33,-3.469446951953614e-18
2019-04-04 15:52:34,-3.469446951953614e-18
2019-04-04 15:52:35,-3.469446951953614e-18
2019-04-04 15:52:36,-3.469446951953614e-18
2019-04-04 15:52:37,-3.469446951953614e-18
2019-04-04 15:52:38,-3.469446951953614e-18
2019-04-04 15:52:39,-3.469446951953614e-18
2019-04-04 15:52:40,-3.469446951953614e-18
2019-04-04 15:52:41,-3.469446951953614e-18
2019-04-04 15:52:42,-3.469446951953614e-18
2019-04-04 15:52:43,-3.469446951953614e-18
2019-04-04 15:52:44,-3.469446951953614e-18
2019-04-04 15:52:45,-3.469446951953614e-18
2019-04-04 15:52:46,-3.469446951953614e-18
2019-04-04 15:52:47,-3.469446951953614e-18
2019-04-04 15:52:48,-3.469446951953614e-18
2019-04-04 15:52:49,-3.469446951953614e-18
2019-04-04 15:52:50,-3.469446951953614e-18
2019-04-04 15:52:51,-3.469446951953614e-18
2019-04-04 15:52:52,-3.469446951953614e-18
2019-04-04 15:52:53,-3.469446951953614e-18
2019-04-04 15:52:54,-3.469446951953614e-18
2019-04-04 15:52:55,-3.469446951953614e-18
2019-04-04 15:52:56,-3.469446951953614e-18
2019-04-04 15:52:57,-3.469446951953614e-18
2019-04-04 15:52:58,-3.469446951953614e-18
2019-04-04 15:52:59,-3.469446951953614e-18
2019-04-04 15:53:00,-3.469446951953614e-18
2019-04-04 15:53:01,-3.469446951953614e-18
2019-04-04 15:53:02,-3.469446951953614e-18
2019-04-04 15:53:03,-3.469446951953614e-18
2019-04-04 15:53:04,-3.469446951953614e-18
2019-04-04 15:53:05,-3.469446951953614e-18
2019-04-04 15:53:06,-3.469446951953614e-18
2019-04-04 15:53:07,-3.469446951953614e-18
2019-04-04 15:53:08,-3.469446951953614e-18
2019-04-04 15:53:09,-3.469446951953614e-18
2019-04-04 15:53:10,-3.469446951953614e-18
2019-04-04 15:53:11,-3.469446951953614e-18
2019-04-04 15:53:12,-3.469446951953614e-18
2019-04-04 15:53:13,-3.469446951953614e-18
2019-04-04 15:53:14,-3.469446951953614e-18
2019-04-04 15:53:15,-3.469446951953614e-18
2019-04-04 15:53:16,-3.469446951953614e-18
2019-04-04 15:53:17,-3.469446951953614e-18
2019-04-04 15:53:18,-3.469446951953614e-18
2019-04-04 15:53:19,-3.469446951953614e-18
2019-04-04 15:53:20,-3.469446951953614e-18
2019-04-04 15:53:21,-3.469446951953614e-18
2019-04-04 15:53:22,-3.469446951953614e-18
2019-04-04 15:53:23,-3.469446951953614e-18
2019-04-04 15:53:24,-3.469446951953614e-18
2019-04-04 15:53:25,-3.469446951953614e-18
2019-04-04 15:53:26,-3.469446951953614e-18
2019-04-04 15:53:27,-3.469446951953614e-18
2019-04-04 15:53:28,-3.469446951953614e-18
2019-04-04 15:53:29,-3.469446951953614e-18
2019-04-04 15:53:30,-3.469446951953614e-18
2019-04-04 15:53:31,-3.469446951953614e-18
2019-04-04 15:53:32,-3.469446951953614e-18
2019-04-04 15:53:33,-3.469446951953614e-18
2019-04-04 15:53:34,-3.469446951953614e-18
2019-04-04 15:53:35,-3.469446951953614e-18
2019-04-04 15:53:36,-3.469446951953614e-18
2019-04-04 15:53:37,-3.469446951953614e-18
2019-04-04 15:53:38,-3.469446951953614e-18
2019-04-04 15:53:39,-3.469446951953614e-18
2019-04-04 15:53:40,-3.469446951953614e-18
2019-04-04 15:53:41,-3.469446951953614e-18
2019-04-04 15:53:42,-3.469446951953614e-18
2019-04-04 15:53:43,-3.469446951953614e-18
2019-04-04 15:53:44,-3.469446951953614e-18
2019-04-04 15:53:45,-3.469446951953614e-18
2019-04-04 15:53:46,-3.469446951953614e-18
2019-04-04 15:53:47,-3.469446951953614e-18
2019-04-04 15:53:48,-3.469446951953614e-18
2019-04-04 15:53:49,-3.469446951953614e-18
2019-04-04 15:53:50,-3.469446951953614e-18
2019-04-04 15:53:51,-3.469446951953614e-18
2019-04-04 15:53:52,-3.469446951953614e-18
2019-04-04 15:53:53,-3.469446951953614e-18
2019-04-04 15:53:54,-3.469446951953614e-18
2019-04-04 15:53:55,-3.469446951953614e-18
2019-04-04 15:53:56,-3.469446951953614e-18
2019-04-04 15:53:57,-3.469446951953614e-18
2019-04-04 15:53:58,-3.469446951953614e-18
2019-04-04 15:53:59,-3.469446951953614e-18
2019-04-04 15:54:00,-3.469446951953614e-18
2019-04-04 15:54:01,-3.469446951953614e-18
2019-04-04 15:54:02,-3.469446951953614e-18
2019-04-04 15:54:03,-3.469446951953614e-18
2019-04-04 15:54:04,-3.469446951953614e-18
2019-04-04 15:54:05,-3.469446951953614e-18
2019-04-04 15:54:06,-3.469446951953614e-18
2019-04-04 15:54:07,-3.469446951953614e-18
2019-04-04 15:54:08,-3.469446951953614e-18
2019-04-04 15:54:09,-3.469446951953614e-18
2019-04-04 15:54:10,-3.469446951953614e-18
2019-04-04 15:54:11,-3.469446951953614e-18
2019-04-04 15:54:12,-3.469446951953614e-18
2019-04-04 15:54:13,-3.469446951953614e-18
2019-04-04 15:54:14,-3.469446951953614e-18
2019-04-04 15:54:15,-3.469446951953614e-18
2019-04-04 15:54:16,-3.469446951953614e-18
2019-04-04 15:54:17,-3.469446951953614e-18
2019-04-04 15:54:18,-3.469446951953614e-18
2019-04-04 15:54:19,-3.469446951953614e-18
2019-04-04 15:54:20,-3.469446951953614e-18
2019-04-04 15:54:21,-3.469446951953614e-18
2019-04-04 15:54:22,-3.469446951953614e-18
2019-04-04 15:54:23,-3.469446951953614e-18
2019-04-04 15:54:24,-3.469446951953614e-18
2019-04-04 15:54:25,-3.469446951953614e-18
2019-04-04 15:54:26,-3.469446951953614e-18
2019-04-04 15:54:27,-3.469446951953614e-18
2019-04-04 15:54:28,-3.469446951953614e-18
2019-04-04 15:54:29,-3.469446951953614e-18
2019-04-04 15:54:30,-3.469446951953614e-18
2019-04-04 15:54:31,-3.469446951953614e-18
2019-04-04 15:54:32,-3.469446951953614e-18
2019-04-04 15:54:33,-3.469446951953614e-18
2019-04-04 15:54:34,-3.469446951953614e-18
2019-04-04 15:54:35,-3.469446951953614e-18
2019-04-04 15:54:36,-3.469446951953614e-18
2019-04-04 15:54:37,-3.469446951953614e-18
2019-04-04 15:54:38,-3.469446951953614e-18
2019-04-04 15:54:39,-3.469446951953614e-18
2019-04-04 15:54:40,-3.469446951953614e-18
2019-04-04 15:54:41,-3.469446951953614e-18
2019-04-04 15:54:42,-3.469446951953614e-18
2019-04-04 15:54:43,-3.469446951953614e-18
2019-04-04 15:54:44,-3.469446951953614e-18
2019-04-04 15:54:45,-3.469446951953614e-18
2019-04-04 15:54:46,-3.469446951953614e-18
2019-04-04 15:54:47,-3.469446951953614e-18
2019-04-04 15:54:48,-3.469446951953614e-18
2019-04-04 15:54:49,-3.469446951953614e-18
2019-04-04 15:54:50,-3.469446951953614e-18
2019-04-04 15:54:51,-3.469446951953614e-18
2019-04-04 15:54:52,-3.469446951953614e-18
2019-04-04 15:54:53,-3.469446951953614e-18
2019-04-04 15:54:54,-3.469446951953614e-18
2019-04-04 15:54:55,-3.469446951953614e-18
2019-04-04 15:54:56,-3.469446951953614e-18
2019-04-04 15:54:57,-3.469446951953614e-18
2019-04-04 15:54:58,-3.469446951953614e-18
2019-04-04 15:54:59,-3.469446951953614e-18
2019-04-04 15:55:00,-3.469446951953614e-18
2019-04-04 15:55:01,-3.469446951953614e-18
2019-04-04 15:55:02,-3.469446951953614e-18
2019-04-04 15:55:03,-3.469446951953614e-18
2019-04-04 15:55:04,-3.469446951953614e-18
2019-04-04 15:55:05,-3.469446951953614e-18
2019-04-04 15:55:06,-3.469446951953614e-18
2019-04-04 15:55:07,-3.469446951953614e-18
2019-04-04 15:55:08,-3.469446951953614e-18
2019-04-04 15:55:09,-3.469446951953614e-18
2019-04-04 15:55:10,-3.469446951953614e-18
2019-04-04 15:55:11,-3.469446951953614e-18
2019-04-04 15:55:12,-3.469446951953614e-18
2019-04-04 15:55:13,-3.469446951953614e-18
2019-04-04 15:55:14,-3.469446951953614e-18
2019-04-04 15:55:15,-3.469446951953614e-18
2019-04-04 15:55:16,-3.469446951953614e-18
2019-04-04 15:55:17,-3.469446951953614e-18
2019-04-04 15:55:18,-3.469446951953614e-18
2019-04-04 15:55:19,-3.469446951953614e-18
2019-04-04 15:55:20,-3.469446951953614e-18
2019-04-04 15:55:21,-3.469446951953614e-18
2019-04-04 15:55:22,-3.469446951953614e-18
2019-04-04 15:55:23,-3.469446951953614e-18
2019-04-04 15:55:24,-3.469446951953614e-18
2019-04-04 15:55:25,-3.469446951953614e-18
2019-04-04 15:55:26,-3.469446951953614e-18
2019-04-04 15:55:27,-3.469446951953614e-18
2019-04-04 15:55:28,-3.469446951953614e-18
2019-04-04 15:55:29,-3.469446951953614e-18
2019-04-04 15:55:30,-3.469446951953614e-18
2019-04-04 15:55:31,-3.469446951953614e-18
2019-04-04 15:55:32,-3.469446951953614e-18
2019-04-04 15:55:33,-3.469446951953614e-18
2019-04-04 15:55:34,-3.469446951953614e-18
2019-04-04 15:55:35,-3.469446951953614e-18
2019-04-04 15:55:36,-3.469446951953614e-18
2019-04-04 15:55:37,-3.469446951953614e-18
2019-04-04 15:55:38,-3.469446951953614e-18
2019-04-04 15:55:39,-3.469446951953614e-18
2019-04-04 15:55:40,-3.469446951953614e-18
2019-04-04 15:55:41,-3.469446951953614e-18
2019-04-04 15:55:42,-3.469446951953614e-18
2019-04-04 15:55:43,-3.469446951953614e-18
2019-04-04 15:55:44,-3.469446951953614e-18
2019-04-04 15:55:45,-3.469446951953614e-18
2019-04-04 15:55:46,-3.469446951953614e-18
2019-04-04 15:55:47,-3.469446951953614e-18
2019-04-04 15:55:48,-3.469446951953614e-18
2019-04-04 15:55:49,-3.469446951953614e-18
2019-04-04 15:55:50,-3.469446951953614e-18
2019-04-04 15:55:51,-3.469446951953614e-18
2019-04-04 15:55:52,-3.469446951953614e-18
2019-04-04 15:55:53,-3.469446951953614e-18
2019-04-04 15:55:54,-3.469446951953614e-18
2019-04-04 15:55:55,-3.469446951953614e-18
2019-04-04 15:55:56,-3.469446951953614e-18
2019-04-04 15:55:57,-3.469446951953614e-18
2019-04-04 15:55:58,-3.469446951953614e-18
2019-04-04 15:55:59,-3.469446951953614e-18
2019-04-04 15:56:00,-3.469446951953614e-18
2019-04-04 15:56:01,-3.469446951953614e-18
2019-04-04 15:56:02,-3.469446951953614e-18
2019-04-04 15:56:03,-3.469446951953614e-18
2019-04-04 15:56:04,-3.469446951953614e-18
2019-04-04 15:56:05,-3.469446951953614e-18
2019-04-04 15:56:06,-3.469446951953614e-18
2019-04-04 15:56:07,-3.469446951953614e-18
2019-04-04 15:56:08,-3.469446951953614e-18
2019-04-04 15:56:09,-3.469446951953614e-18
2019-04-04 15:56:10,-3.469446951953614e-18
2019-04-04 15:56:11,-3.469446951953614e-18
2019-04-04 15:56:12,-3.469446951953614e-18
2019-04-04 15:56:13,-3.469446951953614e-18
2019-04-04 15:56:14,-3.469446951953614e-18
2019-04-04 15:56:15,-3.469446951953614e-18
2019-04-04 15:56:16,-3.469446951953614e-18
2019-04-04 15:56:17,-3.469446951953614e-18
2019-04-04 15:56:18,-3.469446951953614e-18
2019-04-04 15:56:19,-3.469446951953614e-18
2019-04-04 15:56:20,-3.469446951953614e-18
2019-04-04 15:56:21,-3.469446951953614e-18
2019-04-04 15:56:22,-3.469446951953614e-18
2019-04-04 15:56:23,-3.469446951953614e-18
2019-04-04 15:56:24,-3.469446951953614e-18
2019-04-04 15:56:25,-3.469446951953614e-18
2019-04-04 15:56:26,-3.469446951953614e-18
2019-04-04 15:56:27,-3.469446951953614e-18
2019-04-04 15:56:28,-3.469446951953614e-18
2019-04-04 15:56:29,-3.469446951953614e-18
2019-04-04 15:56:30,-3.469446951953614e-18
2019-04-04 15:56:31,-3.469446951953614e-18
2019-04-04 15:56:32,-3.469446951953614e-18
2019-04-04 15:56:33,-3.469446951953614e-18
2019-04-04 15:56:34,-3.469446951953614e-18
2019-04-04 15:56:35,-3.469446951953614e-18
2019-04-04 15:56:36,-3.469446951953614e-18
2019-04-04 15:56:37,-3.469446951953614e-18
2019-04-04 15:56:38,-3.469446951953614e-18
2019-04-04 15:56:39,-3.469446951953614e-18
2019-04-04 15:56:40,-3.469446951953614e-18
2019-04-04 15:56:41,-3.469446951953614e-18
2019-04-04 15:56:42,-3.469446951953614e-18
2019-04-04 15:56:43,-3.469446951953614e-18
2019-04-04 15:56:44,-3.469446951953614e-18
2019-04-04 15:56:45,-3.469446951953614e-18
2019-04-04 15:56:46,-3.469446951953614e-18
2019-04-04 15:56:47,-3.469446951953614e-18
2019-04-04 15:56:48,-3.469446951953614e-18
2019-04-04 15:56:49,-3.469446951953614e-18
2019-04-04 15:56:50,-3.469446951953614e-18
2019-04-04 15:56:51,-3.469446951953614e-18
2019-04-04 15:56:52,-3.469446951953614e-18
2019-04-04 15:56:53,-3.469446951953614e-18
2019-04-04 15:56:54,-3.469446951953614e-18
2019-04-04 15:56:55,-3.469446951953614e-18
2019-04-04 15:56:56,-3.469446951953614e-18
2019-04-04 15:56:57,-3.469446951953614e-18
2019-04-04 15:56:58,-3.469446951953614e-18
2019-04-04 15:56:59,-3.469446951953614e-18
2019-04-04 15:57:00,-3.469446951953614e-18
2019-04-04 15:57:01,-3.469446951953614e-18
2019-04-04 15:57:02,-3.469446951953614e-18
2019-04-04 15:57:03,-3.469446951953614e-18
2019-04-04 15:57:04,-3.469446951953614e-18
2019-04-04 15:57:05,-3.469446951953614e-18
2019-04-04 15:57:06,-3.469446951953614e-18
2019-04-04 15:57:07,-3.469446951953614e-18
2019-04-04 15:57:08,-3.469446951953614e-18
2019-04-04 15:57:09,-3.469446951953614e-18
2019-04-04 15:57:10,-3.469446951953614e-18
2019-04-04 15:57:11,-3.469446951953614e-18
2019-04-04 15:57:12,-3.469446951953614e-18
2019-04-04 15:57:13,-3.469446951953614e-18
2019-04-04 15:57:14,-3.469446951953614e-18
2019-04-04 15:57:15,-3.469446951953614e-18
2019-04-04 15:57:16,-3.469446951953614e-18
2019-04-04 15:57:17,-3.469446951953614e-18
2019-04-04 15:57:18,-3.469446951953614e-18
2019-04-04 15:57:19,-3.469446951953614e-18
2019-04-04 15:57:20,-3.469446951953614e-18
2019-04-04 15:57:21,-3.469446951953614e-18
2019-04-04 15:57:22,-3.469446951953614e-18
2019-04-04 15:57:23,-3.469446951953614e-18
2019-04-04 15:57:24,-3.469446951953614e-18
2019-04-04 15:57:25,-3.469446951953614e-18
2019-04-04 15:57:26,-3.469446951953614e-18
2019-04-04 15:57:27,-3.469446951953614e-18
2019-04-04 15:57:28,-3.469446951953614e-18
2019-04-04 15:57:29,-3.469446951953614e-18
2019-04-04 15:57:30,-3.469446951953614e-18
2019-04-04 15:57:31,-3.469446951953614e-18
2019-04-04 15:57:32,-3.469446951953614e-18
2019-04-04 15:57:33,-3.469446951953614e-18
2019-04-04 15:57:34,-3.469446951953614e-18
2019-04-04 15:57:35,-3.469446951953614e-18
2019-04-04 15:57:36,-3.469446951953614e-18
2019-04-04 15:57:37,-3.469446951953614e-18
2019-04-04 15:57:38,-3.469446951953614e-18
2019-04-04 15:57:39,-3.469446951953614e-18
2019-04-04 15:57:40,-3.469446951953614e-18
2019-04-04 15:57:41,-3.469446951953614e-18
2019-04-04 15:57:42,-3.469446951953614e-18
2019-04-04 15:57:43,-3.469446951953614e-18
2019-04-04 15:57:44,-3.469446951953614e-18
2019-04-04 15:57:45,-3.469446951953614e-18
2019-04-04 15:57:46,-3.469446951953614e-18
2019-04-04 15:57:47,-3.469446951953614e-18
2019-04-04 15:57:48,-3.469446951953614e-18
2019-04-04 15:57:49,-3.469446951953614e-18
2019-04-04 15:57:50,-3.469446951953614e-18
2019-04-04 15:57:51,-3.469446951953614e-18
2019-04-04 15:57:52,-3.469446951953614e-18
2019-04-04 15:57:53,-3.469446951953614e-18
2019-04-04 15:57:54,-3.469446951953614e-18
2019-04-04 15:57:55,-3.469446951953614e-18
2019-04-04 15:57:56,-3.469446951953614e-18
2019-04-04 15:57:57,-3.469446951953614e-18
2019-04-04 15:57:58,-3.469446951953614e-18
2019-04-04 15:57:59,-3.469446951953614e-18
2019-04-04 15:58:00,-3.469446951953614e-18
2019-04-04 15:58:01,-3.469446951953614e-18
2019-04-04 15:58:02,-3.469446951953614e-18
2019-04-04 15:58:03,-3.469446951953614e-18
2019-04-04 15:58:04,-3.469446951953614e-18
2019-04-04 15:58:05,-3.469446951953614e-18
2019-04-04 15:58:06,-3.469446951953614e-18
2019-04-04 15:58:07,-3.469446951953614e-18
2019-04-04 15:58:08,-3.469446951953614e-18
2019-04-04 15:58:09,-3.469446951953614e-18
2019-04-04 15:58:10,-3.469446951953614e-18
2019-04-04 15:58:11,-3.469446951953614e-18
2019-04-04 15:58:12,-3.469446951953614e-18
2019-04-04 15:58:13,-3.469446951953614e-18
2019-04-04 15:58:14,-3.469446951953614e-18
2019-04-04 15:58:15,-3.469446951953614e-18
2019-04-04 15:58:16,-3.469446951953614e-18
2019-04-04 15:58:17,-3.469446951953614e-18
2019-04-04 15:58:18,-3.469446951953614e-18
2019-04-04 15:58:19,-3.469446951953614e-18
2019-04-04 15:58:20,-3.469446951953614e-18
2019-04-04 15:58:21,-3.469446951953614e-18
2019-04-04 15:58:22,-3.469446951953614e-18
2019-04-04 15:58:23,-3.469446951953614e-18
2019-04-04 15:58:24,-3.469446951953614e-18
2019-04-04 15:58:25,-3.469446951953614e-18
2019-04-04 15:58:26,-3.469446951953614e-18
2019-04-04 15:58:27,-3.469446951953614e-18
2019-04-04 15:58:28,-3.469446951953614e-18
2019-04-04 15:58:29,-3.469446951953614e-18
2019-04-04 15:58:30,-3.469446951953614e-18
2019-04-04 15:58:31,-3.469446951953614e-18
2019-04-04 15:58:32,-3.469446951953614e-18
2019-04-04 15:58:33,-3.469446951953614e-18
2019-04-04 15:58:34,-3.469446951953614e-18
2019-04-04 15:58:35,-3.469446951953614e-18
2019-04-04 15:58:36,-3.469446951953614e-18
2019-04-04 15:58:37,-3.469446951953614e-18
2019-04-04 15:58:38,-3.469446951953614e-18
2019-04-04 15:58:39,-3.469446951953614e-18
2019-04-04 15:58:40,-3.469446951953614e-18
2019-04-04 15:58:41,-3.469446951953614e-18
2019-04-04 15:58:42,-3.469446951953614e-18
2019-04-04 15:58:43,-3.469446951953614e-18
2019-04-04 15:58:44,-3.469446951953614e-18
2019-04-04 15:58:45,-3.469446951953614e-18
2019-04-04 15:58:46,-3.469446951953614e-18
2019-04-04 15:58:47,-3.469446951953614e-18
2019-04-04 15:58:48,-3.469446951953614e-18
2019-04-04 15:58:49,-3.469446951953614e-18
2019-04-04 15:58:50,-3.469446951953614e-18
2019-04-04 15:58:51,-3.469446951953614e-18
2019-04-04 15:58:52,-3.469446951953614e-18
2019-04-04 15:58:53,-3.469446951953614e-18
2019-04-04 15:58:54,-3.469446951953614e-18
2019-04-04 15:58:55,-3.469446951953614e-18
2019-04-04 15:58:56,-3.469446951953614e-18
2019-04-04 15:58:57,-3.469446951953614e-18
2019-04-04 15:58:58,-3.469446951953614e-18
2019-04-04 15:58:59,-3.469446951953614e-18
2019-04-04 15:59:00,-3.469446951953614e-18
2019-04-04 15:59:01,-3.469446951953614e-18
2019-04-04 15:59:02,-3.469446951953614e-18
2019-04-04 15:59:03,-3.469446951953614e-18
2019-04-04 15:59:04,-3.469446951953614e-18
2019-04-04 15:59:05,-0.0005641025641026556
2019-04-04 15:59:06,-0.0018974358974361977
2019-04-04 15:59:07,-0.0018974358974361977
2019-04-04 15:59:08,-0.0018974358974361977
2019-04-04 15:59:09,-0.0018974358974361977
2019-04-04 15:59:10,-0.0013333333333335438
2019-04-04 15:59:11,-3.469446951953614e-18
2019-04-04 15:59:12,-3.469446951953614e-18
2019-04-04 15:59:13,-3.469446951953614e-18
2019-04-04 15:59:14,-3.469446951953614e-18
2019-04-04 15:59:15,-3.469446951953614e-18
2019-04-04 15:59:16,-3.469446951953614e-18
2019-04-04 15:59:17,-3.469446951953614e-18
2019-04-04 15:59:18,-0.000600000000000097
2019-04-04 15:59:19,-0.000600000000000097
2019-04-04 15:59:20,-0.000600000000000097
2019-04-04 15:59:21,-0.000600000000000097
2019-04-04 15:59:22,-0.000600000000000097
2019-04-04 15:59:23,-3.469446951953614e-18
2019-04-04 15:59:24,-3.469446951953614e-18
2019-04-04 15:59:25,-3.469446951953614e-18
2019-04-04 15:59:26,-3.469446951953614e-18
2019-04-04 15:59:27,-3.469446951953614e-18
2019-04-04 15:59:28,-3.469446951953614e-18
2019-04-04 15:59:29,-3.469446951953614e-18
2019-04-04 15:59:30,0.008666666666668016
2019-04-04 15:59:31,-0.001733333333333609
2019-04-04 15:59:32,-0.0019555555555558664
2019-04-04 15:59:33,-0.0019555555555558664
2019-04-04 15:59:34,-0.0019555555555558664
2019-04-04 15:59:35,-0.0006222222222223243
2019-04-04 15:59:36,-0.00022222222222226078
2019-04-04 15:59:37,-3.469446951953614e-18
2019-04-04 15:59:38,-3.469446951953614e-18
2019-04-04 15:59:39,-3.469446951953614e-18
2019-04-04 15:59:40,-3.469446951953614e-18
2019-04-04 15:59:41,-3.469446951953614e-18
2019-04-04 15:59:42,-3.469446951953614e-18
2019-04-04 15:59:43,-3.469446951953614e-18
2019-04-04 15:59:44,-3.469446951953614e-18
2019-04-04 15:59:45,-3.469446951953614e-18
2019-04-04 15:59:46,-3.469446951953614e-18
2019-04-04 15:59:47,-3.469446951953614e-18
2019-04-04 15:59:48,-3.469446951953614e-18
2019-04-04 15:59:49,-3.469446951953614e-18
2019-04-04 15:59:50,-3.469446951953614e-18
2019-04-04 15:59:51,-3.469446951953614e-18
2019-04-04 15:59:52,-3.469446951953614e-18
2019-04-04 15:59:53,-3.469446951953614e-18
2019-04-04 15:59:54,-3.469446951953614e-18
2019-04-04 15:59:55,-3.469446951953614e-18
2019-04-04 15:59:56,-3.469446951953614e-18
2019-04-04 15:59:57,-3.469446951953614e-18
2019-04-04 15:59:58,-3.469446951953614e-18
2019-04-04 15:59:59,-3.469446951953614e-18
